sample_id,dataset,category_or_subset,image_path,model_name,detector_name,crop_x1,crop_y1,crop_x2,crop_y2,pose_detector_status,inference_status,inference_time_ms,num_returned_keypoints,mean_raw_confidence,median_raw_confidence,num_below_vis_threshold,num_above_vis_threshold,vis_threshold,keypoints_inside_mask_rate,failure_reason
sample_0001,ScienceDB,BCS_3.25,D:\cattle-health-monitoring-multi-task-model\datasets\bcs\sciencedb_bcs\dataset\3.25\GS_1652_1.jpg,hrnet_w32,fasterrcnn_resnet50_fpn_v2,335,0,933,576,detector_detected,pose_output_returned,893.25,39,0.1349,0.1147,33,6,0.2,,
sample_0002,ScienceDB,BCS_3.25,D:\cattle-health-monitoring-multi-task-model\datasets\bcs\sciencedb_bcs\dataset\3.25\GS_2331_8.jpg,hrnet_w32,fasterrcnn_resnet50_fpn_v2,170,0,600,576,detector_detected,pose_output_returned,493.91,39,0.1264,0.1177,33,6,0.2,,
sample_0003,ScienceDB,BCS_3.25,D:\cattle-health-monitoring-multi-task-model\datasets\bcs\sciencedb_bcs\dataset\3.25\GS_2127_4.jpg,hrnet_w32,fasterrcnn_resnet50_fpn_v2,0,1,1024,576,detector_detected,pose_output_returned,531.04,39,0.2033,0.112,26,13,0.2,,
sample_0004,ScienceDB,BCS_3.25,D:\cattle-health-monitoring-multi-task-model\datasets\bcs\sciencedb_bcs\dataset\3.25\GS_934_2.jpg,hrnet_w32,fasterrcnn_resnet50_fpn_v2,,,,,not_run,upstream_localization_failure,0.0,0,,,0,0,0.2,,RT-DETR-L did not provide target-cow crop
sample_0005,ScienceDB,BCS_3.25,D:\cattle-health-monitoring-multi-task-model\datasets\bcs\sciencedb_bcs\dataset\3.25\GS_2779_1.jpg,hrnet_w32,fasterrcnn_resnet50_fpn_v2,0,0,618,576,detector_no_detection,pose_detector_failure,411.91,0,,,0,0,0.2,,SuperAnimal internal detector found 0 cows in crop
sample_0006,ScienceDB,BCS_3.25,D:\cattle-health-monitoring-multi-task-model\datasets\bcs\sciencedb_bcs\dataset\3.25\YM_1367_2.jpg,hrnet_w32,fasterrcnn_resnet50_fpn_v2,280,66,750,572,detector_detected,pose_output_returned,452.17,39,0.1523,0.1348,30,9,0.2,,
sample_0007,ScienceDB,BCS_3.25,D:\cattle-health-monitoring-multi-task-model\datasets\bcs\sciencedb_bcs\dataset\3.25\GS_3070_4.jpg,hrnet_w32,fasterrcnn_resnet50_fpn_v2,0,0,1024,576,detector_detected,pose_output_returned,533.14,39,0.0762,0.0617,37,2,0.2,,
sample_0008,ScienceDB,BCS_3.25,D:\cattle-health-monitoring-multi-task-model\datasets\bcs\sciencedb_bcs\dataset\3.25\YM_864_4.jpg,hrnet_w32,fasterrcnn_resnet50_fpn_v2,532,0,903,576,detector_detected,pose_output_returned,526.45,39,0.0725,0.0527,37,2,0.2,,
sample_0009,ScienceDB,BCS_3.25,D:\cattle-health-monitoring-multi-task-model\datasets\bcs\sciencedb_bcs\dataset\3.25\YM_862_1.jpg,hrnet_w32,fasterrcnn_resnet50_fpn_v2,497,0,927,575,detector_detected,pose_output_returned,493.14,39,0.1083,0.0995,36,3,0.2,,
sample_0010,ScienceDB,BCS_3.25,D:\cattle-health-monitoring-multi-task-model\datasets\bcs\sciencedb_bcs\dataset\3.25\GS_1059_4.jpg,hrnet_w32,fasterrcnn_resnet50_fpn_v2,12,0,828,576,detector_detected,pose_output_returned,507.53,39,0.1255,0.0988,32,7,0.2,,
sample_0011,ScienceDB,BCS_3.25,D:\cattle-health-monitoring-multi-task-model\datasets\bcs\sciencedb_bcs\dataset\3.25\GS_2009_1.jpg,hrnet_w32,fasterrcnn_resnet50_fpn_v2,256,0,890,576,detector_detected,pose_output_returned,455.46,39,0.1041,0.0901,33,6,0.2,,
sample_0012,ScienceDB,BCS_3.25,D:\cattle-health-monitoring-multi-task-model\datasets\bcs\sciencedb_bcs\dataset\3.25\YM_1857_1.jpg,hrnet_w32,fasterrcnn_resnet50_fpn_v2,289,71,634,572,detector_detected,pose_output_returned,516.24,39,0.1369,0.1036,28,11,0.2,,
sample_0013,ScienceDB,BCS_3.25,D:\cattle-health-monitoring-multi-task-model\datasets\bcs\sciencedb_bcs\dataset\3.25\GS_2361_8.jpg,hrnet_w32,fasterrcnn_resnet50_fpn_v2,237,0,833,576,detector_detected,pose_output_returned,442.79,39,0.202,0.1542,24,15,0.2,,
sample_0014,ScienceDB,BCS_3.25,D:\cattle-health-monitoring-multi-task-model\datasets\bcs\sciencedb_bcs\dataset\3.25\YM_1704_1.jpg,hrnet_w32,fasterrcnn_resnet50_fpn_v2,391,79,693,475,detector_detected,pose_output_returned,487.91,39,0.121,0.0772,30,9,0.2,,
sample_0015,ScienceDB,BCS_3.25,D:\cattle-health-monitoring-multi-task-model\datasets\bcs\sciencedb_bcs\dataset\3.25\GS_1751_1.jpg,hrnet_w32,fasterrcnn_resnet50_fpn_v2,132,0,810,576,detector_detected,pose_output_returned,467.22,39,0.1698,0.1354,26,13,0.2,,
sample_0016,ScienceDB,BCS_3.25,D:\cattle-health-monitoring-multi-task-model\datasets\bcs\sciencedb_bcs\dataset\3.25\GS_942_2.jpg,hrnet_w32,fasterrcnn_resnet50_fpn_v2,220,0,1023,576,detector_detected,pose_output_returned,504.28,39,0.1342,0.1136,31,8,0.2,,
sample_0017,ScienceDB,BCS_3.25,D:\cattle-health-monitoring-multi-task-model\datasets\bcs\sciencedb_bcs\dataset\3.25\GS_1166_4.jpg,hrnet_w32,fasterrcnn_resnet50_fpn_v2,0,1,1023,576,detector_detected,pose_output_returned,530.33,39,0.0978,0.0633,36,3,0.2,,
sample_0018,ScienceDB,BCS_3.25,D:\cattle-health-monitoring-multi-task-model\datasets\bcs\sciencedb_bcs\dataset\3.25\YM_1785_8.jpg,hrnet_w32,fasterrcnn_resnet50_fpn_v2,271,87,689,550,detector_detected,pose_output_returned,459.1,39,0.1554,0.1303,26,13,0.2,,
sample_0019,ScienceDB,BCS_3.25,D:\cattle-health-monitoring-multi-task-model\datasets\bcs\sciencedb_bcs\dataset\3.25\GS_1169_2.jpg,hrnet_w32,fasterrcnn_resnet50_fpn_v2,200,0,844,576,detector_detected,pose_output_returned,454.04,39,0.0815,0.0603,35,4,0.2,,
sample_0020,ScienceDB,BCS_3.25,D:\cattle-health-monitoring-multi-task-model\datasets\bcs\sciencedb_bcs\dataset\3.25\YM_372_2.jpg,hrnet_w32,fasterrcnn_resnet50_fpn_v2,375,0,784,574,detector_detected,pose_output_returned,504.66,39,0.1658,0.1647,27,12,0.2,,
sample_0021,ScienceDB,BCS_3.5,D:\cattle-health-monitoring-multi-task-model\datasets\bcs\sciencedb_bcs\dataset\3.5\YM_1724_4.jpg,hrnet_w32,fasterrcnn_resnet50_fpn_v2,266,90,607,571,detector_detected,pose_output_returned,502.81,39,0.1475,0.1015,28,11,0.2,,
sample_0022,ScienceDB,BCS_3.5,D:\cattle-health-monitoring-multi-task-model\datasets\bcs\sciencedb_bcs\dataset\3.5\GS_1215_4.jpg,hrnet_w32,fasterrcnn_resnet50_fpn_v2,204,0,815,576,detector_no_detection,pose_detector_failure,410.24,0,,,0,0,0.2,,SuperAnimal internal detector found 0 cows in crop
sample_0023,ScienceDB,BCS_3.5,D:\cattle-health-monitoring-multi-task-model\datasets\bcs\sciencedb_bcs\dataset\3.5\YM_1011_1.jpg,hrnet_w32,fasterrcnn_resnet50_fpn_v2,460,0,919,574,detector_detected,pose_output_returned,479.63,39,0.1327,0.0964,30,9,0.2,,
sample_0024,ScienceDB,BCS_3.5,D:\cattle-health-monitoring-multi-task-model\datasets\bcs\sciencedb_bcs\dataset\3.5\GS_1857_4.jpg,hrnet_w32,fasterrcnn_resnet50_fpn_v2,263,0,1023,576,detector_detected,pose_output_returned,495.4,39,0.0905,0.0783,37,2,0.2,,
sample_0025,ScienceDB,BCS_3.5,D:\cattle-health-monitoring-multi-task-model\datasets\bcs\sciencedb_bcs\dataset\3.5\GS_1781_4.jpg,hrnet_w32,fasterrcnn_resnet50_fpn_v2,173,0,743,576,detector_detected,pose_output_returned,450.79,39,0.083,0.0638,36,3,0.2,,
sample_0026,ScienceDB,BCS_3.5,D:\cattle-health-monitoring-multi-task-model\datasets\bcs\sciencedb_bcs\dataset\3.5\YM_574_1.jpg,hrnet_w32,fasterrcnn_resnet50_fpn_v2,458,0,942,574,detector_detected,pose_output_returned,471.84,39,0.1387,0.0942,31,8,0.2,,
sample_0027,ScienceDB,BCS_3.5,D:\cattle-health-monitoring-multi-task-model\datasets\bcs\sciencedb_bcs\dataset\3.5\GS_635_1.jpg,hrnet_w32,fasterrcnn_resnet50_fpn_v2,277,0,967,576,detector_detected,pose_output_returned,464.59,39,0.1372,0.1107,32,7,0.2,,
sample_0028,ScienceDB,BCS_3.5,D:\cattle-health-monitoring-multi-task-model\datasets\bcs\sciencedb_bcs\dataset\3.5\YM_1259_1.jpg,hrnet_w32,fasterrcnn_resnet50_fpn_v2,405,0,876,574,detector_detected,pose_output_returned,480.58,39,0.1927,0.1458,25,14,0.2,,
sample_0029,ScienceDB,BCS_3.5,D:\cattle-health-monitoring-multi-task-model\datasets\bcs\sciencedb_bcs\dataset\3.5\YM_1422_8.jpg,hrnet_w32,fasterrcnn_resnet50_fpn_v2,392,55,668,574,detector_detected,pose_output_returned,520.28,39,0.13,0.1035,32,7,0.2,,
sample_0030,ScienceDB,BCS_3.5,D:\cattle-health-monitoring-multi-task-model\datasets\bcs\sciencedb_bcs\dataset\3.5\GS_3170_5.jpg,hrnet_w32,fasterrcnn_resnet50_fpn_v2,201,0,827,576,detector_detected,pose_output_returned,453.92,39,0.1553,0.1102,30,9,0.2,,
sample_0031,ScienceDB,BCS_3.5,D:\cattle-health-monitoring-multi-task-model\datasets\bcs\sciencedb_bcs\dataset\3.5\YM_2015_2.jpg,hrnet_w32,fasterrcnn_resnet50_fpn_v2,473,61,755,574,detector_detected,pose_output_returned,518.09,39,0.177,0.1073,26,13,0.2,,
sample_0032,ScienceDB,BCS_3.5,D:\cattle-health-monitoring-multi-task-model\datasets\bcs\sciencedb_bcs\dataset\3.5\YM_2002_1.jpg,hrnet_w32,fasterrcnn_resnet50_fpn_v2,398,93,673,570,detector_detected,pose_output_returned,523.96,39,0.1248,0.1044,33,6,0.2,,
sample_0033,ScienceDB,BCS_3.5,D:\cattle-health-monitoring-multi-task-model\datasets\bcs\sciencedb_bcs\dataset\3.5\YM_621_1.jpg,hrnet_w32,fasterrcnn_resnet50_fpn_v2,421,0,816,575,detector_detected,pose_output_returned,515.4,39,0.1273,0.1235,33,6,0.2,,
sample_0034,ScienceDB,BCS_3.5,D:\cattle-health-monitoring-multi-task-model\datasets\bcs\sciencedb_bcs\dataset\3.5\GS_2192_8.jpg,hrnet_w32,fasterrcnn_resnet50_fpn_v2,186,0,1023,576,detector_detected,pose_output_returned,516.35,39,0.1901,0.1705,26,13,0.2,,
sample_0035,ScienceDB,BCS_3.5,D:\cattle-health-monitoring-multi-task-model\datasets\bcs\sciencedb_bcs\dataset\3.5\YM_1571_2.jpg,hrnet_w32,fasterrcnn_resnet50_fpn_v2,260,100,616,573,detector_detected,pose_output_returned,488.78,39,0.0942,0.0754,35,4,0.2,,
sample_0036,ScienceDB,BCS_3.5,D:\cattle-health-monitoring-multi-task-model\datasets\bcs\sciencedb_bcs\dataset\3.5\GS_886_4.jpg,hrnet_w32,fasterrcnn_resnet50_fpn_v2,292,6,854,575,detector_detected,pose_output_returned,446.36,39,0.1209,0.1033,34,5,0.2,,
sample_0037,ScienceDB,BCS_3.5,D:\cattle-health-monitoring-multi-task-model\datasets\bcs\sciencedb_bcs\dataset\3.5\YM_478_2.jpg,hrnet_w32,fasterrcnn_resnet50_fpn_v2,486,0,889,574,detector_detected,pose_output_returned,504.71,39,0.1625,0.128,31,8,0.2,,
sample_0038,ScienceDB,BCS_3.5,D:\cattle-health-monitoring-multi-task-model\datasets\bcs\sciencedb_bcs\dataset\3.5\YM_1906_1.jpg,hrnet_w32,fasterrcnn_resnet50_fpn_v2,333,75,652,574,detector_detected,pose_output_returned,534.09,39,0.1088,0.0793,31,8,0.2,,
sample_0039,ScienceDB,BCS_3.5,D:\cattle-health-monitoring-multi-task-model\datasets\bcs\sciencedb_bcs\dataset\3.5\GS_3181_8.jpg,hrnet_w32,fasterrcnn_resnet50_fpn_v2,1,0,1024,576,detector_detected,pose_output_returned,535.78,39,0.1377,0.0618,28,11,0.2,,
sample_0040,ScienceDB,BCS_3.5,D:\cattle-health-monitoring-multi-task-model\datasets\bcs\sciencedb_bcs\dataset\3.5\GS_1129_2.jpg,hrnet_w32,fasterrcnn_resnet50_fpn_v2,0,0,1024,576,detector_detected,pose_output_returned,535.06,39,0.0975,0.0745,34,5,0.2,,
sample_0041,ScienceDB,BCS_3.75,D:\cattle-health-monitoring-multi-task-model\datasets\bcs\sciencedb_bcs\dataset\3.75\GS_1461_2.jpg,hrnet_w32,fasterrcnn_resnet50_fpn_v2,,,,,not_run,upstream_localization_failure,0.0,0,,,0,0,0.2,,RT-DETR-L did not provide target-cow crop
sample_0042,ScienceDB,BCS_3.75,D:\cattle-health-monitoring-multi-task-model\datasets\bcs\sciencedb_bcs\dataset\3.75\GS_1272_2.jpg,hrnet_w32,fasterrcnn_resnet50_fpn_v2,,,,,not_run,upstream_localization_failure,0.0,0,,,0,0,0.2,,RT-DETR-L did not provide target-cow crop
sample_0043,ScienceDB,BCS_3.75,D:\cattle-health-monitoring-multi-task-model\datasets\bcs\sciencedb_bcs\dataset\3.75\R-i10959.jpg,hrnet_w32,fasterrcnn_resnet50_fpn_v2,244,0,862,576,detector_detected,pose_output_returned,451.79,39,0.1956,0.1644,25,14,0.2,,
sample_0044,ScienceDB,BCS_3.75,D:\cattle-health-monitoring-multi-task-model\datasets\bcs\sciencedb_bcs\dataset\3.75\GS_1499_8.jpg,hrnet_w32,fasterrcnn_resnet50_fpn_v2,210,0,715,576,detector_detected,pose_output_returned,465.31,39,0.0838,0.0547,37,2,0.2,,
sample_0045,ScienceDB,BCS_3.75,D:\cattle-health-monitoring-multi-task-model\datasets\bcs\sciencedb_bcs\dataset\3.75\GS_3294_5.jpg,hrnet_w32,fasterrcnn_resnet50_fpn_v2,115,0,701,576,detector_detected,pose_output_returned,446.19,39,0.0817,0.0595,36,3,0.2,,
sample_0046,ScienceDB,BCS_3.75,D:\cattle-health-monitoring-multi-task-model\datasets\bcs\sciencedb_bcs\dataset\3.75\YM_1765_2.jpg,hrnet_w32,fasterrcnn_resnet50_fpn_v2,285,64,609,572,detector_detected,pose_output_returned,535.78,39,0.2082,0.1815,24,15,0.2,,
sample_0047,ScienceDB,BCS_3.75,D:\cattle-health-monitoring-multi-task-model\datasets\bcs\sciencedb_bcs\dataset\3.75\GS_281_1.jpg,hrnet_w32,fasterrcnn_resnet50_fpn_v2,,,,,not_run,upstream_localization_failure,0.0,0,,,0,0,0.2,,RT-DETR-L did not provide target-cow crop
sample_0048,ScienceDB,BCS_3.75,D:\cattle-health-monitoring-multi-task-model\datasets\bcs\sciencedb_bcs\dataset\3.75\YM_252_1.jpg,hrnet_w32,fasterrcnn_resnet50_fpn_v2,316,1,786,575,detector_detected,pose_output_returned,487.11,39,0.1627,0.1064,23,16,0.2,,
sample_0049,ScienceDB,BCS_3.75,D:\cattle-health-monitoring-multi-task-model\datasets\bcs\sciencedb_bcs\dataset\3.75\GS_1460_2.jpg,hrnet_w32,fasterrcnn_resnet50_fpn_v2,0,0,859,576,detector_detected,pose_output_returned,525.61,39,0.0982,0.0784,36,3,0.2,,
sample_0050,ScienceDB,BCS_3.75,D:\cattle-health-monitoring-multi-task-model\datasets\bcs\sciencedb_bcs\dataset\3.75\YM_262_1.jpg,hrnet_w32,fasterrcnn_resnet50_fpn_v2,403,0,802,575,detector_detected,pose_output_returned,514.13,39,0.1058,0.0787,33,6,0.2,,
sample_0051,ScienceDB,BCS_3.75,D:\cattle-health-monitoring-multi-task-model\datasets\bcs\sciencedb_bcs\dataset\3.75\YM_301_2.jpg,hrnet_w32,fasterrcnn_resnet50_fpn_v2,514,0,867,575,detector_detected,pose_output_returned,542.81,39,0.1669,0.1209,25,14,0.2,,
sample_0052,ScienceDB,BCS_3.75,D:\cattle-health-monitoring-multi-task-model\datasets\bcs\sciencedb_bcs\dataset\3.75\YM_654_2.jpg,hrnet_w32,fasterrcnn_resnet50_fpn_v2,492,0,882,575,detector_detected,pose_output_returned,513.09,39,0.1165,0.1059,34,5,0.2,,
sample_0053,ScienceDB,BCS_3.75,D:\cattle-health-monitoring-multi-task-model\datasets\bcs\sciencedb_bcs\dataset\3.75\R-i7301.jpg,hrnet_w32,fasterrcnn_resnet50_fpn_v2,186,0,807,576,detector_detected,pose_output_returned,452.33,39,0.1881,0.1181,27,12,0.2,,
sample_0054,ScienceDB,BCS_3.75,D:\cattle-health-monitoring-multi-task-model\datasets\bcs\sciencedb_bcs\dataset\3.75\GS_1815_1.jpg,hrnet_w32,fasterrcnn_resnet50_fpn_v2,0,0,1024,576,detector_no_detection,pose_detector_failure,489.6,0,,,0,0,0.2,,SuperAnimal internal detector found 0 cows in crop
sample_0055,ScienceDB,BCS_3.75,D:\cattle-health-monitoring-multi-task-model\datasets\bcs\sciencedb_bcs\dataset\3.75\GS_3286_2.jpg,hrnet_w32,fasterrcnn_resnet50_fpn_v2,21,0,725,576,detector_no_detection,pose_detector_failure,433.88,0,,,0,0,0.2,,SuperAnimal internal detector found 0 cows in crop
sample_0056,ScienceDB,BCS_3.75,D:\cattle-health-monitoring-multi-task-model\datasets\bcs\sciencedb_bcs\dataset\3.75\GS_2597_8.jpg,hrnet_w32,fasterrcnn_resnet50_fpn_v2,,,,,not_run,upstream_localization_failure,0.0,0,,,0,0,0.2,,RT-DETR-L did not provide target-cow crop
sample_0057,ScienceDB,BCS_3.75,D:\cattle-health-monitoring-multi-task-model\datasets\bcs\sciencedb_bcs\dataset\3.75\GS_291_2.jpg,hrnet_w32,fasterrcnn_resnet50_fpn_v2,0,1,1024,576,detector_detected,pose_output_returned,531.3,39,0.0826,0.05,35,4,0.2,,
sample_0058,ScienceDB,BCS_3.75,D:\cattle-health-monitoring-multi-task-model\datasets\bcs\sciencedb_bcs\dataset\3.75\GS_1806_2.jpg,hrnet_w32,fasterrcnn_resnet50_fpn_v2,0,0,1024,576,detector_detected,pose_output_returned,532.24,39,0.1371,0.109,26,13,0.2,,
sample_0059,ScienceDB,BCS_3.75,D:\cattle-health-monitoring-multi-task-model\datasets\bcs\sciencedb_bcs\dataset\3.75\GS_2163_1.jpg,hrnet_w32,fasterrcnn_resnet50_fpn_v2,,,,,not_run,upstream_localization_failure,0.0,0,,,0,0,0.2,,RT-DETR-L did not provide target-cow crop
sample_0060,ScienceDB,BCS_3.75,D:\cattle-health-monitoring-multi-task-model\datasets\bcs\sciencedb_bcs\dataset\3.75\GS_55_3.jpg,hrnet_w32,fasterrcnn_resnet50_fpn_v2,0,0,1024,576,detector_detected,pose_output_returned,532.27,39,0.075,0.0522,37,2,0.2,,
sample_0061,ScienceDB,BCS_4.0,D:\cattle-health-monitoring-multi-task-model\datasets\bcs\sciencedb_bcs\dataset\4.0\GS_328_4.jpg,hrnet_w32,fasterrcnn_resnet50_fpn_v2,0,0,1024,576,detector_detected,pose_output_returned,533.67,39,0.1168,0.0641,30,9,0.2,,
sample_0062,ScienceDB,BCS_4.0,D:\cattle-health-monitoring-multi-task-model\datasets\bcs\sciencedb_bcs\dataset\4.0\GS_540_2.jpg,hrnet_w32,fasterrcnn_resnet50_fpn_v2,244,0,839,576,detector_no_detection,pose_detector_failure,404.51,0,,,0,0,0.2,,SuperAnimal internal detector found 0 cows in crop
sample_0063,ScienceDB,BCS_4.0,D:\cattle-health-monitoring-multi-task-model\datasets\bcs\sciencedb_bcs\dataset\4.0\YM_289_1.jpg,hrnet_w32,fasterrcnn_resnet50_fpn_v2,363,0,770,574,detector_detected,pose_output_returned,507.11,39,0.1069,0.0895,35,4,0.2,,
sample_0064,ScienceDB,BCS_4.0,D:\cattle-health-monitoring-multi-task-model\datasets\bcs\sciencedb_bcs\dataset\4.0\YM_1459_2.jpg,hrnet_w32,fasterrcnn_resnet50_fpn_v2,292,60,661,573,detector_detected,pose_output_returned,501.1,39,0.1118,0.0796,34,5,0.2,,
sample_0065,ScienceDB,BCS_4.0,D:\cattle-health-monitoring-multi-task-model\datasets\bcs\sciencedb_bcs\dataset\4.0\YM_1981_1.jpg,hrnet_w32,fasterrcnn_resnet50_fpn_v2,234,1,639,571,detector_detected,pose_output_returned,505.29,39,0.2077,0.1165,24,15,0.2,,
sample_0066,ScienceDB,BCS_4.0,D:\cattle-health-monitoring-multi-task-model\datasets\bcs\sciencedb_bcs\dataset\4.0\GS_853_2.jpg,hrnet_w32,fasterrcnn_resnet50_fpn_v2,0,1,1024,576,detector_detected,pose_output_returned,531.07,39,0.0732,0.0656,37,2,0.2,,
sample_0067,ScienceDB,BCS_4.0,D:\cattle-health-monitoring-multi-task-model\datasets\bcs\sciencedb_bcs\dataset\4.0\YM_1356_1.jpg,hrnet_w32,fasterrcnn_resnet50_fpn_v2,358,18,732,571,detector_detected,pose_output_returned,513.09,39,0.1149,0.087,32,7,0.2,,
sample_0068,ScienceDB,BCS_4.0,D:\cattle-health-monitoring-multi-task-model\datasets\bcs\sciencedb_bcs\dataset\4.0\GS_3041_4.jpg,hrnet_w32,fasterrcnn_resnet50_fpn_v2,204,0,800,576,detector_detected,pose_output_returned,446.37,39,0.1289,0.0699,31,8,0.2,,
sample_0069,ScienceDB,BCS_4.0,D:\cattle-health-monitoring-multi-task-model\datasets\bcs\sciencedb_bcs\dataset\4.0\GS_2821_2.jpg,hrnet_w32,fasterrcnn_resnet50_fpn_v2,69,0,1023,576,detector_no_detection,pose_detector_failure,507.99,0,,,0,0,0.2,,SuperAnimal internal detector found 0 cows in crop
sample_0070,ScienceDB,BCS_4.0,D:\cattle-health-monitoring-multi-task-model\datasets\bcs\sciencedb_bcs\dataset\4.0\R-i7065.jpg,hrnet_w32,fasterrcnn_resnet50_fpn_v2,40,0,839,576,detector_detected,pose_output_returned,507.15,39,0.2072,0.1366,22,17,0.2,,
sample_0071,ScienceDB,BCS_4.0,D:\cattle-health-monitoring-multi-task-model\datasets\bcs\sciencedb_bcs\dataset\4.0\GS_1212_8.jpg,hrnet_w32,fasterrcnn_resnet50_fpn_v2,0,0,1024,576,detector_detected,pose_output_returned,533.18,39,0.0994,0.0786,34,5,0.2,,
sample_0072,ScienceDB,BCS_4.0,D:\cattle-health-monitoring-multi-task-model\datasets\bcs\sciencedb_bcs\dataset\4.0\GS_576_1.jpg,hrnet_w32,fasterrcnn_resnet50_fpn_v2,64,0,675,576,detector_detected,pose_output_returned,451.13,39,0.1012,0.0872,36,3,0.2,,
sample_0073,ScienceDB,BCS_4.0,D:\cattle-health-monitoring-multi-task-model\datasets\bcs\sciencedb_bcs\dataset\4.0\YM_1092_8.jpg,hrnet_w32,fasterrcnn_resnet50_fpn_v2,403,270,948,572,detector_no_detection,pose_detector_failure,484.54,0,,,0,0,0.2,,SuperAnimal internal detector found 0 cows in crop
sample_0074,ScienceDB,BCS_4.0,D:\cattle-health-monitoring-multi-task-model\datasets\bcs\sciencedb_bcs\dataset\4.0\YM_206_8.jpg,hrnet_w32,fasterrcnn_resnet50_fpn_v2,297,0,1021,575,detector_detected,pose_output_returned,480.85,39,0.098,0.0673,33,6,0.2,,
sample_0075,ScienceDB,BCS_4.0,D:\cattle-health-monitoring-multi-task-model\datasets\bcs\sciencedb_bcs\dataset\4.0\GS_3317_2.jpg,hrnet_w32,fasterrcnn_resnet50_fpn_v2,0,0,1024,576,detector_detected,pose_output_returned,531.83,39,0.1254,0.0748,29,10,0.2,,
sample_0076,ScienceDB,BCS_4.0,D:\cattle-health-monitoring-multi-task-model\datasets\bcs\sciencedb_bcs\dataset\4.0\YM_728_2.jpg,hrnet_w32,fasterrcnn_resnet50_fpn_v2,515,0,866,575,detector_detected,pose_output_returned,543.5,39,0.1845,0.1299,25,14,0.2,,
sample_0077,ScienceDB,BCS_4.0,D:\cattle-health-monitoring-multi-task-model\datasets\bcs\sciencedb_bcs\dataset\4.0\YM_1467_2.jpg,hrnet_w32,fasterrcnn_resnet50_fpn_v2,287,69,645,573,detector_detected,pose_output_returned,505.44,39,0.1263,0.1313,35,4,0.2,,
sample_0078,ScienceDB,BCS_4.0,D:\cattle-health-monitoring-multi-task-model\datasets\bcs\sciencedb_bcs\dataset\4.0\GS_472_2.jpg,hrnet_w32,fasterrcnn_resnet50_fpn_v2,0,0,956,576,detector_detected,pose_output_returned,547.45,39,0.0915,0.0614,33,6,0.2,,
sample_0079,ScienceDB,BCS_4.0,D:\cattle-health-monitoring-multi-task-model\datasets\bcs\sciencedb_bcs\dataset\4.0\YM_819_2.jpg,hrnet_w32,fasterrcnn_resnet50_fpn_v2,0,0,770,575,detector_detected,pose_output_returned,494.32,39,0.1685,0.1418,26,13,0.2,,
sample_0080,ScienceDB,BCS_4.0,D:\cattle-health-monitoring-multi-task-model\datasets\bcs\sciencedb_bcs\dataset\4.0\GS_2286_8.jpg,hrnet_w32,fasterrcnn_resnet50_fpn_v2,189,0,723,576,detector_detected,pose_output_returned,453.24,39,0.1207,0.1012,32,7,0.2,,
sample_0081,ScienceDB,BCS_4.25,D:\cattle-health-monitoring-multi-task-model\datasets\bcs\sciencedb_bcs\dataset\4.25\GS_500_2.jpg,hrnet_w32,fasterrcnn_resnet50_fpn_v2,268,0,795,576,detector_detected,pose_output_returned,458.91,39,0.1141,0.0744,34,5,0.2,,
sample_0082,ScienceDB,BCS_4.25,D:\cattle-health-monitoring-multi-task-model\datasets\bcs\sciencedb_bcs\dataset\4.25\YM_1144_8.jpg,hrnet_w32,fasterrcnn_resnet50_fpn_v2,486,1,887,571,detector_detected,pose_output_returned,505.73,39,0.1566,0.0953,27,12,0.2,,
sample_0083,ScienceDB,BCS_4.25,D:\cattle-health-monitoring-multi-task-model\datasets\bcs\sciencedb_bcs\dataset\4.25\GS_2916_4.jpg,hrnet_w32,fasterrcnn_resnet50_fpn_v2,,,,,not_run,upstream_localization_failure,0.0,0,,,0,0,0.2,,RT-DETR-L did not provide target-cow crop
sample_0084,ScienceDB,BCS_4.25,D:\cattle-health-monitoring-multi-task-model\datasets\bcs\sciencedb_bcs\dataset\4.25\YM_682_4.jpg,hrnet_w32,fasterrcnn_resnet50_fpn_v2,368,0,834,575,detector_detected,pose_output_returned,478.3,39,0.1687,0.1406,26,13,0.2,,
sample_0085,ScienceDB,BCS_4.25,D:\cattle-health-monitoring-multi-task-model\datasets\bcs\sciencedb_bcs\dataset\4.25\YM_1201_1.jpg,hrnet_w32,fasterrcnn_resnet50_fpn_v2,420,0,904,575,detector_detected,pose_output_returned,470.23,39,0.1573,0.1425,27,12,0.2,,
sample_0086,ScienceDB,BCS_4.25,D:\cattle-health-monitoring-multi-task-model\datasets\bcs\sciencedb_bcs\dataset\4.25\GS_801_2.jpg,hrnet_w32,fasterrcnn_resnet50_fpn_v2,0,0,1024,576,detector_detected,pose_output_returned,531.28,39,0.0784,0.0492,36,3,0.2,,
sample_0087,ScienceDB,BCS_4.25,D:\cattle-health-monitoring-multi-task-model\datasets\bcs\sciencedb_bcs\dataset\4.25\GS_303_5.jpg,hrnet_w32,fasterrcnn_resnet50_fpn_v2,0,0,1024,576,detector_no_detection,pose_detector_failure,486.69,0,,,0,0,0.2,,SuperAnimal internal detector found 0 cows in crop
sample_0088,ScienceDB,BCS_4.25,D:\cattle-health-monitoring-multi-task-model\datasets\bcs\sciencedb_bcs\dataset\4.25\GS_144_1.jpg,hrnet_w32,fasterrcnn_resnet50_fpn_v2,165,0,1024,576,detector_detected,pose_output_returned,519.72,39,0.0903,0.0686,36,3,0.2,,
sample_0089,ScienceDB,BCS_4.25,D:\cattle-health-monitoring-multi-task-model\datasets\bcs\sciencedb_bcs\dataset\4.25\GS_3033_8.jpg,hrnet_w32,fasterrcnn_resnet50_fpn_v2,0,0,1024,576,detector_detected,pose_output_returned,533.73,39,0.1162,0.0728,31,8,0.2,,
sample_0090,ScienceDB,BCS_4.25,D:\cattle-health-monitoring-multi-task-model\datasets\bcs\sciencedb_bcs\dataset\4.25\L-i414.jpg,hrnet_w32,fasterrcnn_resnet50_fpn_v2,106,0,965,576,detector_detected,pose_output_returned,517.1,39,0.1262,0.1002,33,6,0.2,,
sample_0091,ScienceDB,BCS_4.25,D:\cattle-health-monitoring-multi-task-model\datasets\bcs\sciencedb_bcs\dataset\4.25\GS_1603_1.jpg,hrnet_w32,fasterrcnn_resnet50_fpn_v2,196,0,880,576,detector_detected,pose_output_returned,471.05,39,0.1697,0.1426,24,15,0.2,,
sample_0092,ScienceDB,BCS_4.25,D:\cattle-health-monitoring-multi-task-model\datasets\bcs\sciencedb_bcs\dataset\4.25\GS_2473_1.jpg,hrnet_w32,fasterrcnn_resnet50_fpn_v2,207,0,868,576,detector_detected,pose_output_returned,477.21,39,0.1035,0.0725,36,3,0.2,,
sample_0093,ScienceDB,BCS_4.25,D:\cattle-health-monitoring-multi-task-model\datasets\bcs\sciencedb_bcs\dataset\4.25\YM_13_2.jpg,hrnet_w32,fasterrcnn_resnet50_fpn_v2,356,0,676,537,detector_detected,pose_output_returned,558.5,39,0.1697,0.1483,30,9,0.2,,
sample_0094,ScienceDB,BCS_4.25,D:\cattle-health-monitoring-multi-task-model\datasets\bcs\sciencedb_bcs\dataset\4.25\YM_246_1.jpg,hrnet_w32,fasterrcnn_resnet50_fpn_v2,370,0,1002,576,detector_detected,pose_output_returned,466.06,39,0.2482,0.2408,13,26,0.2,,
sample_0095,ScienceDB,BCS_4.25,D:\cattle-health-monitoring-multi-task-model\datasets\bcs\sciencedb_bcs\dataset\4.25\GS_3165_1.jpg,hrnet_w32,fasterrcnn_resnet50_fpn_v2,206,0,754,576,detector_detected,pose_output_returned,461.4,39,0.0758,0.0629,38,1,0.2,,
sample_0096,ScienceDB,BCS_4.25,D:\cattle-health-monitoring-multi-task-model\datasets\bcs\sciencedb_bcs\dataset\4.25\YM_815_2.jpg,hrnet_w32,fasterrcnn_resnet50_fpn_v2,368,0,996,574,detector_detected,pose_output_returned,462.89,39,0.0949,0.0775,34,5,0.2,,
sample_0097,ScienceDB,BCS_4.25,D:\cattle-health-monitoring-multi-task-model\datasets\bcs\sciencedb_bcs\dataset\4.25\GS_1445_1.jpg,hrnet_w32,fasterrcnn_resnet50_fpn_v2,0,0,1023,576,detector_detected,pose_output_returned,541.4,39,0.2241,0.1684,20,19,0.2,,
sample_0098,ScienceDB,BCS_4.25,D:\cattle-health-monitoring-multi-task-model\datasets\bcs\sciencedb_bcs\dataset\4.25\GS_2602_4.jpg,hrnet_w32,fasterrcnn_resnet50_fpn_v2,220,0,818,576,detector_detected,pose_output_returned,445.71,39,0.0881,0.0693,36,3,0.2,,
sample_0099,ScienceDB,BCS_4.25,D:\cattle-health-monitoring-multi-task-model\datasets\bcs\sciencedb_bcs\dataset\4.25\GS_1119_2.jpg,hrnet_w32,fasterrcnn_resnet50_fpn_v2,193,0,951,576,detector_detected,pose_output_returned,492.75,39,0.1699,0.0537,26,13,0.2,,
sample_0100,ScienceDB,BCS_4.25,D:\cattle-health-monitoring-multi-task-model\datasets\bcs\sciencedb_bcs\dataset\4.25\YM_723_8.jpg,hrnet_w32,fasterrcnn_resnet50_fpn_v2,521,1,839,539,detector_detected,pose_output_returned,545.53,39,0.0991,0.0722,35,4,0.2,,
sample_0101,MmCows,Behavior_Lying,datasets/behavior/mmcows/cropped_bboxes/behaviors/7/1690305476_12-17-56_2_2.jpg,hrnet_w32,fasterrcnn_resnet50_fpn_v2,,,,,not_run,upstream_localization_failure,0.0,0,,,0,0,0.2,,RT-DETR-L did not provide target-cow crop
sample_0102,MmCows,Behavior_Lying,datasets/behavior/mmcows/cropped_bboxes/behaviors/7/1690315496_15-04-56_3_2.jpg,hrnet_w32,fasterrcnn_resnet50_fpn_v2,,,,,not_run,upstream_localization_failure,0.0,0,,,0,0,0.2,,RT-DETR-L did not provide target-cow crop
sample_0103,MmCows,Behavior_Lying,datasets/behavior/mmcows/cropped_bboxes/behaviors/7/1690294961_09-22-41_13_1.jpg,hrnet_w32,fasterrcnn_resnet50_fpn_v2,,,,,not_run,upstream_localization_failure,0.0,0,,,0,0,0.2,,RT-DETR-L did not provide target-cow crop
sample_0104,MmCows,Behavior_Lying,datasets/behavior/mmcows/cropped_bboxes/behaviors/7/1690310816_13-46-56_1_4.jpg,hrnet_w32,fasterrcnn_resnet50_fpn_v2,60,12,273,157,detector_detected,pose_output_returned,509.7,39,0.1693,0.1571,26,13,0.2,,
sample_0105,MmCows,Behavior_Lying,datasets/behavior/mmcows/cropped_bboxes/behaviors/7/1690344881_23-14-41_6_3.jpg,hrnet_w32,fasterrcnn_resnet50_fpn_v2,0,0,500,321,detector_detected,pose_output_returned,523.69,39,0.1132,0.0749,33,6,0.2,,
sample_0106,MmCows,Behavior_Lying,datasets/behavior/mmcows/cropped_bboxes/behaviors/7/1690330451_19-14-11_3_3.jpg,hrnet_w32,fasterrcnn_resnet50_fpn_v2,,,,,not_run,upstream_localization_failure,0.0,0,,,0,0,0.2,,RT-DETR-L did not provide target-cow crop
sample_0107,MmCows,Behavior_Lying,datasets/behavior/mmcows/cropped_bboxes/behaviors/7/1690345676_23-27-56_4_2.jpg,hrnet_w32,fasterrcnn_resnet50_fpn_v2,315,63,433,162,detector_detected,pose_output_returned,463.33,39,0.2266,0.1936,22,17,0.2,,
sample_0108,MmCows,Behavior_Lying,datasets/behavior/mmcows/cropped_bboxes/behaviors/7/1690284566_06-29-26_9_4.jpg,hrnet_w32,fasterrcnn_resnet50_fpn_v2,,,,,not_run,upstream_localization_failure,0.0,0,,,0,0,0.2,,RT-DETR-L did not provide target-cow crop
sample_0109,MmCows,Behavior_Lying,datasets/behavior/mmcows/cropped_bboxes/behaviors/7/1690283996_06-19-56_2_4.jpg,hrnet_w32,fasterrcnn_resnet50_fpn_v2,407,0,519,155,detector_detected,pose_output_returned,497.23,39,0.2268,0.1779,22,17,0.2,,
sample_0110,MmCows,Behavior_Lying,datasets/behavior/mmcows/cropped_bboxes/behaviors/7/1690299986_10-46-26_3_3.jpg,hrnet_w32,fasterrcnn_resnet50_fpn_v2,0,0,398,309,detector_detected,pose_output_returned,490.21,39,0.0824,0.0601,37,2,0.2,,
sample_0111,MmCows,Behavior_Lying,datasets/behavior/mmcows/cropped_bboxes/behaviors/7/1690298591_10-23-11_11_2.jpg,hrnet_w32,fasterrcnn_resnet50_fpn_v2,1,0,538,372,detector_detected,pose_output_returned,513.12,39,0.1,0.0838,36,3,0.2,,
sample_0112,MmCows,Behavior_Lying,datasets/behavior/mmcows/cropped_bboxes/behaviors/7/1690312031_14-07-11_5_1.jpg,hrnet_w32,fasterrcnn_resnet50_fpn_v2,268,0,639,207,detector_no_detection,pose_detector_failure,484.75,0,,,0,0,0.2,,SuperAnimal internal detector found 0 cows in crop
sample_0113,MmCows,Behavior_Lying,datasets/behavior/mmcows/cropped_bboxes/behaviors/7/1690335761_20-42-41_2_1.jpg,hrnet_w32,fasterrcnn_resnet50_fpn_v2,5,0,572,184,detector_no_detection,pose_detector_failure,385.82,0,,,0,0,0.2,,SuperAnimal internal detector found 0 cows in crop
sample_0114,MmCows,Behavior_Lying,datasets/behavior/mmcows/cropped_bboxes/behaviors/7/1690337426_21-10-26_7_2.jpg,hrnet_w32,fasterrcnn_resnet50_fpn_v2,0,0,386,218,detector_detected,pose_output_returned,522.64,39,0.1277,0.0849,31,8,0.2,,
sample_0115,MmCows,Behavior_Lying,datasets/behavior/mmcows/cropped_bboxes/behaviors/7/1690316036_15-13-56_1_2.jpg,hrnet_w32,fasterrcnn_resnet50_fpn_v2,,,,,not_run,upstream_localization_failure,0.0,0,,,0,0,0.2,,RT-DETR-L did not provide target-cow crop
sample_0116,MmCows,Behavior_Lying,datasets/behavior/mmcows/cropped_bboxes/behaviors/7/1690307051_12-44-11_3_1.jpg,hrnet_w32,fasterrcnn_resnet50_fpn_v2,,,,,not_run,upstream_localization_failure,0.0,0,,,0,0,0.2,,RT-DETR-L did not provide target-cow crop
sample_0117,MmCows,Behavior_Standing,datasets/behavior/mmcows/cropped_bboxes/behaviors/2/1690281116_05-31-56_2_4.jpg,hrnet_w32,fasterrcnn_resnet50_fpn_v2,3,1,944,580,detector_detected,pose_output_returned,549.38,39,0.0974,0.0638,34,5,0.2,,
sample_0118,MmCows,Behavior_Standing,datasets/behavior/mmcows/cropped_bboxes/behaviors/2/1690309196_13-19-56_8_2.jpg,hrnet_w32,fasterrcnn_resnet50_fpn_v2,107,28,445,359,detector_no_detection,pose_detector_failure,401.07,0,,,0,0,0.2,,SuperAnimal internal detector found 0 cows in crop
sample_0119,MmCows,Behavior_Standing,datasets/behavior/mmcows/cropped_bboxes/behaviors/2/1690300991_11-03-11_5_2.jpg,hrnet_w32,fasterrcnn_resnet50_fpn_v2,0,0,156,201,detector_detected,pose_output_returned,488.1,39,0.1261,0.0895,31,8,0.2,,
sample_0120,MmCows,Behavior_Standing,datasets/behavior/mmcows/cropped_bboxes/behaviors/2/1690290731_08-12-11_6_2.jpg,hrnet_w32,fasterrcnn_resnet50_fpn_v2,0,0,367,182,detector_detected,pose_output_returned,496.44,39,0.2302,0.2126,18,21,0.2,,
sample_0121,MmCows,Behavior_Standing,datasets/behavior/mmcows/cropped_bboxes/behaviors/2/1690320956_16-35-56_5_2.jpg,hrnet_w32,fasterrcnn_resnet50_fpn_v2,0,0,229,63,detector_no_detection,pose_detector_failure,364.33,0,,,0,0,0.2,,SuperAnimal internal detector found 0 cows in crop
sample_0122,MmCows,Behavior_Standing,datasets/behavior/mmcows/cropped_bboxes/behaviors/2/1690299146_10-32-26_2_4.jpg,hrnet_w32,fasterrcnn_resnet50_fpn_v2,16,12,716,450,detector_detected,pose_output_returned,531.74,39,0.3367,0.3433,10,29,0.2,,
sample_0123,MmCows,Behavior_Standing,datasets/behavior/mmcows/cropped_bboxes/behaviors/2/1690282286_05-51-26_2_4.jpg,hrnet_w32,fasterrcnn_resnet50_fpn_v2,4,7,877,689,detector_detected,pose_output_returned,484.35,39,0.283,0.2809,16,23,0.2,,
sample_0124,MmCows,Behavior_Standing,datasets/behavior/mmcows/cropped_bboxes/behaviors/2/1690335386_20-36-26_12_3.jpg,hrnet_w32,fasterrcnn_resnet50_fpn_v2,0,23,471,367,detector_detected,pose_output_returned,497.12,39,0.2305,0.1467,23,16,0.2,,
sample_0125,MmCows,Behavior_Standing,datasets/behavior/mmcows/cropped_bboxes/behaviors/2/1690314776_14-52-56_15_1.jpg,hrnet_w32,fasterrcnn_resnet50_fpn_v2,4,0,918,585,detector_detected,pose_output_returned,532.6,39,0.4013,0.3094,12,27,0.2,,
sample_0126,MmCows,Behavior_Standing,datasets/behavior/mmcows/cropped_bboxes/behaviors/2/1690294136_09-08-56_16_1.jpg,hrnet_w32,fasterrcnn_resnet50_fpn_v2,0,0,931,550,detector_detected,pose_output_returned,551.24,39,0.4625,0.5022,8,31,0.2,,
sample_0127,MmCows,Behavior_Standing,datasets/behavior/mmcows/cropped_bboxes/behaviors/2/1690338086_21-21-26_13_4.jpg,hrnet_w32,fasterrcnn_resnet50_fpn_v2,2,2,480,346,detector_no_detection,pose_detector_failure,456.98,0,,,0,0,0.2,,SuperAnimal internal detector found 0 cows in crop
sample_0128,MmCows,Behavior_Standing,datasets/behavior/mmcows/cropped_bboxes/behaviors/2/1690344101_23-01-41_13_1.jpg,hrnet_w32,fasterrcnn_resnet50_fpn_v2,0,0,539,411,detector_detected,pose_output_returned,495.17,39,0.1647,0.1075,27,12,0.2,,
sample_0129,MmCows,Behavior_Standing,datasets/behavior/mmcows/cropped_bboxes/behaviors/2/1690335686_20-41-26_4_4.jpg,hrnet_w32,fasterrcnn_resnet50_fpn_v2,0,1,427,218,detector_no_detection,pose_detector_failure,465.81,0,,,0,0,0.2,,SuperAnimal internal detector found 0 cows in crop
sample_0130,MmCows,Behavior_Standing,datasets/behavior/mmcows/cropped_bboxes/behaviors/2/1690337426_21-10-26_1_1.jpg,hrnet_w32,fasterrcnn_resnet50_fpn_v2,163,17,508,282,detector_detected,pose_output_returned,489.58,39,0.1024,0.0795,36,3,0.2,,
sample_0131,MmCows,Behavior_Standing,datasets/behavior/mmcows/cropped_bboxes/behaviors/2/1690329146_18-52-26_8_4.jpg,hrnet_w32,fasterrcnn_resnet50_fpn_v2,0,16,402,308,detector_detected,pose_output_returned,500.89,39,0.3791,0.3115,9,30,0.2,,
sample_0132,MmCows,Behavior_Standing,datasets/behavior/mmcows/cropped_bboxes/behaviors/2/1690313636_14-33-56_12_3.jpg,hrnet_w32,fasterrcnn_resnet50_fpn_v2,0,0,247,138,detector_detected,pose_output_returned,526.27,39,0.1976,0.1676,27,12,0.2,,
sample_0133,MmCows,Behavior_Feeding_head_down,datasets/behavior/mmcows/cropped_bboxes/behaviors/4/1690305056_12-10-56_9_1.jpg,hrnet_w32,fasterrcnn_resnet50_fpn_v2,3,0,217,283,detector_no_detection,pose_detector_failure,448.78,0,,,0,0,0.2,,SuperAnimal internal detector found 0 cows in crop
sample_0134,MmCows,Behavior_Feeding_head_down,datasets/behavior/mmcows/cropped_bboxes/behaviors/4/1690276976_04-22-56_10_4.jpg,hrnet_w32,fasterrcnn_resnet50_fpn_v2,0,0,1290,1059,detector_detected,pose_output_returned,493.11,39,0.2273,0.1933,21,18,0.2,,
sample_0135,MmCows,Behavior_Feeding_head_down,datasets/behavior/mmcows/cropped_bboxes/behaviors/4/1690328756_18-45-56_5_2.jpg,hrnet_w32,fasterrcnn_resnet50_fpn_v2,13,1,238,363,detector_detected,pose_output_returned,544.12,39,0.2797,0.1869,21,18,0.2,,
sample_0136,MmCows,Behavior_Feeding_head_down,datasets/behavior/mmcows/cropped_bboxes/behaviors/4/1690322636_17-03-56_5_4.jpg,hrnet_w32,fasterrcnn_resnet50_fpn_v2,20,4,617,473,detector_detected,pose_output_returned,475.31,39,0.2004,0.0885,28,11,0.2,,
sample_0137,MmCows,Behavior_Feeding_head_down,datasets/behavior/mmcows/cropped_bboxes/behaviors/4/1690311131_13-52-11_9_1.jpg,hrnet_w32,fasterrcnn_resnet50_fpn_v2,2,6,210,206,detector_detected,pose_output_returned,444.82,39,0.1328,0.0868,31,8,0.2,,
sample_0138,MmCows,Behavior_Feeding_head_down,datasets/behavior/mmcows/cropped_bboxes/behaviors/4/1690302596_11-29-56_8_2.jpg,hrnet_w32,fasterrcnn_resnet50_fpn_v2,,,,,not_run,upstream_localization_failure,0.0,0,,,0,0,0.2,,RT-DETR-L did not provide target-cow crop
sample_0139,MmCows,Behavior_Feeding_head_down,datasets/behavior/mmcows/cropped_bboxes/behaviors/4/1690306136_12-28-56_9_4.jpg,hrnet_w32,fasterrcnn_resnet50_fpn_v2,21,1,541,549,detector_no_detection,pose_detector_failure,413.02,0,,,0,0,0.2,,SuperAnimal internal detector found 0 cows in crop
sample_0140,MmCows,Behavior_Feeding_head_down,datasets/behavior/mmcows/cropped_bboxes/behaviors/4/1690315811_15-10-11_15_4.jpg,hrnet_w32,fasterrcnn_resnet50_fpn_v2,10,0,500,128,detector_no_detection,pose_detector_failure,357.98,0,,,0,0,0.2,,SuperAnimal internal detector found 0 cows in crop
sample_0141,MmCows,Behavior_Feeding_head_down,datasets/behavior/mmcows/cropped_bboxes/behaviors/4/1690314836_14-53-56_5_2.jpg,hrnet_w32,fasterrcnn_resnet50_fpn_v2,62,2,406,237,detector_detected,pose_output_returned,513.07,39,0.1608,0.0875,28,11,0.2,,
sample_0142,MmCows,Behavior_Feeding_head_down,datasets/behavior/mmcows/cropped_bboxes/behaviors/4/1690329821_19-03-41_12_4.jpg,hrnet_w32,fasterrcnn_resnet50_fpn_v2,0,17,523,430,detector_detected,pose_output_returned,477.35,39,0.2032,0.1047,26,13,0.2,,
sample_0143,MmCows,Behavior_Feeding_head_down,datasets/behavior/mmcows/cropped_bboxes/behaviors/4/1690325291_17-48-11_15_3.jpg,hrnet_w32,fasterrcnn_resnet50_fpn_v2,102,1,634,648,detector_detected,pose_output_returned,480.21,39,0.1417,0.0927,34,5,0.2,,
sample_0144,MmCows,Behavior_Feeding_head_down,datasets/behavior/mmcows/cropped_bboxes/behaviors/4/1690319366_16-09-26_2_4.jpg,hrnet_w32,fasterrcnn_resnet50_fpn_v2,0,2,934,856,detector_no_detection,pose_detector_failure,421.58,0,,,0,0,0.2,,SuperAnimal internal detector found 0 cows in crop
sample_0145,MmCows,Behavior_Feeding_head_down,datasets/behavior/mmcows/cropped_bboxes/behaviors/4/1690289276_07-47-56_1_4.jpg,hrnet_w32,fasterrcnn_resnet50_fpn_v2,0,1,956,423,detector_no_detection,pose_detector_failure,441.58,0,,,0,0,0.2,,SuperAnimal internal detector found 0 cows in crop
sample_0146,MmCows,Behavior_Feeding_head_down,datasets/behavior/mmcows/cropped_bboxes/behaviors/4/1690296266_09-44-26_1_2.jpg,hrnet_w32,fasterrcnn_resnet50_fpn_v2,21,9,213,343,detector_detected,pose_output_returned,522.56,39,0.3354,0.3461,13,26,0.2,,
sample_0147,MmCows,Behavior_Feeding_head_down,datasets/behavior/mmcows/cropped_bboxes/behaviors/4/1690295591_09-33-11_14_2.jpg,hrnet_w32,fasterrcnn_resnet50_fpn_v2,0,0,201,203,detector_detected,pose_output_returned,442.91,39,0.0861,0.044,37,2,0.2,,
sample_0148,MmCows,Behavior_Feeding_head_down,datasets/behavior/mmcows/cropped_bboxes/behaviors/4/1690315316_15-01-56_16_1.jpg,hrnet_w32,fasterrcnn_resnet50_fpn_v2,0,1,159,325,detector_detected,pose_output_returned,504.08,39,0.1008,0.0599,33,6,0.2,,
sample_0149,MmCows,Behavior_Feeding_head_up,datasets/behavior/mmcows/cropped_bboxes/behaviors/3/1690296671_09-51-11_12_2.jpg,hrnet_w32,fasterrcnn_resnet50_fpn_v2,0,3,202,216,detector_no_detection,pose_detector_failure,407.79,0,,,0,0,0.2,,SuperAnimal internal detector found 0 cows in crop
sample_0150,MmCows,Behavior_Feeding_head_up,datasets/behavior/mmcows/cropped_bboxes/behaviors/3/1690334996_20-29-56_3_4.jpg,hrnet_w32,fasterrcnn_resnet50_fpn_v2,2,0,672,330,detector_detected,pose_output_returned,497.95,39,0.101,0.0517,33,6,0.2,,
sample_0151,MmCows,Behavior_Feeding_head_up,datasets/behavior/mmcows/cropped_bboxes/behaviors/3/1690284401_06-26-41_4_3.jpg,hrnet_w32,fasterrcnn_resnet50_fpn_v2,217,3,637,379,detector_no_detection,pose_detector_failure,413.02,0,,,0,0,0.2,,SuperAnimal internal detector found 0 cows in crop
sample_0152,MmCows,Behavior_Feeding_head_up,datasets/behavior/mmcows/cropped_bboxes/behaviors/3/1690329251_18-54-11_12_1.jpg,hrnet_w32,fasterrcnn_resnet50_fpn_v2,0,0,294,319,detector_no_detection,pose_detector_failure,415.13,0,,,0,0,0.2,,SuperAnimal internal detector found 0 cows in crop
sample_0153,MmCows,Behavior_Feeding_head_up,datasets/behavior/mmcows/cropped_bboxes/behaviors/3/1690285901_06-51-41_4_1.jpg,hrnet_w32,fasterrcnn_resnet50_fpn_v2,3,1,463,296,detector_detected,pose_output_returned,521.88,39,0.1813,0.1184,24,15,0.2,,
sample_0154,MmCows,Behavior_Feeding_head_up,datasets/behavior/mmcows/cropped_bboxes/behaviors/3/1690301636_11-13-56_16_4.jpg,hrnet_w32,fasterrcnn_resnet50_fpn_v2,1,16,1119,802,detector_detected,pose_output_returned,515.25,39,0.4716,0.5519,7,32,0.2,,
sample_0155,MmCows,Behavior_Feeding_head_up,datasets/behavior/mmcows/cropped_bboxes/behaviors/3/1690346081_23-34-41_2_1.jpg,hrnet_w32,fasterrcnn_resnet50_fpn_v2,0,0,445,305,detector_detected,pose_output_returned,512.85,39,0.2572,0.1551,21,18,0.2,,
sample_0156,MmCows,Behavior_Feeding_head_up,datasets/behavior/mmcows/cropped_bboxes/behaviors/3/1690293746_09-02-26_11_4.jpg,hrnet_w32,fasterrcnn_resnet50_fpn_v2,0,129,727,449,detector_detected,pose_output_returned,478.51,39,0.121,0.0802,34,5,0.2,,
sample_0157,MmCows,Behavior_Feeding_head_up,datasets/behavior/mmcows/cropped_bboxes/behaviors/3/1690309811_13-30-11_13_4.jpg,hrnet_w32,fasterrcnn_resnet50_fpn_v2,0,0,633,211,detector_no_detection,pose_detector_failure,382.7,0,,,0,0,0.2,,SuperAnimal internal detector found 0 cows in crop
sample_0158,MmCows,Behavior_Feeding_head_up,datasets/behavior/mmcows/cropped_bboxes/behaviors/3/1690287086_07-11-26_7_2.jpg,hrnet_w32,fasterrcnn_resnet50_fpn_v2,0,7,222,181,detector_no_detection,pose_detector_failure,434.19,0,,,0,0,0.2,,SuperAnimal internal detector found 0 cows in crop
sample_0159,MmCows,Behavior_Feeding_head_up,datasets/behavior/mmcows/cropped_bboxes/behaviors/3/1690316486_15-21-26_7_1.jpg,hrnet_w32,fasterrcnn_resnet50_fpn_v2,0,0,258,179,detector_detected,pose_output_returned,510.44,39,0.2984,0.261,17,22,0.2,,
sample_0160,MmCows,Behavior_Feeding_head_up,datasets/behavior/mmcows/cropped_bboxes/behaviors/3/1690272311_03-05-11_5_4.jpg,hrnet_w32,fasterrcnn_resnet50_fpn_v2,0,6,527,337,detector_detected,pose_output_returned,526.48,39,0.1484,0.1221,31,8,0.2,,
sample_0161,MmCows,Behavior_Feeding_head_up,datasets/behavior/mmcows/cropped_bboxes/behaviors/3/1690276211_04-10-11_13_4.jpg,hrnet_w32,fasterrcnn_resnet50_fpn_v2,0,0,805,459,detector_detected,pose_output_returned,528.85,39,0.1408,0.1349,29,10,0.2,,
sample_0162,MmCows,Behavior_Feeding_head_up,datasets/behavior/mmcows/cropped_bboxes/behaviors/3/1690284356_06-25-56_7_4.jpg,hrnet_w32,fasterrcnn_resnet50_fpn_v2,3,15,1438,800,detector_detected,pose_output_returned,534.93,39,0.4175,0.518,16,23,0.2,,
sample_0163,MmCows,Behavior_Feeding_head_up,datasets/behavior/mmcows/cropped_bboxes/behaviors/3/1690328666_18-44-26_12_4.jpg,hrnet_w32,fasterrcnn_resnet50_fpn_v2,1,10,1357,510,detector_detected,pose_output_returned,456.99,39,0.1726,0.1448,27,12,0.2,,
sample_0164,MmCows,Behavior_Feeding_head_up,datasets/behavior/mmcows/cropped_bboxes/behaviors/3/1690273361_03-22-41_13_1.jpg,hrnet_w32,fasterrcnn_resnet50_fpn_v2,1,16,419,432,detector_detected,pose_output_returned,445.91,39,0.3389,0.1886,20,19,0.2,,
sample_0165,MmCows,Behavior_Walking,datasets/behavior/mmcows/cropped_bboxes/behaviors/1/1690321076_16-37-56_16_4.jpg,hrnet_w32,fasterrcnn_resnet50_fpn_v2,147,8,497,344,detector_detected,pose_output_returned,447.66,39,0.0983,0.048,32,7,0.2,,
sample_0166,MmCows,Behavior_Walking,datasets/behavior/mmcows/cropped_bboxes/behaviors/1/1690287011_07-10-11_9_1.jpg,hrnet_w32,fasterrcnn_resnet50_fpn_v2,0,6,548,492,detector_detected,pose_output_returned,462.57,39,0.3961,0.3468,3,36,0.2,,
sample_0167,MmCows,Behavior_Walking,datasets/behavior/mmcows/cropped_bboxes/behaviors/1/1690317071_15-31-11_7_2.jpg,hrnet_w32,fasterrcnn_resnet50_fpn_v2,1,7,385,269,detector_detected,pose_output_returned,510.41,39,0.109,0.094,36,3,0.2,,
sample_0168,MmCows,Behavior_Walking,datasets/behavior/mmcows/cropped_bboxes/behaviors/1/1690320071_16-21-11_9_2.jpg,hrnet_w32,fasterrcnn_resnet50_fpn_v2,2,2,416,378,detector_detected,pose_output_returned,452.4,39,0.1648,0.1566,27,12,0.2,,
sample_0169,MmCows,Behavior_Walking,datasets/behavior/mmcows/cropped_bboxes/behaviors/1/1690337096_21-04-56_4_3.jpg,hrnet_w32,fasterrcnn_resnet50_fpn_v2,17,4,398,408,detector_detected,pose_output_returned,450.57,39,0.2778,0.2584,15,24,0.2,,
sample_0170,MmCows,Behavior_Walking,datasets/behavior/mmcows/cropped_bboxes/behaviors/1/1690277051_04-24-11_6_2.jpg,hrnet_w32,fasterrcnn_resnet50_fpn_v2,9,4,283,243,detector_detected,pose_output_returned,462.0,39,0.2637,0.2072,19,20,0.2,,
sample_0171,MmCows,Behavior_Walking,datasets/behavior/mmcows/cropped_bboxes/behaviors/1/1690289531_07-52-11_5_2.jpg,hrnet_w32,fasterrcnn_resnet50_fpn_v2,0,0,229,124,detector_no_detection,pose_detector_failure,475.46,0,,,0,0,0.2,,SuperAnimal internal detector found 0 cows in crop
sample_0172,MmCows,Behavior_Walking,datasets/behavior/mmcows/cropped_bboxes/behaviors/1/1690306376_12-32-56_6_3.jpg,hrnet_w32,fasterrcnn_resnet50_fpn_v2,0,0,346,252,detector_detected,pose_output_returned,497.28,39,0.2251,0.1809,20,19,0.2,,
sample_0173,MmCows,Behavior_Walking,datasets/behavior/mmcows/cropped_bboxes/behaviors/1/1690273496_03-24-56_13_2.jpg,hrnet_w32,fasterrcnn_resnet50_fpn_v2,0,4,320,113,detector_detected,pose_output_returned,433.33,39,0.3298,0.2599,14,25,0.2,,
sample_0174,MmCows,Behavior_Walking,datasets/behavior/mmcows/cropped_bboxes/behaviors/1/1690300016_10-46-56_10_1.jpg,hrnet_w32,fasterrcnn_resnet50_fpn_v2,2,1,788,566,detector_detected,pose_output_returned,503.82,39,0.5283,0.537,6,33,0.2,,
sample_0175,MmCows,Behavior_Walking,datasets/behavior/mmcows/cropped_bboxes/behaviors/1/1690320506_16-28-26_16_4.jpg,hrnet_w32,fasterrcnn_resnet50_fpn_v2,0,0,531,244,detector_detected,pose_output_returned,486.07,39,0.1281,0.0706,32,7,0.2,,
sample_0176,MmCows,Behavior_Walking,datasets/behavior/mmcows/cropped_bboxes/behaviors/1/1690319861_16-17-41_12_2.jpg,hrnet_w32,fasterrcnn_resnet50_fpn_v2,0,1,240,382,detector_detected,pose_output_returned,529.17,39,0.2134,0.1401,23,16,0.2,,
sample_0177,MmCows,Behavior_Walking,datasets/behavior/mmcows/cropped_bboxes/behaviors/1/1690274411_03-40-11_9_4.jpg,hrnet_w32,fasterrcnn_resnet50_fpn_v2,26,0,687,843,detector_detected,pose_output_returned,487.94,39,0.244,0.1938,20,19,0.2,,
sample_0178,MmCows,Behavior_Walking,datasets/behavior/mmcows/cropped_bboxes/behaviors/1/1690331066_19-24-26_16_4.jpg,hrnet_w32,fasterrcnn_resnet50_fpn_v2,14,7,304,273,detector_detected,pose_output_returned,452.82,39,0.3312,0.3435,12,27,0.2,,
sample_0179,MmCows,Behavior_Drinking,datasets/behavior/mmcows/cropped_bboxes/behaviors/6/1690272791_03-13-11_1_1.jpg,hrnet_w32,fasterrcnn_resnet50_fpn_v2,59,67,967,618,detector_detected,pose_output_returned,547.26,39,0.488,0.566,8,31,0.2,,
sample_0180,MmCows,Behavior_Drinking,datasets/behavior/mmcows/cropped_bboxes/behaviors/6/1690289861_07-57-41_15_4.jpg,hrnet_w32,fasterrcnn_resnet50_fpn_v2,28,18,832,677,detector_detected,pose_output_returned,480.69,39,0.3147,0.1818,20,19,0.2,,
sample_0181,MmCows,Behavior_Drinking,datasets/behavior/mmcows/cropped_bboxes/behaviors/6/1690305881_12-24-41_6_1.jpg,hrnet_w32,fasterrcnn_resnet50_fpn_v2,2,4,412,776,detector_detected,pose_output_returned,521.62,39,0.1692,0.1425,27,12,0.2,,
sample_0182,MmCows,Behavior_Drinking,datasets/behavior/mmcows/cropped_bboxes/behaviors/6/1690301786_11-16-26_10_3.jpg,hrnet_w32,fasterrcnn_resnet50_fpn_v2,,,,,not_run,upstream_localization_failure,0.0,0,,,0,0,0.2,,RT-DETR-L did not provide target-cow crop
sample_0183,MmCows,Behavior_Drinking,datasets/behavior/mmcows/cropped_bboxes/behaviors/6/1690274876_03-47-56_15_1.jpg,hrnet_w32,fasterrcnn_resnet50_fpn_v2,20,6,357,205,detector_no_detection,pose_detector_failure,503.02,0,,,0,0,0.2,,SuperAnimal internal detector found 0 cows in crop
sample_0184,MmCows,Behavior_Drinking,datasets/behavior/mmcows/cropped_bboxes/behaviors/6/1690335191_20-33-11_8_2.jpg,hrnet_w32,fasterrcnn_resnet50_fpn_v2,1,9,673,638,detector_detected,pose_output_returned,453.6,39,0.4487,0.3948,5,34,0.2,,
sample_0185,MmCows,Behavior_Drinking,datasets/behavior/mmcows/cropped_bboxes/behaviors/6/1690303901_11-51-41_3_1.jpg,hrnet_w32,fasterrcnn_resnet50_fpn_v2,5,17,416,672,detector_detected,pose_output_returned,530.85,39,0.3861,0.3665,11,28,0.2,,
sample_0186,MmCows,Behavior_Drinking,datasets/behavior/mmcows/cropped_bboxes/behaviors/6/1690326401_18-06-41_3_3.jpg,hrnet_w32,fasterrcnn_resnet50_fpn_v2,1,23,1139,608,detector_detected,pose_output_returned,513.6,39,0.1901,0.1166,25,14,0.2,,
sample_0187,MmCows,Behavior_Drinking,datasets/behavior/mmcows/cropped_bboxes/behaviors/6/1690309946_13-32-26_12_2.jpg,hrnet_w32,fasterrcnn_resnet50_fpn_v2,0,0,226,282,detector_no_detection,pose_detector_failure,439.84,0,,,0,0,0.2,,SuperAnimal internal detector found 0 cows in crop
sample_0188,MmCows,Behavior_Drinking,datasets/behavior/mmcows/cropped_bboxes/behaviors/6/1690280081_05-14-41_8_2.jpg,hrnet_w32,fasterrcnn_resnet50_fpn_v2,3,4,871,698,detector_detected,pose_output_returned,482.97,39,0.2403,0.0919,24,15,0.2,,
sample_0189,MmCows,Behavior_Drinking,datasets/behavior/mmcows/cropped_bboxes/behaviors/6/1690327586_18-26-26_15_2.jpg,hrnet_w32,fasterrcnn_resnet50_fpn_v2,,,,,not_run,upstream_localization_failure,0.0,0,,,0,0,0.2,,RT-DETR-L did not provide target-cow crop
sample_0190,MmCows,Behavior_Licking,datasets/behavior/mmcows/cropped_bboxes/behaviors/5/1690342541_22-35-41_11_4.jpg,hrnet_w32,fasterrcnn_resnet50_fpn_v2,10,22,288,102,detector_no_detection,pose_detector_failure,363.98,0,,,0,0,0.2,,SuperAnimal internal detector found 0 cows in crop
sample_0191,MmCows,Behavior_Licking,datasets/behavior/mmcows/cropped_bboxes/behaviors/5/1690282391_05-53-11_7_3.jpg,hrnet_w32,fasterrcnn_resnet50_fpn_v2,69,20,1027,1370,detector_no_detection,pose_detector_failure,483.49,0,,,0,0,0.2,,SuperAnimal internal detector found 0 cows in crop
sample_0192,MmCows,Behavior_Licking,datasets/behavior/mmcows/cropped_bboxes/behaviors/5/1690281881_05-44-41_7_2.jpg,hrnet_w32,fasterrcnn_resnet50_fpn_v2,32,26,554,426,detector_detected,pose_output_returned,491.3,39,0.1306,0.1013,33,6,0.2,,
sample_0193,MmCows,Behavior_Licking,datasets/behavior/mmcows/cropped_bboxes/behaviors/5/1690340261_21-57-41_15_3.jpg,hrnet_w32,fasterrcnn_resnet50_fpn_v2,72,9,391,290,detector_detected,pose_output_returned,462.24,39,0.1599,0.1328,29,10,0.2,,
sample_0194,MmCows,Behavior_Licking,datasets/behavior/mmcows/cropped_bboxes/behaviors/5/1690282031_05-47-11_7_2.jpg,hrnet_w32,fasterrcnn_resnet50_fpn_v2,38,25,531,409,detector_detected,pose_output_returned,490.9,39,0.1914,0.1417,26,13,0.2,,
sample_0195,MmCows,Behavior_Licking,datasets/behavior/mmcows/cropped_bboxes/behaviors/5/1690282631_05-57-11_7_2.jpg,hrnet_w32,fasterrcnn_resnet50_fpn_v2,0,1,501,424,detector_detected,pose_output_returned,463.97,39,0.0789,0.0672,37,2,0.2,,
sample_0196,MmCows,Behavior_Licking,datasets/behavior/mmcows/cropped_bboxes/behaviors/5/1690328831_18-47-11_7_4.jpg,hrnet_w32,fasterrcnn_resnet50_fpn_v2,0,21,300,83,detector_no_detection,pose_detector_failure,335.89,0,,,0,0,0.2,,SuperAnimal internal detector found 0 cows in crop
sample_0197,MmCows,Behavior_Licking,datasets/behavior/mmcows/cropped_bboxes/behaviors/5/1690282016_05-46-56_7_2.jpg,hrnet_w32,fasterrcnn_resnet50_fpn_v2,44,24,526,437,detector_detected,pose_output_returned,463.02,39,0.213,0.1878,21,18,0.2,,
sample_0198,MmCows,Behavior_Licking,datasets/behavior/mmcows/cropped_bboxes/behaviors/5/1690282796_05-59-56_7_1.jpg,hrnet_w32,fasterrcnn_resnet50_fpn_v2,15,10,228,197,detector_detected,pose_output_returned,458.07,39,0.3613,0.3307,11,28,0.2,,
sample_0199,MmCows,Behavior_Licking,datasets/behavior/mmcows/cropped_bboxes/behaviors/5/1690282406_05-53-26_7_3.jpg,hrnet_w32,fasterrcnn_resnet50_fpn_v2,85,11,1023,1371,detector_detected,pose_output_returned,532.43,39,0.0877,0.0756,38,1,0.2,,
sample_0200,MmCows,Behavior_Licking,datasets/behavior/mmcows/cropped_bboxes/behaviors/5/1690314896_14-54-56_15_1.jpg,hrnet_w32,fasterrcnn_resnet50_fpn_v2,0,104,910,528,detector_detected,pose_output_returned,490.78,39,0.205,0.1974,20,19,0.2,,
sample_0201,SideViewCows2026,ReID_parlor,datasets/id/external/sideviewcows2026/parlor/images/503/503_0130.jpg,hrnet_w32,fasterrcnn_resnet50_fpn_v2,0,12,690,492,detector_detected,pose_output_returned,504.42,39,0.2468,0.2282,19,20,0.2,0.5897,
sample_0202,SideViewCows2026,ReID_parlor,datasets/id/external/sideviewcows2026/parlor/images/962/962_0113.jpg,hrnet_w32,fasterrcnn_resnet50_fpn_v2,0,9,819,495,detector_detected,pose_output_returned,545.11,39,0.4438,0.4975,11,28,0.2,0.6923,
sample_0203,SideViewCows2026,ReID_parlor,datasets/id/external/sideviewcows2026/parlor/images/733/733_0514.jpg,hrnet_w32,fasterrcnn_resnet50_fpn_v2,0,18,625,548,detector_detected,pose_output_returned,468.93,39,0.2085,0.1071,24,15,0.2,0.4359,
sample_0204,SideViewCows2026,ReID_parlor,datasets/id/external/sideviewcows2026/parlor/images/871/871_0057.jpg,hrnet_w32,fasterrcnn_resnet50_fpn_v2,36,35,741,505,detector_detected,pose_output_returned,528.3,39,0.3221,0.3251,16,23,0.2,0.6923,
sample_0205,SideViewCows2026,ReID_parlor,datasets/id/external/sideviewcows2026/parlor/images/442/442_0333.jpg,hrnet_w32,fasterrcnn_resnet50_fpn_v2,38,14,787,567,detector_detected,pose_output_returned,499.32,39,0.3637,0.2488,18,21,0.2,0.5641,
sample_0206,SideViewCows2026,ReID_parlor,datasets/id/external/sideviewcows2026/parlor/images/275/275_0115.jpg,hrnet_w32,fasterrcnn_resnet50_fpn_v2,24,11,546,444,detector_detected,pose_output_returned,475.41,39,0.249,0.187,22,17,0.2,0.6667,
sample_0207,SideViewCows2026,ReID_parlor,datasets/id/external/sideviewcows2026/parlor/images/733/733_0190.jpg,hrnet_w32,fasterrcnn_resnet50_fpn_v2,109,13,978,529,detector_detected,pose_output_returned,556.98,39,0.1322,0.1192,30,9,0.2,0.6923,
sample_0208,SideViewCows2026,ReID_parlor,datasets/id/external/sideviewcows2026/parlor/images/680/680_0155.jpg,hrnet_w32,fasterrcnn_resnet50_fpn_v2,23,22,885,553,detector_no_detection,pose_detector_failure,525.01,0,,,0,0,0.2,,SuperAnimal internal detector found 0 cows in crop
sample_0209,SideViewCows2026,ReID_parlor,datasets/id/external/sideviewcows2026/parlor/images/887/887_0366.jpg,hrnet_w32,fasterrcnn_resnet50_fpn_v2,1,16,757,533,detector_detected,pose_output_returned,531.12,39,0.3443,0.2926,18,21,0.2,0.7692,
sample_0210,SideViewCows2026,ReID_parlor,datasets/id/external/sideviewcows2026/parlor/images/887/887_0547.jpg,hrnet_w32,fasterrcnn_resnet50_fpn_v2,20,12,906,472,detector_detected,pose_output_returned,518.75,39,0.3633,0.3883,14,25,0.2,0.8974,
sample_0211,SideViewCows2026,ReID_parlor,datasets/id/external/sideviewcows2026/parlor/images/375/375_0152.jpg,hrnet_w32,fasterrcnn_resnet50_fpn_v2,17,15,660,509,detector_detected,pose_output_returned,502.71,39,0.1337,0.1143,31,8,0.2,0.5641,
sample_0212,SideViewCows2026,ReID_parlor,datasets/id/external/sideviewcows2026/parlor/images/444/444_0037.jpg,hrnet_w32,fasterrcnn_resnet50_fpn_v2,0,21,909,526,detector_detected,pose_output_returned,543.23,39,0.425,0.4447,14,25,0.2,0.7436,
sample_0213,SideViewCows2026,ReID_parlor,datasets/id/external/sideviewcows2026/parlor/images/955/955_0413.jpg,hrnet_w32,fasterrcnn_resnet50_fpn_v2,17,13,876,507,detector_detected,pose_output_returned,545.51,39,0.4248,0.3779,5,34,0.2,0.9231,
sample_0214,SideViewCows2026,ReID_parlor,datasets/id/external/sideviewcows2026/parlor/images/828/828_0168.jpg,hrnet_w32,fasterrcnn_resnet50_fpn_v2,15,8,702,459,detector_detected,pose_output_returned,546.9,39,0.3254,0.2868,12,27,0.2,0.5128,
sample_0215,SideViewCows2026,ReID_parlor,datasets/id/external/sideviewcows2026/parlor/images/275/275_0060.jpg,hrnet_w32,fasterrcnn_resnet50_fpn_v2,0,0,791,416,detector_detected,pose_output_returned,528.06,39,0.3252,0.3516,16,23,0.2,0.4615,
sample_0216,SideViewCows2026,ReID_parlor,datasets/id/external/sideviewcows2026/parlor/images/488/488_1058.jpg,hrnet_w32,fasterrcnn_resnet50_fpn_v2,0,11,681,447,detector_detected,pose_output_returned,546.24,39,0.2677,0.224,19,20,0.2,0.7436,
sample_0217,SideViewCows2026,ReID_parlor,datasets/id/external/sideviewcows2026/parlor/images/934/934_0298.jpg,hrnet_w32,fasterrcnn_resnet50_fpn_v2,0,22,794,476,detector_detected,pose_output_returned,545.15,39,0.3075,0.2475,19,20,0.2,0.5128,
sample_0218,SideViewCows2026,ReID_parlor,datasets/id/external/sideviewcows2026/parlor/images/920/920_0061.jpg,hrnet_w32,fasterrcnn_resnet50_fpn_v2,0,21,794,496,detector_detected,pose_output_returned,550.31,39,0.1277,0.0981,31,8,0.2,0.641,
sample_0219,SideViewCows2026,ReID_parlor,datasets/id/external/sideviewcows2026/parlor/images/192/192_0441.jpg,hrnet_w32,fasterrcnn_resnet50_fpn_v2,28,21,694,559,detector_detected,pose_output_returned,466.64,39,0.2456,0.1489,23,16,0.2,0.6154,
sample_0220,SideViewCows2026,ReID_parlor,datasets/id/external/sideviewcows2026/parlor/images/633/633_0562.jpg,hrnet_w32,fasterrcnn_resnet50_fpn_v2,66,23,823,547,detector_detected,pose_output_returned,519.42,39,0.147,0.0823,31,8,0.2,1.0,
sample_0221,SideViewCows2026,ReID_parlor,datasets/id/external/sideviewcows2026/parlor/images/406/406_0034.jpg,hrnet_w32,fasterrcnn_resnet50_fpn_v2,71,48,880,614,detector_detected,pose_output_returned,496.05,39,0.1622,0.0705,29,10,0.2,0.8718,
sample_0222,SideViewCows2026,ReID_parlor,datasets/id/external/sideviewcows2026/parlor/images/544/544_0057.jpg,hrnet_w32,fasterrcnn_resnet50_fpn_v2,41,12,839,543,detector_detected,pose_output_returned,520.21,39,0.4295,0.443,7,32,0.2,0.9487,
sample_0223,SideViewCows2026,ReID_parlor,datasets/id/external/sideviewcows2026/parlor/images/168/168_0202.jpg,hrnet_w32,fasterrcnn_resnet50_fpn_v2,13,13,673,511,detector_no_detection,pose_detector_failure,448.5,0,,,0,0,0.2,,SuperAnimal internal detector found 0 cows in crop
sample_0224,SideViewCows2026,ReID_parlor,datasets/id/external/sideviewcows2026/parlor/images/545/545_0243.jpg,hrnet_w32,fasterrcnn_resnet50_fpn_v2,0,5,744,524,detector_detected,pose_output_returned,502.74,39,0.1531,0.1013,28,11,0.2,0.8974,
sample_0225,SideViewCows2026,ReID_parlor,datasets/id/external/sideviewcows2026/parlor/images/436/436_0040.jpg,hrnet_w32,fasterrcnn_resnet50_fpn_v2,1,20,754,558,detector_no_detection,pose_detector_failure,457.68,0,,,0,0,0.2,,SuperAnimal internal detector found 0 cows in crop
sample_0226,SideViewCows2026,ReID_parlor,datasets/id/external/sideviewcows2026/parlor/images/828/828_0214.jpg,hrnet_w32,fasterrcnn_resnet50_fpn_v2,24,45,633,551,detector_no_detection,pose_detector_failure,444.97,0,,,0,0,0.2,,SuperAnimal internal detector found 0 cows in crop
sample_0227,SideViewCows2026,ReID_parlor,datasets/id/external/sideviewcows2026/parlor/images/403/403_0244.jpg,hrnet_w32,fasterrcnn_resnet50_fpn_v2,5,13,733,548,detector_no_detection,pose_detector_failure,455.78,0,,,0,0,0.2,,SuperAnimal internal detector found 0 cows in crop
sample_0228,SideViewCows2026,ReID_parlor,datasets/id/external/sideviewcows2026/parlor/images/367/367_0191.jpg,hrnet_w32,fasterrcnn_resnet50_fpn_v2,15,4,1039,529,detector_no_detection,pose_detector_failure,464.08,0,,,0,0,0.2,,SuperAnimal internal detector found 0 cows in crop
sample_0229,SideViewCows2026,ReID_parlor,datasets/id/external/sideviewcows2026/parlor/images/320/320_0774.jpg,hrnet_w32,fasterrcnn_resnet50_fpn_v2,1,8,606,386,detector_no_detection,pose_detector_failure,483.66,0,,,0,0,0.2,,SuperAnimal internal detector found 0 cows in crop
sample_0230,SideViewCows2026,ReID_parlor,datasets/id/external/sideviewcows2026/parlor/images/323/323_0050.jpg,hrnet_w32,fasterrcnn_resnet50_fpn_v2,25,1,692,505,detector_detected,pose_output_returned,494.41,39,0.2175,0.1613,24,15,0.2,0.7179,
sample_0231,SideViewCows2026,ReID_parlor,datasets/id/external/sideviewcows2026/parlor/images/737/737_0132.jpg,hrnet_w32,fasterrcnn_resnet50_fpn_v2,12,16,906,536,detector_detected,pose_output_returned,544.99,39,0.3013,0.2136,17,22,0.2,0.0,
sample_0232,SideViewCows2026,ReID_parlor,datasets/id/external/sideviewcows2026/parlor/images/355/355_0372.jpg,hrnet_w32,fasterrcnn_resnet50_fpn_v2,13,3,635,525,detector_detected,pose_output_returned,461.4,39,0.2338,0.1682,25,14,0.2,0.5385,
sample_0233,SideViewCows2026,ReID_parlor,datasets/id/external/sideviewcows2026/parlor/images/207/207_0024.jpg,hrnet_w32,fasterrcnn_resnet50_fpn_v2,0,19,1064,472,detector_no_detection,pose_detector_failure,437.83,0,,,0,0,0.2,,SuperAnimal internal detector found 0 cows in crop
sample_0234,SideViewCows2026,ReID_parlor,datasets/id/external/sideviewcows2026/parlor/images/700/700_0490.jpg,hrnet_w32,fasterrcnn_resnet50_fpn_v2,0,14,652,532,detector_detected,pose_output_returned,475.43,39,0.1682,0.1184,27,12,0.2,1.0,
sample_0235,SideViewCows2026,ReID_parlor,datasets/id/external/sideviewcows2026/parlor/images/909/909_0364.jpg,hrnet_w32,fasterrcnn_resnet50_fpn_v2,31,25,763,550,detector_no_detection,pose_detector_failure,455.45,0,,,0,0,0.2,,SuperAnimal internal detector found 0 cows in crop
sample_0236,SideViewCows2026,ReID_parlor,datasets/id/external/sideviewcows2026/parlor/images/374/374_0005.jpg,hrnet_w32,fasterrcnn_resnet50_fpn_v2,11,4,861,555,detector_detected,pose_output_returned,529.64,39,0.437,0.4138,14,25,0.2,0.7949,
sample_0237,SideViewCows2026,ReID_parlor,datasets/id/external/sideviewcows2026/parlor/images/958/958_0178.jpg,hrnet_w32,fasterrcnn_resnet50_fpn_v2,0,1,1754,1088,detector_detected,pose_output_returned,563.96,39,0.2997,0.266,12,27,0.2,1.0,
sample_0238,SideViewCows2026,ReID_parlor,datasets/id/external/sideviewcows2026/parlor/images/975/975_0183.jpg,hrnet_w32,fasterrcnn_resnet50_fpn_v2,2,23,539,474,detector_detected,pose_output_returned,463.37,39,0.2159,0.1135,25,14,0.2,0.6154,
sample_0239,SideViewCows2026,ReID_parlor,datasets/id/external/sideviewcows2026/parlor/images/345/345_0354.jpg,hrnet_w32,fasterrcnn_resnet50_fpn_v2,0,1,951,467,detector_detected,pose_output_returned,489.8,39,0.3911,0.3556,15,24,0.2,0.6923,
sample_0240,SideViewCows2026,ReID_parlor,datasets/id/external/sideviewcows2026/parlor/images/823/823_0012.jpg,hrnet_w32,fasterrcnn_resnet50_fpn_v2,214,7,931,569,detector_detected,pose_output_returned,481.55,39,0.3647,0.3062,15,24,0.2,0.6923,
sample_0241,SideViewCows2026,ReID_barn,datasets/id/external/sideviewcows2026/barn/images/687/687_0022.jpg,hrnet_w32,fasterrcnn_resnet50_fpn_v2,0,0,1920,1078,detector_detected,pose_output_returned,549.21,39,0.2548,0.1565,23,16,0.2,0.7179,
sample_0242,SideViewCows2026,ReID_barn,datasets/id/external/sideviewcows2026/barn/images/491/491_0086.jpg,hrnet_w32,fasterrcnn_resnet50_fpn_v2,0,77,1696,1074,detector_detected,pose_output_returned,577.71,39,0.7303,0.8078,4,35,0.2,0.641,
sample_0243,SideViewCows2026,ReID_barn,datasets/id/external/sideviewcows2026/barn/images/128/128_0217.jpg,hrnet_w32,fasterrcnn_resnet50_fpn_v2,5,219,1920,1075,detector_detected,pose_output_returned,498.91,39,0.3041,0.17,20,19,0.2,0.7692,
sample_0244,SideViewCows2026,ReID_barn,datasets/id/external/sideviewcows2026/barn/images/594/594_0847.jpg,hrnet_w32,fasterrcnn_resnet50_fpn_v2,42,77,1797,1079,detector_detected,pose_output_returned,548.57,39,0.4933,0.6399,11,28,0.2,0.8205,
sample_0245,SideViewCows2026,ReID_barn,datasets/id/external/sideviewcows2026/barn/images/320/320_0011.jpg,hrnet_w32,fasterrcnn_resnet50_fpn_v2,1,33,1678,1076,detector_detected,pose_output_returned,559.09,39,0.5385,0.6019,7,32,0.2,0.7436,
sample_0246,SideViewCows2026,ReID_barn,datasets/id/external/sideviewcows2026/barn/images/475/475_0091.jpg,hrnet_w32,fasterrcnn_resnet50_fpn_v2,2,76,1912,1075,detector_detected,pose_output_returned,530.62,39,0.1544,0.0885,30,9,0.2,0.7949,
sample_0247,SideViewCows2026,ReID_barn,datasets/id/external/sideviewcows2026/barn/images/684/684_0327.jpg,hrnet_w32,fasterrcnn_resnet50_fpn_v2,0,54,1910,1077,detector_detected,pose_output_returned,557.38,39,0.4516,0.5562,12,27,0.2,0.5641,
sample_0248,SideViewCows2026,ReID_barn,datasets/id/external/sideviewcows2026/barn/images/345/345_0146.jpg,hrnet_w32,fasterrcnn_resnet50_fpn_v2,4,104,1885,1074,detector_detected,pose_output_returned,525.91,39,0.3885,0.4163,14,25,0.2,0.5641,
sample_0249,SideViewCows2026,ReID_barn,datasets/id/external/sideviewcows2026/barn/images/826/826_0280.jpg,hrnet_w32,fasterrcnn_resnet50_fpn_v2,1,66,1920,1078,detector_detected,pose_output_returned,525.99,39,0.2432,0.1121,22,17,0.2,0.9231,
sample_0250,SideViewCows2026,ReID_barn,datasets/id/external/sideviewcows2026/barn/images/510/510_0342.jpg,hrnet_w32,fasterrcnn_resnet50_fpn_v2,2,18,1917,1080,detector_detected,pose_output_returned,564.56,39,0.5268,0.5966,9,30,0.2,0.9487,
sample_0251,SideViewCows2026,ReID_barn,datasets/id/external/sideviewcows2026/barn/images/207/207_0156.jpg,hrnet_w32,fasterrcnn_resnet50_fpn_v2,180,156,1762,1076,detector_detected,pose_output_returned,570.84,39,0.6573,0.7353,4,35,0.2,0.9231,
sample_0252,SideViewCows2026,ReID_barn,datasets/id/external/sideviewcows2026/barn/images/128/128_0078.jpg,hrnet_w32,fasterrcnn_resnet50_fpn_v2,1,195,1769,1077,detector_detected,pose_output_returned,519.09,39,0.4633,0.5008,9,30,0.2,0.5385,
sample_0253,SideViewCows2026,ReID_barn,datasets/id/external/sideviewcows2026/barn/images/594/594_0445.jpg,hrnet_w32,fasterrcnn_resnet50_fpn_v2,0,1,1827,1080,detector_detected,pose_output_returned,580.21,39,0.6564,0.7388,3,36,0.2,0.8205,
sample_0254,SideViewCows2026,ReID_barn,datasets/id/external/sideviewcows2026/barn/images/559/559_0015.jpg,hrnet_w32,fasterrcnn_resnet50_fpn_v2,138,85,1866,1075,detector_detected,pose_output_returned,546.53,39,0.4876,0.524,10,29,0.2,0.7436,
sample_0255,SideViewCows2026,ReID_barn,datasets/id/external/sideviewcows2026/barn/images/171/171_0426.jpg,hrnet_w32,fasterrcnn_resnet50_fpn_v2,0,26,1635,1073,detector_detected,pose_output_returned,562.16,39,0.4651,0.5091,10,29,0.2,0.6923,
sample_0256,SideViewCows2026,ReID_barn,datasets/id/external/sideviewcows2026/barn/images/733/733_0257.jpg,hrnet_w32,fasterrcnn_resnet50_fpn_v2,1,46,1917,1077,detector_detected,pose_output_returned,539.34,39,0.6653,0.8073,3,36,0.2,0.7949,
sample_0257,SideViewCows2026,ReID_barn,datasets/id/external/sideviewcows2026/barn/images/680/680_0227.jpg,hrnet_w32,fasterrcnn_resnet50_fpn_v2,221,41,1664,1075,detector_detected,pose_output_returned,511.12,39,0.5745,0.6123,5,34,0.2,0.7949,
sample_0258,SideViewCows2026,ReID_barn,datasets/id/external/sideviewcows2026/barn/images/275/275_0064.jpg,hrnet_w32,fasterrcnn_resnet50_fpn_v2,158,147,1629,1063,detector_detected,pose_output_returned,555.71,39,0.5281,0.6198,8,31,0.2,0.8205,
sample_0259,SideViewCows2026,ReID_barn,datasets/id/external/sideviewcows2026/barn/images/733/733_0128.jpg,hrnet_w32,fasterrcnn_resnet50_fpn_v2,0,78,1918,1078,detector_detected,pose_output_returned,530.78,39,0.4972,0.6201,11,28,0.2,0.8462,
sample_0260,SideViewCows2026,ReID_barn,datasets/id/external/sideviewcows2026/barn/images/955/955_0234.jpg,hrnet_w32,fasterrcnn_resnet50_fpn_v2,40,97,1693,1042,detector_detected,pose_output_returned,540.82,39,0.7678,0.7924,1,38,0.2,0.8718,
sample_0261,SideViewCows2026,ReID_barn,datasets/id/external/sideviewcows2026/barn/images/503/503_0154.jpg,hrnet_w32,fasterrcnn_resnet50_fpn_v2,112,69,1737,1077,detector_detected,pose_output_returned,580.26,39,0.3659,0.3558,18,21,0.2,0.8462,
sample_0262,SideViewCows2026,ReID_barn,datasets/id/external/sideviewcows2026/barn/images/529/529_0809.jpg,hrnet_w32,fasterrcnn_resnet50_fpn_v2,24,18,1886,1068,detector_detected,pose_output_returned,566.1,39,0.6497,0.7291,2,37,0.2,0.8718,
sample_0263,SideViewCows2026,ReID_barn,datasets/id/external/sideviewcows2026/barn/images/826/826_0121.jpg,hrnet_w32,fasterrcnn_resnet50_fpn_v2,0,41,1771,1078,detector_detected,pose_output_returned,556.41,39,0.4812,0.5678,10,29,0.2,0.7436,
sample_0264,SideViewCows2026,ReID_barn,datasets/id/external/sideviewcows2026/barn/images/124/124_0275.jpg,hrnet_w32,fasterrcnn_resnet50_fpn_v2,21,40,1920,1077,detector_detected,pose_output_returned,546.51,39,0.4485,0.5761,14,25,0.2,0.7692,
sample_0265,SideViewCows2026,ReID_barn,datasets/id/external/sideviewcows2026/barn/images/192/192_0021.jpg,hrnet_w32,fasterrcnn_resnet50_fpn_v2,67,146,1913,1076,detector_detected,pose_output_returned,526.04,39,0.5371,0.5732,9,30,0.2,0.6923,
sample_0266,SideViewCows2026,ReID_barn,datasets/id/external/sideviewcows2026/barn/images/217/217_0081.jpg,hrnet_w32,fasterrcnn_resnet50_fpn_v2,101,90,1893,1074,detector_detected,pose_output_returned,532.09,39,0.6171,0.6905,3,36,0.2,0.8205,
sample_0267,SideViewCows2026,ReID_barn,datasets/id/external/sideviewcows2026/barn/images/733/733_0054.jpg,hrnet_w32,fasterrcnn_resnet50_fpn_v2,0,94,1919,1077,detector_detected,pose_output_returned,545.5,39,0.2286,0.1111,24,15,0.2,0.8718,
sample_0268,SideViewCows2026,ReID_barn,datasets/id/external/sideviewcows2026/barn/images/594/594_0232.jpg,hrnet_w32,fasterrcnn_resnet50_fpn_v2,0,109,1877,1079,detector_detected,pose_output_returned,533.24,39,0.6273,0.7004,2,37,0.2,0.8718,
sample_0269,SideViewCows2026,ReID_barn,datasets/id/external/sideviewcows2026/barn/images/633/633_0299.jpg,hrnet_w32,fasterrcnn_resnet50_fpn_v2,2,23,1485,1073,detector_detected,pose_output_returned,524.27,39,0.3734,0.3275,11,28,0.2,0.8205,
sample_0270,SideViewCows2026,ReID_barn,datasets/id/external/sideviewcows2026/barn/images/413/413_0058.jpg,hrnet_w32,fasterrcnn_resnet50_fpn_v2,49,99,1918,1076,detector_detected,pose_output_returned,535.26,39,0.4351,0.4859,12,27,0.2,0.6667,
sample_0271,SideViewCows2026,ReID_barn,datasets/id/external/sideviewcows2026/barn/images/853/853_0069.jpg,hrnet_w32,fasterrcnn_resnet50_fpn_v2,0,156,1920,1078,detector_detected,pose_output_returned,496.29,39,0.2248,0.0808,24,15,0.2,0.5385,
sample_0272,SideViewCows2026,ReID_barn,datasets/id/external/sideviewcows2026/barn/images/684/684_0243.jpg,hrnet_w32,fasterrcnn_resnet50_fpn_v2,3,42,1916,1076,detector_detected,pose_output_returned,538.25,39,0.4841,0.5513,9,30,0.2,0.641,
sample_0273,SideViewCows2026,ReID_barn,datasets/id/external/sideviewcows2026/barn/images/444/444_0245.jpg,hrnet_w32,fasterrcnn_resnet50_fpn_v2,16,23,1699,1076,detector_detected,pose_output_returned,545.68,39,0.6165,0.6395,0,39,0.2,0.7436,
sample_0274,SideViewCows2026,ReID_barn,datasets/id/external/sideviewcows2026/barn/images/998/998_0038.jpg,hrnet_w32,fasterrcnn_resnet50_fpn_v2,76,59,1619,1075,detector_detected,pose_output_returned,535.33,39,0.4376,0.5189,13,26,0.2,0.4615,
sample_0275,SideViewCows2026,ReID_barn,datasets/id/external/sideviewcows2026/barn/images/436/436_0219.jpg,hrnet_w32,fasterrcnn_resnet50_fpn_v2,24,54,1920,1074,detector_detected,pose_output_returned,533.6,39,0.461,0.4628,9,30,0.2,0.7179,
sample_0276,SideViewCows2026,ReID_barn,datasets/id/external/sideviewcows2026/barn/images/503/503_0088.jpg,hrnet_w32,fasterrcnn_resnet50_fpn_v2,0,14,1766,1078,detector_detected,pose_output_returned,570.84,39,0.406,0.3336,11,28,0.2,0.5897,
sample_0277,SideViewCows2026,ReID_barn,datasets/id/external/sideviewcows2026/barn/images/594/594_0137.jpg,hrnet_w32,fasterrcnn_resnet50_fpn_v2,929,163,1920,788,detector_detected,pose_output_returned,550.78,39,0.2504,0.1188,25,14,0.2,0.0,
sample_0278,SideViewCows2026,ReID_barn,datasets/id/external/sideviewcows2026/barn/images/436/436_0193.jpg,hrnet_w32,fasterrcnn_resnet50_fpn_v2,5,60,1918,1074,detector_detected,pose_output_returned,550.97,39,0.4794,0.5582,9,30,0.2,0.5128,
sample_0279,SideViewCows2026,ReID_barn,datasets/id/external/sideviewcows2026/barn/images/124/124_0197.jpg,hrnet_w32,fasterrcnn_resnet50_fpn_v2,41,81,1918,1078,detector_detected,pose_output_returned,558.72,39,0.3941,0.3722,14,25,0.2,0.6667,
sample_0280,SideViewCows2026,ReID_barn,datasets/id/external/sideviewcows2026/barn/images/433/433_0272.jpg,hrnet_w32,fasterrcnn_resnet50_fpn_v2,0,0,1919,1080,detector_detected,pose_output_returned,560.94,39,0.4905,0.5159,5,34,0.2,0.8205,
sample_0281,SideViewCows2026,ReID_snapshots,datasets/id/external/sideviewcows2026/snapshots/images/955/955_0007.jpg,hrnet_w32,fasterrcnn_resnet50_fpn_v2,54,329,1170,1046,detector_detected,pose_output_returned,531.22,39,0.6495,0.7599,6,33,0.2,0.7692,
sample_0282,SideViewCows2026,ReID_snapshots,datasets/id/external/sideviewcows2026/snapshots/images/465/465_0017.jpg,hrnet_w32,fasterrcnn_resnet50_fpn_v2,0,124,1169,1164,detector_detected,pose_output_returned,470.8,39,0.3452,0.2705,17,22,0.2,0.8462,
sample_0283,SideViewCows2026,ReID_snapshots,datasets/id/external/sideviewcows2026/snapshots/images/192/192_0010.jpg,hrnet_w32,fasterrcnn_resnet50_fpn_v2,1,351,1170,1087,detector_detected,pose_output_returned,530.23,39,0.6995,0.7591,0,39,0.2,0.8718,
sample_0284,SideViewCows2026,ReID_snapshots,datasets/id/external/sideviewcows2026/snapshots/images/192/192_0012.jpg,hrnet_w32,fasterrcnn_resnet50_fpn_v2,1,400,1169,1124,detector_detected,pose_output_returned,543.67,39,0.6905,0.7381,0,39,0.2,0.8718,
sample_0285,SideViewCows2026,ReID_snapshots,datasets/id/external/sideviewcows2026/snapshots/images/345/345_0004.jpg,hrnet_w32,fasterrcnn_resnet50_fpn_v2,34,356,1009,1080,detector_detected,pose_output_returned,493.95,39,0.5598,0.6556,7,32,0.2,0.7692,
sample_0286,SideViewCows2026,ReID_snapshots,datasets/id/external/sideviewcows2026/snapshots/images/737/737_0007.jpg,hrnet_w32,fasterrcnn_resnet50_fpn_v2,53,406,1170,1164,detector_detected,pose_output_returned,526.09,39,0.4218,0.5248,14,25,0.2,0.5641,
sample_0287,SideViewCows2026,ReID_snapshots,datasets/id/external/sideviewcows2026/snapshots/images/128/128_0011.jpg,hrnet_w32,fasterrcnn_resnet50_fpn_v2,0,311,1170,1165,detector_detected,pose_output_returned,507.6,39,0.285,0.2669,18,21,0.2,0.7692,
sample_0288,SideViewCows2026,ReID_snapshots,datasets/id/external/sideviewcows2026/snapshots/images/290/290_0011.jpg,hrnet_w32,fasterrcnn_resnet50_fpn_v2,1,298,1169,1162,detector_detected,pose_output_returned,503.4,39,0.4198,0.3508,13,26,0.2,0.7692,
sample_0289,SideViewCows2026,ReID_snapshots,datasets/id/external/sideviewcows2026/snapshots/images/680/680_0003.jpg,hrnet_w32,fasterrcnn_resnet50_fpn_v2,1,303,1170,999,detector_detected,pose_output_returned,561.1,39,0.6263,0.6705,0,39,0.2,0.7949,
sample_0290,SideViewCows2026,ReID_snapshots,datasets/id/external/sideviewcows2026/snapshots/images/207/207_0006.jpg,hrnet_w32,fasterrcnn_resnet50_fpn_v2,0,238,1167,1165,detector_detected,pose_output_returned,489.79,39,0.3922,0.3717,16,23,0.2,0.8205,
sample_0291,SideViewCows2026,ReID_snapshots,datasets/id/external/sideviewcows2026/snapshots/images/192/192_0004.jpg,hrnet_w32,fasterrcnn_resnet50_fpn_v2,0,461,1169,1166,detector_detected,pose_output_returned,544.37,39,0.2942,0.2031,19,20,0.2,0.6667,
sample_0292,SideViewCows2026,ReID_snapshots,datasets/id/external/sideviewcows2026/snapshots/images/871/871_0006.jpg,hrnet_w32,fasterrcnn_resnet50_fpn_v2,67,448,1170,1127,detector_detected,pose_output_returned,535.43,39,0.3746,0.3106,15,24,0.2,0.8462,
sample_0293,SideViewCows2026,ReID_snapshots,datasets/id/external/sideviewcows2026/snapshots/images/621/621_0007.jpg,hrnet_w32,fasterrcnn_resnet50_fpn_v2,95,550,1103,1132,detector_detected,pose_output_returned,547.15,39,0.5971,0.6974,6,33,0.2,0.8462,
sample_0294,SideViewCows2026,ReID_snapshots,datasets/id/external/sideviewcows2026/snapshots/images/374/374_0025.jpg,hrnet_w32,fasterrcnn_resnet50_fpn_v2,3,372,1170,1074,detector_detected,pose_output_returned,543.1,39,0.3883,0.3717,12,27,0.2,0.7436,
sample_0295,SideViewCows2026,ReID_snapshots,datasets/id/external/sideviewcows2026/snapshots/images/176/176_0010.jpg,hrnet_w32,fasterrcnn_resnet50_fpn_v2,4,395,1170,1162,detector_detected,pose_output_returned,518.22,39,0.6107,0.712,6,33,0.2,0.7949,
sample_0296,SideViewCows2026,ReID_snapshots,datasets/id/external/sideviewcows2026/snapshots/images/660/660_0002.jpg,hrnet_w32,fasterrcnn_resnet50_fpn_v2,12,440,1170,1164,detector_detected,pose_output_returned,557.6,39,0.4973,0.5519,10,29,0.2,0.8462,
sample_0297,SideViewCows2026,ReID_snapshots,datasets/id/external/sideviewcows2026/snapshots/images/168/168_0003.jpg,hrnet_w32,fasterrcnn_resnet50_fpn_v2,0,173,1169,1164,detector_detected,pose_output_returned,489.49,39,0.4875,0.5504,9,30,0.2,0.8974,
sample_0298,SideViewCows2026,ReID_snapshots,datasets/id/external/sideviewcows2026/snapshots/images/465/465_0008.jpg,hrnet_w32,fasterrcnn_resnet50_fpn_v2,0,304,1169,1165,detector_detected,pose_output_returned,514.39,39,0.429,0.4325,13,26,0.2,0.6923,
sample_0299,SideViewCows2026,ReID_snapshots,datasets/id/external/sideviewcows2026/snapshots/images/241/241_0007.jpg,hrnet_w32,fasterrcnn_resnet50_fpn_v2,62,2,1170,1146,detector_no_detection,pose_detector_failure,424.86,0,,,0,0,0.2,,SuperAnimal internal detector found 0 cows in crop
sample_0300,SideViewCows2026,ReID_snapshots,datasets/id/external/sideviewcows2026/snapshots/images/975/975_0015.jpg,hrnet_w32,fasterrcnn_resnet50_fpn_v2,0,334,1169,1166,detector_detected,pose_output_returned,509.57,39,0.4335,0.4406,16,23,0.2,0.7949,
