sample_id,dataset,model_name,keypoint_idx,keypoint_name,x_crop,y_crop,x_orig,y_orig,raw_confidence,is_above_vis_threshold,inside_gt_mask
sample_0001,ScienceDB,hrnet_w32,0,nose,439.56,296.04,774.56,296.04,0.0603,False,
sample_0001,ScienceDB,hrnet_w32,1,upper_jaw,470.19,351.3,805.19,351.3,0.0606,False,
sample_0001,ScienceDB,hrnet_w32,2,lower_jaw,310.94,474.12,645.94,474.12,0.3627,True,
sample_0001,ScienceDB,hrnet_w32,3,mouth_end_right,457.94,277.62,792.94,277.62,0.0367,False,
sample_0001,ScienceDB,hrnet_w32,4,mouth_end_left,482.44,320.6,817.44,320.6,0.1104,False,
sample_0001,ScienceDB,hrnet_w32,5,right_eye,476.31,271.48,811.31,271.48,0.2865,True,
sample_0001,ScienceDB,hrnet_w32,6,right_earbase,470.19,210.07,805.19,210.07,0.1235,False,
sample_0001,ScienceDB,hrnet_w32,7,right_earend,445.69,210.07,780.69,210.07,0.0636,False,
sample_0001,ScienceDB,hrnet_w32,8,right_antler_base,470.19,210.07,805.19,210.07,0.1147,False,
sample_0001,ScienceDB,hrnet_w32,9,right_antler_end,188.44,523.24,523.44,523.24,0.1365,False,
sample_0001,ScienceDB,hrnet_w32,10,left_eye,513.06,283.76,848.06,283.76,0.5104,True,
sample_0001,ScienceDB,hrnet_w32,11,left_earbase,549.81,271.48,884.81,271.48,0.0728,False,
sample_0001,ScienceDB,hrnet_w32,12,left_earend,219.06,560.09,554.06,560.09,0.0108,False,
sample_0001,ScienceDB,hrnet_w32,13,left_antler_base,549.81,271.48,884.81,271.48,0.0653,False,
sample_0001,ScienceDB,hrnet_w32,14,left_antler_end,188.44,523.24,523.44,523.24,0.1453,False,
sample_0001,ScienceDB,hrnet_w32,15,neck_base,488.56,345.16,823.56,345.16,0.0874,False,
sample_0001,ScienceDB,hrnet_w32,16,neck_end,274.19,265.34,609.19,265.34,0.0592,False,
sample_0001,ScienceDB,hrnet_w32,17,throat_base,464.06,363.59,799.06,363.59,0.0801,False,
sample_0001,ScienceDB,hrnet_w32,18,throat_end,476.31,375.87,811.31,375.87,0.0803,False,
sample_0001,ScienceDB,hrnet_w32,19,back_base,274.19,265.34,609.19,265.34,0.0639,False,
sample_0001,ScienceDB,hrnet_w32,20,back_end,200.69,412.71,535.69,412.71,0.1371,False,
sample_0001,ScienceDB,hrnet_w32,21,back_middle,261.94,265.34,596.94,265.34,0.0687,False,
sample_0001,ScienceDB,hrnet_w32,22,tail_base,200.69,412.71,535.69,412.71,0.1396,False,
sample_0001,ScienceDB,hrnet_w32,23,tail_end,188.44,523.24,523.44,523.24,0.2287,True,
sample_0001,ScienceDB,hrnet_w32,24,front_left_thai,543.69,394.29,878.69,394.29,0.1557,False,
sample_0001,ScienceDB,hrnet_w32,25,front_left_knee,549.81,504.82,884.81,504.82,0.0702,False,
sample_0001,ScienceDB,hrnet_w32,26,front_left_paw,415.06,566.23,750.06,566.23,0.1198,False,
sample_0001,ScienceDB,hrnet_w32,27,front_right_thai,286.44,271.48,621.44,271.48,0.1226,False,
sample_0001,ScienceDB,hrnet_w32,28,front_right_knee,286.44,265.34,621.44,265.34,0.1245,False,
sample_0001,ScienceDB,hrnet_w32,29,front_right_paw,384.44,437.27,719.44,437.27,0.1498,False,
sample_0001,ScienceDB,hrnet_w32,30,back_left_paw,219.06,523.24,554.06,523.24,0.2466,True,
sample_0001,ScienceDB,hrnet_w32,31,back_left_thai,372.19,467.98,707.19,467.98,0.1115,False,
sample_0001,ScienceDB,hrnet_w32,32,back_right_thai,206.81,406.57,541.81,406.57,0.1965,False,
sample_0001,ScienceDB,hrnet_w32,33,back_left_knee,317.06,553.95,652.06,553.95,0.0721,False,
sample_0001,ScienceDB,hrnet_w32,34,back_right_knee,280.31,296.04,615.31,296.04,0.1898,False,
sample_0001,ScienceDB,hrnet_w32,35,back_right_paw,408.94,566.23,743.94,566.23,0.1712,False,
sample_0001,ScienceDB,hrnet_w32,36,belly_bottom,402.81,498.68,737.81,498.68,0.2544,True,
sample_0001,ScienceDB,hrnet_w32,37,body_middle_right,249.69,296.04,584.69,296.04,0.0862,False,
sample_0001,ScienceDB,hrnet_w32,38,body_middle_left,249.69,283.76,584.69,283.76,0.0836,False,
sample_0002,ScienceDB,hrnet_w32,0,nose,111.39,314.23,281.39,314.23,0.079,False,
sample_0002,ScienceDB,hrnet_w32,1,upper_jaw,175.8,228.16,345.8,228.16,0.1361,False,
sample_0002,ScienceDB,hrnet_w32,2,lower_jaw,104.23,342.91,274.23,342.91,0.0987,False,
sample_0002,ScienceDB,hrnet_w32,3,mouth_end_right,233.05,307.05,403.05,307.05,0.0353,False,
sample_0002,ScienceDB,hrnet_w32,4,mouth_end_left,161.48,220.99,331.48,220.99,0.0256,False,
sample_0002,ScienceDB,hrnet_w32,5,right_eye,75.61,199.48,245.61,199.48,0.0264,False,
sample_0002,ScienceDB,hrnet_w32,6,right_earbase,204.42,120.59,374.42,120.59,0.047,False,
sample_0002,ScienceDB,hrnet_w32,7,right_earend,197.27,357.26,367.27,357.26,0.2559,True,
sample_0002,ScienceDB,hrnet_w32,8,right_antler_base,204.42,120.59,374.42,120.59,0.0456,False,
sample_0002,ScienceDB,hrnet_w32,9,right_antler_end,104.23,328.57,274.23,328.57,0.1407,False,
sample_0002,ScienceDB,hrnet_w32,10,left_eye,297.45,120.59,467.45,120.59,0.1481,False,
sample_0002,ScienceDB,hrnet_w32,11,left_earbase,268.83,127.76,438.83,127.76,0.0799,False,
sample_0002,ScienceDB,hrnet_w32,12,left_earend,340.39,278.37,510.39,278.37,0.1285,False,
sample_0002,ScienceDB,hrnet_w32,13,left_antler_base,268.83,127.76,438.83,127.76,0.069,False,
sample_0002,ScienceDB,hrnet_w32,14,left_antler_end,104.23,328.57,274.23,328.57,0.1498,False,
sample_0002,ScienceDB,hrnet_w32,15,neck_base,218.73,156.45,388.73,156.45,0.1083,False,
sample_0002,ScienceDB,hrnet_w32,16,neck_end,333.23,120.59,503.23,120.59,0.0278,False,
sample_0002,ScienceDB,hrnet_w32,17,throat_base,247.36,299.88,417.36,299.88,0.1095,False,
sample_0002,ScienceDB,hrnet_w32,18,throat_end,261.67,335.74,431.67,335.74,0.1126,False,
sample_0002,ScienceDB,hrnet_w32,19,back_base,333.23,120.59,503.23,120.59,0.0297,False,
sample_0002,ScienceDB,hrnet_w32,20,back_end,147.17,393.12,317.17,393.12,0.0931,False,
sample_0002,ScienceDB,hrnet_w32,21,back_middle,82.77,163.62,252.77,163.62,0.0285,False,
sample_0002,ScienceDB,hrnet_w32,22,tail_base,147.17,393.12,317.17,393.12,0.094,False,
sample_0002,ScienceDB,hrnet_w32,23,tail_end,104.23,328.57,274.23,328.57,0.2333,True,
sample_0002,ScienceDB,hrnet_w32,24,front_left_thai,376.17,371.6,546.17,371.6,0.2378,True,
sample_0002,ScienceDB,hrnet_w32,25,front_left_knee,369.02,572.41,539.02,572.41,0.3483,True,
sample_0002,ScienceDB,hrnet_w32,26,front_left_paw,354.7,572.41,524.7,572.41,0.0748,False,
sample_0002,ScienceDB,hrnet_w32,27,front_right_thai,197.27,378.77,367.27,378.77,0.2742,True,
sample_0002,ScienceDB,hrnet_w32,28,front_right_knee,190.11,479.18,360.11,479.18,0.1335,False,
sample_0002,ScienceDB,hrnet_w32,29,front_right_paw,190.11,493.52,360.11,493.52,0.1904,False,
sample_0002,ScienceDB,hrnet_w32,30,back_left_paw,197.27,507.87,367.27,507.87,0.0959,False,
sample_0002,ScienceDB,hrnet_w32,31,back_left_thai,326.08,479.18,496.08,479.18,0.1177,False,
sample_0002,ScienceDB,hrnet_w32,32,back_right_thai,147.17,378.77,317.17,378.77,0.1453,False,
sample_0002,ScienceDB,hrnet_w32,33,back_left_knee,347.55,572.41,517.55,572.41,0.2242,True,
sample_0002,ScienceDB,hrnet_w32,34,back_right_knee,190.11,493.52,360.11,493.52,0.1615,False,
sample_0002,ScienceDB,hrnet_w32,35,back_right_paw,190.11,507.87,360.11,507.87,0.1813,False,
sample_0002,ScienceDB,hrnet_w32,36,belly_bottom,283.14,479.18,453.14,479.18,0.1783,False,
sample_0002,ScienceDB,hrnet_w32,37,body_middle_right,411.95,170.79,581.95,170.79,0.1332,False,
sample_0002,ScienceDB,hrnet_w32,38,body_middle_left,411.95,170.79,581.95,170.79,0.131,False,
sample_0003,ScienceDB,hrnet_w32,0,nose,516.04,334.77,516.04,335.77,0.5802,True,
sample_0003,ScienceDB,hrnet_w32,1,upper_jaw,533.45,334.77,533.45,335.77,0.4155,True,
sample_0003,ScienceDB,hrnet_w32,2,lower_jaw,550.85,334.77,550.85,335.77,0.3374,True,
sample_0003,ScienceDB,hrnet_w32,3,mouth_end_right,542.15,352.18,542.15,353.18,0.2798,True,
sample_0003,ScienceDB,hrnet_w32,4,mouth_end_left,542.15,299.96,542.15,300.96,0.482,True,
sample_0003,ScienceDB,hrnet_w32,5,right_eye,489.93,343.48,489.93,344.48,0.8378,True,
sample_0003,ScienceDB,hrnet_w32,6,right_earbase,385.49,343.48,385.49,344.48,0.1566,False,
sample_0003,ScienceDB,hrnet_w32,7,right_earend,585.66,56.27,585.66,57.27,0.1146,False,
sample_0003,ScienceDB,hrnet_w32,8,right_antler_base,385.49,343.48,385.49,344.48,0.144,False,
sample_0003,ScienceDB,hrnet_w32,9,right_antler_end,307.16,212.93,307.16,213.93,0.0577,False,
sample_0003,ScienceDB,hrnet_w32,10,left_eye,489.93,334.77,489.93,335.77,0.5316,True,
sample_0003,ScienceDB,hrnet_w32,11,left_earbase,437.71,221.63,437.71,222.63,0.4809,True,
sample_0003,ScienceDB,hrnet_w32,12,left_earend,411.6,212.93,411.6,213.93,0.3874,True,
sample_0003,ScienceDB,hrnet_w32,13,left_antler_base,437.71,221.63,437.71,222.63,0.4274,True,
sample_0003,ScienceDB,hrnet_w32,14,left_antler_end,429.01,221.63,429.01,222.63,0.0931,False,
sample_0003,ScienceDB,hrnet_w32,15,neck_base,463.82,169.41,463.82,170.41,0.1772,False,
sample_0003,ScienceDB,hrnet_w32,16,neck_end,350.68,282.55,350.68,283.55,0.078,False,
sample_0003,ScienceDB,hrnet_w32,17,throat_base,576.96,360.88,576.96,361.88,0.2254,True,
sample_0003,ScienceDB,hrnet_w32,18,throat_end,594.37,360.88,594.37,361.88,0.0765,False,
sample_0003,ScienceDB,hrnet_w32,19,back_base,350.68,282.55,350.68,283.55,0.0759,False,
sample_0003,ScienceDB,hrnet_w32,20,back_end,672.7,195.52,672.7,196.52,0.0737,False,
sample_0003,ScienceDB,hrnet_w32,21,back_middle,359.38,500.13,359.38,501.13,0.0535,False,
sample_0003,ScienceDB,hrnet_w32,22,tail_base,672.7,195.52,672.7,196.52,0.0746,False,
sample_0003,ScienceDB,hrnet_w32,23,tail_end,307.16,212.93,307.16,213.93,0.0862,False,
sample_0003,ScienceDB,hrnet_w32,24,front_left_thai,768.43,308.66,768.43,309.66,0.0831,False,
sample_0003,ScienceDB,hrnet_w32,25,front_left_knee,724.91,474.02,724.91,475.02,0.0315,False,
sample_0003,ScienceDB,hrnet_w32,26,front_left_paw,594.37,134.6,594.37,135.6,0.2805,True,
sample_0003,ScienceDB,hrnet_w32,27,front_right_thai,472.52,439.21,472.52,440.21,0.1026,False,
sample_0003,ScienceDB,hrnet_w32,28,front_right_knee,516.04,395.7,516.04,396.7,0.0816,False,
sample_0003,ScienceDB,hrnet_w32,29,front_right_paw,594.37,334.77,594.37,335.77,0.3089,True,
sample_0003,ScienceDB,hrnet_w32,30,back_left_paw,672.7,212.93,672.7,213.93,0.113,False,
sample_0003,ScienceDB,hrnet_w32,31,back_left_thai,759.73,247.74,759.73,248.74,0.0797,False,
sample_0003,ScienceDB,hrnet_w32,32,back_right_thai,533.45,500.13,533.45,501.13,0.069,False,
sample_0003,ScienceDB,hrnet_w32,33,back_left_knee,794.54,256.45,794.54,257.45,0.0729,False,
sample_0003,ScienceDB,hrnet_w32,34,back_right_knee,594.37,326.07,594.37,327.07,0.0026,False,
sample_0003,ScienceDB,hrnet_w32,35,back_right_paw,603.07,352.18,603.07,353.18,0.112,False,
sample_0003,ScienceDB,hrnet_w32,36,belly_bottom,690.1,212.93,690.1,213.93,0.1599,False,
sample_0003,ScienceDB,hrnet_w32,37,body_middle_right,385.49,482.73,385.49,483.73,0.0932,False,
sample_0003,ScienceDB,hrnet_w32,38,body_middle_left,385.49,482.73,385.49,483.73,0.0917,False,
sample_0006,ScienceDB,hrnet_w32,0,nose,341.86,336.3,621.86,402.3,0.0447,False,
sample_0006,ScienceDB,hrnet_w32,1,upper_jaw,384.42,279.55,664.42,345.55,0.2418,True,
sample_0006,ScienceDB,hrnet_w32,2,lower_jaw,164.52,428.52,444.52,494.52,0.4692,True,
sample_0006,ScienceDB,hrnet_w32,3,mouth_end_right,341.86,137.67,621.86,203.67,0.0126,False,
sample_0006,ScienceDB,hrnet_w32,4,mouth_end_left,136.14,137.67,416.14,203.67,0.0177,False,
sample_0006,ScienceDB,hrnet_w32,5,right_eye,341.86,350.48,621.86,416.48,0.0739,False,
sample_0006,ScienceDB,hrnet_w32,6,right_earbase,391.52,315.02,671.52,381.02,0.0586,False,
sample_0006,ScienceDB,hrnet_w32,7,right_earend,462.45,336.3,742.45,402.3,0.1788,False,
sample_0006,ScienceDB,hrnet_w32,8,right_antler_base,434.08,279.55,714.08,345.55,0.0535,False,
sample_0006,ScienceDB,hrnet_w32,9,right_antler_end,370.23,471.08,650.23,537.08,0.1926,False,
sample_0006,ScienceDB,hrnet_w32,10,left_eye,72.3,66.73,352.3,132.73,0.0317,False,
sample_0006,ScienceDB,hrnet_w32,11,left_earbase,441.17,258.27,721.17,324.27,0.1275,False,
sample_0006,ScienceDB,hrnet_w32,12,left_earend,86.48,52.55,366.48,118.55,0.0549,False,
sample_0006,ScienceDB,hrnet_w32,13,left_antler_base,441.17,258.27,721.17,324.27,0.1151,False,
sample_0006,ScienceDB,hrnet_w32,14,left_antler_end,370.23,471.08,650.23,537.08,0.2055,True,
sample_0006,ScienceDB,hrnet_w32,15,neck_base,171.61,73.83,451.61,139.83,0.1584,False,
sample_0006,ScienceDB,hrnet_w32,16,neck_end,171.61,66.73,451.61,132.73,0.1577,False,
sample_0006,ScienceDB,hrnet_w32,17,throat_base,72.3,151.86,352.3,217.86,0.085,False,
sample_0006,ScienceDB,hrnet_w32,18,throat_end,114.86,109.3,394.86,175.3,0.0523,False,
sample_0006,ScienceDB,hrnet_w32,19,back_base,171.61,66.73,451.61,132.73,0.1412,False,
sample_0006,ScienceDB,hrnet_w32,20,back_end,334.77,329.2,614.77,395.2,0.3162,True,
sample_0006,ScienceDB,hrnet_w32,21,back_middle,320.58,109.3,600.58,175.3,0.0773,False,
sample_0006,ScienceDB,hrnet_w32,22,tail_base,334.77,329.2,614.77,395.2,0.3199,True,
sample_0006,ScienceDB,hrnet_w32,23,tail_end,370.23,471.08,650.23,537.08,0.3193,True,
sample_0006,ScienceDB,hrnet_w32,24,front_left_thai,58.11,229.89,338.11,295.89,0.0986,False,
sample_0006,ScienceDB,hrnet_w32,25,front_left_knee,100.67,315.02,380.67,381.02,0.1348,False,
sample_0006,ScienceDB,hrnet_w32,26,front_left_paw,143.23,428.52,423.23,494.52,0.1834,False,
sample_0006,ScienceDB,hrnet_w32,27,front_right_thai,221.27,95.11,501.27,161.11,0.1954,False,
sample_0006,ScienceDB,hrnet_w32,28,front_right_knee,79.39,336.3,359.39,402.3,0.1292,False,
sample_0006,ScienceDB,hrnet_w32,29,front_right_paw,86.48,343.39,366.48,409.39,0.1705,False,
sample_0006,ScienceDB,hrnet_w32,30,back_left_paw,270.92,499.45,550.92,565.45,0.0817,False,
sample_0006,ScienceDB,hrnet_w32,31,back_left_thai,249.64,350.48,529.64,416.48,0.1402,False,
sample_0006,ScienceDB,hrnet_w32,32,back_right_thai,363.14,385.95,643.14,451.95,0.2747,True,
sample_0006,ScienceDB,hrnet_w32,33,back_left_knee,242.55,485.27,522.55,551.27,0.1721,False,
sample_0006,ScienceDB,hrnet_w32,34,back_right_knee,320.58,471.08,600.58,537.08,0.2492,True,
sample_0006,ScienceDB,hrnet_w32,35,back_right_paw,143.23,428.52,423.23,494.52,0.1008,False,
sample_0006,ScienceDB,hrnet_w32,36,belly_bottom,129.05,357.58,409.05,423.58,0.3428,True,
sample_0006,ScienceDB,hrnet_w32,37,body_middle_right,192.89,215.7,472.89,281.7,0.0813,False,
sample_0006,ScienceDB,hrnet_w32,38,body_middle_left,192.89,215.7,472.89,281.7,0.0803,False,
sample_0007,ScienceDB,hrnet_w32,0,nose,417.77,381.48,417.77,381.48,0.014,False,
sample_0007,ScienceDB,hrnet_w32,1,upper_jaw,347.02,54.27,347.02,54.27,0.136,False,
sample_0007,ScienceDB,hrnet_w32,2,lower_jaw,355.86,45.42,355.86,45.42,0.114,False,
sample_0007,ScienceDB,hrnet_w32,3,mouth_end_right,426.61,337.27,426.61,337.27,0.032,False,
sample_0007,ScienceDB,hrnet_w32,4,mouth_end_left,453.14,337.27,453.14,337.27,0.0882,False,
sample_0007,ScienceDB,hrnet_w32,5,right_eye,400.08,239.98,400.08,239.98,0.0088,False,
sample_0007,ScienceDB,hrnet_w32,6,right_earbase,408.92,107.33,408.92,107.33,0.0363,False,
sample_0007,ScienceDB,hrnet_w32,7,right_earend,683.08,178.08,683.08,178.08,0.0761,False,
sample_0007,ScienceDB,hrnet_w32,8,right_antler_base,408.92,107.33,408.92,107.33,0.0331,False,
sample_0007,ScienceDB,hrnet_w32,9,right_antler_end,338.17,45.42,338.17,45.42,0.0652,False,
sample_0007,ScienceDB,hrnet_w32,10,left_eye,302.8,239.98,302.8,239.98,0.0393,False,
sample_0007,ScienceDB,hrnet_w32,11,left_earbase,709.61,195.77,709.61,195.77,0.0319,False,
sample_0007,ScienceDB,hrnet_w32,12,left_earend,329.33,45.42,329.33,45.42,0.0643,False,
sample_0007,ScienceDB,hrnet_w32,13,left_antler_base,709.61,195.77,709.61,195.77,0.026,False,
sample_0007,ScienceDB,hrnet_w32,14,left_antler_end,338.17,45.42,338.17,45.42,0.0789,False,
sample_0007,ScienceDB,hrnet_w32,15,neck_base,709.61,204.61,709.61,204.61,0.032,False,
sample_0007,ScienceDB,hrnet_w32,16,neck_end,700.77,204.61,700.77,204.61,0.0573,False,
sample_0007,ScienceDB,hrnet_w32,17,throat_base,709.61,204.61,709.61,204.61,0.0407,False,
sample_0007,ScienceDB,hrnet_w32,18,throat_end,780.36,231.14,780.36,231.14,0.0463,False,
sample_0007,ScienceDB,hrnet_w32,19,back_base,691.92,204.61,691.92,204.61,0.0596,False,
sample_0007,ScienceDB,hrnet_w32,20,back_end,347.02,45.42,347.02,45.42,0.1121,False,
sample_0007,ScienceDB,hrnet_w32,21,back_middle,691.92,213.45,691.92,213.45,0.0539,False,
sample_0007,ScienceDB,hrnet_w32,22,tail_base,347.02,45.42,347.02,45.42,0.1171,False,
sample_0007,ScienceDB,hrnet_w32,23,tail_end,338.17,45.42,338.17,45.42,0.1183,False,
sample_0007,ScienceDB,hrnet_w32,24,front_left_thai,523.89,346.11,523.89,346.11,0.0617,False,
sample_0007,ScienceDB,hrnet_w32,25,front_left_knee,444.3,540.67,444.3,540.67,0.0218,False,
sample_0007,ScienceDB,hrnet_w32,26,front_left_paw,364.7,549.52,364.7,549.52,0.0699,False,
sample_0007,ScienceDB,hrnet_w32,27,front_right_thai,691.92,434.55,691.92,434.55,0.0364,False,
sample_0007,ScienceDB,hrnet_w32,28,front_right_knee,780.36,408.02,780.36,408.02,0.0211,False,
sample_0007,ScienceDB,hrnet_w32,29,front_right_paw,550.42,531.83,550.42,531.83,0.0314,False,
sample_0007,ScienceDB,hrnet_w32,30,back_left_paw,373.55,549.52,373.55,549.52,0.1512,False,
sample_0007,ScienceDB,hrnet_w32,31,back_left_thai,497.36,160.39,497.36,160.39,0.0513,False,
sample_0007,ScienceDB,hrnet_w32,32,back_right_thai,550.42,178.08,550.42,178.08,0.1506,False,
sample_0007,ScienceDB,hrnet_w32,33,back_left_knee,373.55,549.52,373.55,549.52,0.0918,False,
sample_0007,ScienceDB,hrnet_w32,34,back_right_knee,585.8,293.05,585.8,293.05,0.1597,False,
sample_0007,ScienceDB,hrnet_w32,35,back_right_paw,523.89,531.83,523.89,531.83,0.1108,False,
sample_0007,ScienceDB,hrnet_w32,36,belly_bottom,612.33,425.7,612.33,425.7,0.1082,False,
sample_0007,ScienceDB,hrnet_w32,37,body_middle_right,674.23,222.3,674.23,222.3,0.2138,True,
sample_0007,ScienceDB,hrnet_w32,38,body_middle_left,674.23,222.3,674.23,222.3,0.21,True,
sample_0008,ScienceDB,hrnet_w32,0,nose,205.24,101.49,737.24,101.49,0.0082,False,
sample_0008,ScienceDB,hrnet_w32,1,upper_jaw,205.24,101.49,737.24,101.49,0.1747,False,
sample_0008,ScienceDB,hrnet_w32,2,lower_jaw,271.05,359.26,803.05,359.26,0.4811,True,
sample_0008,ScienceDB,hrnet_w32,3,mouth_end_right,51.68,57.62,583.68,57.62,0.0142,False,
sample_0008,ScienceDB,hrnet_w32,4,mouth_end_left,342.35,315.38,874.35,315.38,0.0206,False,
sample_0008,ScienceDB,hrnet_w32,5,right_eye,238.15,200.21,770.15,200.21,0.0717,False,
sample_0008,ScienceDB,hrnet_w32,6,right_earbase,40.71,68.59,572.71,68.59,0.0491,False,
sample_0008,ScienceDB,hrnet_w32,7,right_earend,29.74,79.55,561.74,79.55,0.0728,False,
sample_0008,ScienceDB,hrnet_w32,8,right_antler_base,46.2,41.16,578.2,41.16,0.0457,False,
sample_0008,ScienceDB,hrnet_w32,9,right_antler_end,29.74,79.55,561.74,79.55,0.0179,False,
sample_0008,ScienceDB,hrnet_w32,10,left_eye,199.76,24.71,731.76,24.71,0.0379,False,
sample_0008,ScienceDB,hrnet_w32,11,left_earbase,95.55,19.23,627.55,19.23,0.0444,False,
sample_0008,ScienceDB,hrnet_w32,12,left_earend,29.74,68.59,561.74,68.59,0.0435,False,
sample_0008,ScienceDB,hrnet_w32,13,left_antler_base,95.55,19.23,627.55,19.23,0.0393,False,
sample_0008,ScienceDB,hrnet_w32,14,left_antler_end,29.74,68.59,561.74,68.59,0.0083,False,
sample_0008,ScienceDB,hrnet_w32,15,neck_base,221.7,24.71,753.7,24.71,0.0527,False,
sample_0008,ScienceDB,hrnet_w32,16,neck_end,232.66,19.23,764.66,19.23,0.065,False,
sample_0008,ScienceDB,hrnet_w32,17,throat_base,309.45,276.99,841.45,276.99,0.0581,False,
sample_0008,ScienceDB,hrnet_w32,18,throat_end,292.99,183.76,824.99,183.76,0.0472,False,
sample_0008,ScienceDB,hrnet_w32,19,back_base,232.66,19.23,764.66,19.23,0.0635,False,
sample_0008,ScienceDB,hrnet_w32,20,back_end,221.7,13.74,753.7,13.74,0.0541,False,
sample_0008,ScienceDB,hrnet_w32,21,back_middle,243.63,57.62,775.63,57.62,0.026,False,
sample_0008,ScienceDB,hrnet_w32,22,tail_base,221.7,13.74,753.7,13.74,0.0552,False,
sample_0008,ScienceDB,hrnet_w32,23,tail_end,331.38,320.87,863.38,320.87,0.0062,False,
sample_0008,ScienceDB,hrnet_w32,24,front_left_thai,57.16,276.99,589.16,276.99,0.1349,False,
sample_0008,ScienceDB,hrnet_w32,25,front_left_knee,57.16,326.35,589.16,326.35,0.0867,False,
sample_0008,ScienceDB,hrnet_w32,26,front_left_paw,353.32,315.38,885.32,315.38,0.0335,False,
sample_0008,ScienceDB,hrnet_w32,27,front_right_thai,101.04,293.45,633.04,293.45,0.1037,False,
sample_0008,ScienceDB,hrnet_w32,28,front_right_knee,73.62,348.29,605.62,348.29,0.1203,False,
sample_0008,ScienceDB,hrnet_w32,29,front_right_paw,68.13,359.26,600.13,359.26,0.0434,False,
sample_0008,ScienceDB,hrnet_w32,30,back_left_paw,314.93,337.32,846.93,337.32,0.0091,False,
sample_0008,ScienceDB,hrnet_w32,31,back_left_thai,117.49,315.38,649.49,315.38,0.1044,False,
sample_0008,ScienceDB,hrnet_w32,32,back_right_thai,265.57,276.99,797.57,276.99,0.0352,False,
sample_0008,ScienceDB,hrnet_w32,33,back_left_knee,57.16,326.35,589.16,326.35,0.0653,False,
sample_0008,ScienceDB,hrnet_w32,34,back_right_knee,331.38,348.29,863.38,348.29,0.0582,False,
sample_0008,ScienceDB,hrnet_w32,35,back_right_paw,287.51,24.71,819.51,24.71,0.0219,False,
sample_0008,ScienceDB,hrnet_w32,36,belly_bottom,172.34,331.84,704.34,331.84,0.2693,True,
sample_0008,ScienceDB,hrnet_w32,37,body_middle_right,57.16,161.82,589.16,161.82,0.0934,False,
sample_0008,ScienceDB,hrnet_w32,38,body_middle_left,57.16,161.82,589.16,161.82,0.0918,False,
sample_0009,ScienceDB,hrnet_w32,0,nose,216.9,286.48,713.9,286.48,0.0306,False,
sample_0009,ScienceDB,hrnet_w32,1,upper_jaw,317.74,315.29,814.74,315.29,0.1676,False,
sample_0009,ScienceDB,hrnet_w32,2,lower_jaw,324.95,315.29,821.95,315.29,0.1573,False,
sample_0009,ScienceDB,hrnet_w32,3,mouth_end_right,159.27,567.4,656.27,567.4,0.0168,False,
sample_0009,ScienceDB,hrnet_w32,4,mouth_end_left,360.96,336.9,857.96,336.9,0.0248,False,
sample_0009,ScienceDB,hrnet_w32,5,right_eye,209.7,236.05,706.7,236.05,0.1061,False,
sample_0009,ScienceDB,hrnet_w32,6,right_earbase,166.48,142.41,663.48,142.41,0.0517,False,
sample_0009,ScienceDB,hrnet_w32,7,right_earend,152.07,221.65,649.07,221.65,0.1043,False,
sample_0009,ScienceDB,hrnet_w32,8,right_antler_base,195.29,142.41,692.29,142.41,0.0517,False,
sample_0009,ScienceDB,hrnet_w32,9,right_antler_end,260.12,538.59,757.12,538.59,0.1524,False,
sample_0009,ScienceDB,hrnet_w32,10,left_eye,281.73,228.85,778.73,228.85,0.0602,False,
sample_0009,ScienceDB,hrnet_w32,11,left_earbase,260.12,142.41,757.12,142.41,0.0462,False,
sample_0009,ScienceDB,hrnet_w32,12,left_earend,274.52,113.6,771.52,113.6,0.0154,False,
sample_0009,ScienceDB,hrnet_w32,13,left_antler_base,260.12,142.41,757.12,142.41,0.0416,False,
sample_0009,ScienceDB,hrnet_w32,14,left_antler_end,260.12,538.59,757.12,538.59,0.1627,False,
sample_0009,ScienceDB,hrnet_w32,15,neck_base,209.7,171.23,706.7,171.23,0.0434,False,
sample_0009,ScienceDB,hrnet_w32,16,neck_end,202.49,113.6,699.49,113.6,0.0709,False,
sample_0009,ScienceDB,hrnet_w32,17,throat_base,144.87,480.96,641.87,480.96,0.029,False,
sample_0009,ScienceDB,hrnet_w32,18,throat_end,188.09,128.01,685.09,128.01,0.0476,False,
sample_0009,ScienceDB,hrnet_w32,19,back_base,202.49,113.6,699.49,113.6,0.0766,False,
sample_0009,ScienceDB,hrnet_w32,20,back_end,288.93,509.77,785.93,509.77,0.155,False,
sample_0009,ScienceDB,hrnet_w32,21,back_middle,188.09,120.8,685.09,120.8,0.0692,False,
sample_0009,ScienceDB,hrnet_w32,22,tail_base,288.93,509.77,785.93,509.77,0.1562,False,
sample_0009,ScienceDB,hrnet_w32,23,tail_end,260.12,538.59,757.12,538.59,0.2587,True,
sample_0009,ScienceDB,hrnet_w32,24,front_left_thai,346.55,164.02,843.55,164.02,0.1072,False,
sample_0009,ScienceDB,hrnet_w32,25,front_left_knee,108.85,452.15,605.85,452.15,0.0921,False,
sample_0009,ScienceDB,hrnet_w32,26,front_left_paw,137.66,538.59,634.66,538.59,0.1366,False,
sample_0009,ScienceDB,hrnet_w32,27,front_right_thai,346.55,156.82,843.55,156.82,0.1996,False,
sample_0009,ScienceDB,hrnet_w32,28,front_right_knee,159.27,538.59,656.27,538.59,0.1128,False,
sample_0009,ScienceDB,hrnet_w32,29,front_right_paw,188.09,567.4,685.09,567.4,0.0995,False,
sample_0009,ScienceDB,hrnet_w32,30,back_left_paw,123.26,552.99,620.26,552.99,0.3139,True,
sample_0009,ScienceDB,hrnet_w32,31,back_left_thai,108.85,365.71,605.85,365.71,0.0208,False,
sample_0009,ScienceDB,hrnet_w32,32,back_right_thai,353.76,466.55,850.76,466.55,0.1592,False,
sample_0009,ScienceDB,hrnet_w32,33,back_left_knee,94.45,437.74,591.45,437.74,0.3119,True,
sample_0009,ScienceDB,hrnet_w32,34,back_right_knee,332.15,538.59,829.15,538.59,0.062,False,
sample_0009,ScienceDB,hrnet_w32,35,back_right_paw,310.54,524.18,807.54,524.18,0.0781,False,
sample_0009,ScienceDB,hrnet_w32,36,belly_bottom,123.26,380.12,620.26,380.12,0.1498,False,
sample_0009,ScienceDB,hrnet_w32,37,body_middle_right,44.02,322.49,541.02,322.49,0.1429,False,
sample_0009,ScienceDB,hrnet_w32,38,body_middle_left,44.02,322.49,541.02,322.49,0.1402,False,
sample_0010,ScienceDB,hrnet_w32,0,nose,604.54,245.77,616.54,245.77,0.0818,False,
sample_0010,ScienceDB,hrnet_w32,1,upper_jaw,533.91,563.59,545.91,563.59,0.0908,False,
sample_0010,ScienceDB,hrnet_w32,2,lower_jaw,533.91,563.59,545.91,563.59,0.2347,True,
sample_0010,ScienceDB,hrnet_w32,3,mouth_end_right,489.77,492.96,501.77,492.96,0.0676,False,
sample_0010,ScienceDB,hrnet_w32,4,mouth_end_left,436.8,439.99,448.8,439.99,0.0376,False,
sample_0010,ScienceDB,hrnet_w32,5,right_eye,454.46,484.13,466.46,484.13,0.2118,True,
sample_0010,ScienceDB,hrnet_w32,6,right_earbase,525.09,219.29,537.09,219.29,0.0544,False,
sample_0010,ScienceDB,hrnet_w32,7,right_earend,525.09,219.29,537.09,219.29,0.0486,False,
sample_0010,ScienceDB,hrnet_w32,8,right_antler_base,507.43,219.29,519.43,219.29,0.0464,False,
sample_0010,ScienceDB,hrnet_w32,9,right_antler_end,463.29,475.3,475.29,475.3,0.0343,False,
sample_0010,ScienceDB,hrnet_w32,10,left_eye,454.46,475.3,466.46,475.3,0.1898,False,
sample_0010,ScienceDB,hrnet_w32,11,left_earbase,375.01,413.51,387.01,413.51,0.1151,False,
sample_0010,ScienceDB,hrnet_w32,12,left_earend,357.35,431.16,369.35,431.16,0.066,False,
sample_0010,ScienceDB,hrnet_w32,13,left_antler_base,375.01,413.51,387.01,413.51,0.0988,False,
sample_0010,ScienceDB,hrnet_w32,14,left_antler_end,463.29,475.3,475.29,475.3,0.0358,False,
sample_0010,ScienceDB,hrnet_w32,15,neck_base,383.84,404.68,395.84,404.68,0.0938,False,
sample_0010,ScienceDB,hrnet_w32,16,neck_end,304.38,360.54,316.38,360.54,0.1048,False,
sample_0010,ScienceDB,hrnet_w32,17,throat_base,436.8,422.34,448.8,422.34,0.065,False,
sample_0010,ScienceDB,hrnet_w32,18,throat_end,498.6,475.3,510.6,475.3,0.0789,False,
sample_0010,ScienceDB,hrnet_w32,19,back_base,304.38,360.54,316.38,360.54,0.1046,False,
sample_0010,ScienceDB,hrnet_w32,20,back_end,551.57,175.15,563.57,175.15,0.4083,True,
sample_0010,ScienceDB,hrnet_w32,21,back_middle,525.09,122.18,537.09,122.18,0.0527,False,
sample_0010,ScienceDB,hrnet_w32,22,tail_base,551.57,175.15,563.57,175.15,0.4119,True,
sample_0010,ScienceDB,hrnet_w32,23,tail_end,463.29,475.3,475.29,475.3,0.0616,False,
sample_0010,ScienceDB,hrnet_w32,24,front_left_thai,454.46,431.16,466.46,431.16,0.0799,False,
sample_0010,ScienceDB,hrnet_w32,25,front_left_knee,516.26,492.96,528.26,492.96,0.1357,False,
sample_0010,ScienceDB,hrnet_w32,26,front_left_paw,507.43,563.59,519.43,563.59,0.2096,True,
sample_0010,ScienceDB,hrnet_w32,27,front_right_thai,551.57,369.37,563.57,369.37,0.1167,False,
sample_0010,ScienceDB,hrnet_w32,28,front_right_knee,551.57,422.34,563.57,422.34,0.1079,False,
sample_0010,ScienceDB,hrnet_w32,29,front_right_paw,472.12,563.59,484.12,563.59,0.1788,False,
sample_0010,ScienceDB,hrnet_w32,30,back_left_paw,586.88,563.59,598.88,563.59,0.2,True,
sample_0010,ScienceDB,hrnet_w32,31,back_left_thai,419.15,387.02,431.15,387.02,0.1659,False,
sample_0010,ScienceDB,hrnet_w32,32,back_right_thai,569.23,360.54,581.23,360.54,0.1776,False,
sample_0010,ScienceDB,hrnet_w32,33,back_left_knee,480.95,457.65,492.95,457.65,0.1602,False,
sample_0010,ScienceDB,hrnet_w32,34,back_right_knee,533.91,545.93,545.91,545.93,0.2179,True,
sample_0010,ScienceDB,hrnet_w32,35,back_right_paw,525.09,563.59,537.09,563.59,0.1282,False,
sample_0010,ScienceDB,hrnet_w32,36,belly_bottom,463.29,404.68,475.29,404.68,0.0945,False,
sample_0010,ScienceDB,hrnet_w32,37,body_middle_right,454.46,281.09,466.46,281.09,0.0626,False,
sample_0010,ScienceDB,hrnet_w32,38,body_middle_left,454.46,281.09,466.46,281.09,0.0637,False,
sample_0104,MmCows,hrnet_w32,0,nose,156.41,92.53,216.41,104.53,0.1007,False,
sample_0104,MmCows,hrnet_w32,1,upper_jaw,86.28,98.91,146.28,110.91,0.1644,False,
sample_0104,MmCows,hrnet_w32,2,lower_jaw,67.16,121.22,127.16,133.22,0.4912,True,
sample_0104,MmCows,hrnet_w32,3,mouth_end_right,121.34,76.59,181.34,88.59,0.012,False,
sample_0104,MmCows,hrnet_w32,4,mouth_end_left,185.09,67.03,245.09,79.03,0.0155,False,
sample_0104,MmCows,hrnet_w32,5,right_eye,143.66,70.22,203.66,82.22,0.2622,True,
sample_0104,MmCows,hrnet_w32,6,right_earbase,118.16,35.16,178.16,47.16,0.2157,True,
sample_0104,MmCows,hrnet_w32,7,right_earend,111.78,25.59,171.78,37.59,0.2451,True,
sample_0104,MmCows,hrnet_w32,8,right_antler_base,118.16,35.16,178.16,47.16,0.2022,True,
sample_0104,MmCows,hrnet_w32,9,right_antler_end,44.84,98.91,104.84,110.91,0.0813,False,
sample_0104,MmCows,hrnet_w32,10,left_eye,162.78,70.22,222.78,82.22,0.3314,True,
sample_0104,MmCows,hrnet_w32,11,left_earbase,118.16,35.16,178.16,47.16,0.0446,False,
sample_0104,MmCows,hrnet_w32,12,left_earend,185.09,31.97,245.09,43.97,0.0222,False,
sample_0104,MmCows,hrnet_w32,13,left_antler_base,118.16,35.16,178.16,47.16,0.0655,False,
sample_0104,MmCows,hrnet_w32,14,left_antler_end,44.84,98.91,104.84,110.91,0.0853,False,
sample_0104,MmCows,hrnet_w32,15,neck_base,114.97,76.59,174.97,88.59,0.2514,True,
sample_0104,MmCows,hrnet_w32,16,neck_end,105.41,60.66,165.41,72.66,0.1821,False,
sample_0104,MmCows,hrnet_w32,17,throat_base,121.34,76.59,181.34,88.59,0.1109,False,
sample_0104,MmCows,hrnet_w32,18,throat_end,114.97,89.34,174.97,101.34,0.1173,False,
sample_0104,MmCows,hrnet_w32,19,back_base,105.41,60.66,165.41,72.66,0.1886,False,
sample_0104,MmCows,hrnet_w32,20,back_end,79.91,70.22,139.91,82.22,0.1571,False,
sample_0104,MmCows,hrnet_w32,21,back_middle,99.03,63.84,159.03,75.84,0.3758,True,
sample_0104,MmCows,hrnet_w32,22,tail_base,79.91,70.22,139.91,82.22,0.159,False,
sample_0104,MmCows,hrnet_w32,23,tail_end,44.84,98.91,104.84,110.91,0.134,False,
sample_0104,MmCows,hrnet_w32,24,front_left_thai,127.72,105.28,187.72,117.28,0.0859,False,
sample_0104,MmCows,hrnet_w32,25,front_left_knee,79.91,124.41,139.91,136.41,0.0801,False,
sample_0104,MmCows,hrnet_w32,26,front_left_paw,130.91,118.03,190.91,130.03,0.0738,False,
sample_0104,MmCows,hrnet_w32,27,front_right_thai,124.53,98.91,184.53,110.91,0.1068,False,
sample_0104,MmCows,hrnet_w32,28,front_right_knee,70.34,111.66,130.34,123.66,0.0279,False,
sample_0104,MmCows,hrnet_w32,29,front_right_paw,60.78,118.03,120.78,130.03,0.0064,False,
sample_0104,MmCows,hrnet_w32,30,back_left_paw,41.66,111.66,101.66,123.66,0.1816,False,
sample_0104,MmCows,hrnet_w32,31,back_left_thai,89.47,108.47,149.47,120.47,0.2648,True,
sample_0104,MmCows,hrnet_w32,32,back_right_thai,89.47,114.84,149.47,126.84,0.3518,True,
sample_0104,MmCows,hrnet_w32,33,back_left_knee,76.72,124.41,136.72,136.41,0.1658,False,
sample_0104,MmCows,hrnet_w32,34,back_right_knee,76.72,130.78,136.72,142.78,0.3027,True,
sample_0104,MmCows,hrnet_w32,35,back_right_paw,79.91,140.34,139.91,152.34,0.3041,True,
sample_0104,MmCows,hrnet_w32,36,belly_bottom,57.59,95.72,117.59,107.72,0.3518,True,
sample_0104,MmCows,hrnet_w32,37,body_middle_right,89.47,92.53,149.47,104.53,0.1406,False,
sample_0104,MmCows,hrnet_w32,38,body_middle_left,89.47,92.53,149.47,104.53,0.1427,False,
sample_0105,MmCows,hrnet_w32,0,nose,473.53,30.66,473.53,30.66,0.0518,False,
sample_0105,MmCows,hrnet_w32,1,upper_jaw,251.53,266.53,251.53,266.53,0.1783,False,
sample_0105,MmCows,hrnet_w32,2,lower_jaw,91.97,211.03,91.97,211.03,0.4375,True,
sample_0105,MmCows,hrnet_w32,3,mouth_end_right,473.53,30.66,473.53,30.66,0.0635,False,
sample_0105,MmCows,hrnet_w32,4,mouth_end_left,147.47,127.78,147.47,127.78,0.0129,False,
sample_0105,MmCows,hrnet_w32,5,right_eye,154.41,197.16,154.41,197.16,0.038,False,
sample_0105,MmCows,hrnet_w32,6,right_earbase,147.47,72.28,147.47,72.28,0.0854,False,
sample_0105,MmCows,hrnet_w32,7,right_earend,473.53,37.59,473.53,37.59,0.0277,False,
sample_0105,MmCows,hrnet_w32,8,right_antler_base,154.41,65.34,154.41,65.34,0.079,False,
sample_0105,MmCows,hrnet_w32,9,right_antler_end,64.22,280.41,64.22,280.41,0.1582,False,
sample_0105,MmCows,hrnet_w32,10,left_eye,168.28,197.16,168.28,197.16,0.1598,False,
sample_0105,MmCows,hrnet_w32,11,left_earbase,223.78,58.41,223.78,58.41,0.0391,False,
sample_0105,MmCows,hrnet_w32,12,left_earend,473.53,44.53,473.53,44.53,0.0567,False,
sample_0105,MmCows,hrnet_w32,13,left_antler_base,175.22,72.28,175.22,72.28,0.038,False,
sample_0105,MmCows,hrnet_w32,14,left_antler_end,64.22,280.41,64.22,280.41,0.169,False,
sample_0105,MmCows,hrnet_w32,15,neck_base,307.03,58.41,307.03,58.41,0.1729,False,
sample_0105,MmCows,hrnet_w32,16,neck_end,313.97,37.59,313.97,37.59,0.1297,False,
sample_0105,MmCows,hrnet_w32,17,throat_base,147.47,127.78,147.47,127.78,0.0728,False,
sample_0105,MmCows,hrnet_w32,18,throat_end,293.16,37.59,293.16,37.59,0.0629,False,
sample_0105,MmCows,hrnet_w32,19,back_base,313.97,37.59,313.97,37.59,0.1112,False,
sample_0105,MmCows,hrnet_w32,20,back_end,369.47,190.22,369.47,190.22,0.0223,False,
sample_0105,MmCows,hrnet_w32,21,back_middle,313.97,51.47,313.97,51.47,0.0341,False,
sample_0105,MmCows,hrnet_w32,22,tail_base,369.47,190.22,369.47,190.22,0.0229,False,
sample_0105,MmCows,hrnet_w32,23,tail_end,64.22,280.41,64.22,280.41,0.2619,True,
sample_0105,MmCows,hrnet_w32,24,front_left_thai,286.22,155.53,286.22,155.53,0.0532,False,
sample_0105,MmCows,hrnet_w32,25,front_left_knee,147.47,127.78,147.47,127.78,0.0579,False,
sample_0105,MmCows,hrnet_w32,26,front_left_paw,293.16,259.59,293.16,259.59,0.1203,False,
sample_0105,MmCows,hrnet_w32,27,front_right_thai,307.03,37.59,307.03,37.59,0.0749,False,
sample_0105,MmCows,hrnet_w32,28,front_right_knee,438.84,183.28,438.84,183.28,0.0373,False,
sample_0105,MmCows,hrnet_w32,29,front_right_paw,376.41,9.84,376.41,9.84,0.2485,True,
sample_0105,MmCows,hrnet_w32,30,back_left_paw,459.66,294.28,459.66,294.28,0.2968,True,
sample_0105,MmCows,hrnet_w32,31,back_left_thai,147.47,127.78,147.47,127.78,0.0859,False,
sample_0105,MmCows,hrnet_w32,32,back_right_thai,189.09,148.59,189.09,148.59,0.1033,False,
sample_0105,MmCows,hrnet_w32,33,back_left_knee,445.78,183.28,445.78,183.28,0.0732,False,
sample_0105,MmCows,hrnet_w32,34,back_right_knee,438.84,183.28,438.84,183.28,0.1201,False,
sample_0105,MmCows,hrnet_w32,35,back_right_paw,466.59,294.28,466.59,294.28,0.235,True,
sample_0105,MmCows,hrnet_w32,36,belly_bottom,161.34,127.78,161.34,127.78,0.2836,True,
sample_0105,MmCows,hrnet_w32,37,body_middle_right,362.53,134.72,362.53,134.72,0.0699,False,
sample_0105,MmCows,hrnet_w32,38,body_middle_left,362.53,134.72,362.53,134.72,0.0692,False,
sample_0107,MmCows,hrnet_w32,0,nose,0.77,67.53,315.77,130.53,0.0076,False,
sample_0107,MmCows,hrnet_w32,1,upper_jaw,0.77,67.53,315.77,130.53,0.15,False,
sample_0107,MmCows,hrnet_w32,2,lower_jaw,13.15,80.03,328.15,143.03,0.4451,True,
sample_0107,MmCows,hrnet_w32,3,mouth_end_right,30.16,12.84,345.16,75.84,0.0203,False,
sample_0107,MmCows,hrnet_w32,4,mouth_end_left,0.77,61.28,315.77,124.28,0.1168,False,
sample_0107,MmCows,hrnet_w32,5,right_eye,0.77,39.41,315.77,102.41,0.0652,False,
sample_0107,MmCows,hrnet_w32,6,right_earbase,0.77,33.16,315.77,96.16,0.2334,True,
sample_0107,MmCows,hrnet_w32,7,right_earend,0.77,34.72,315.77,97.72,0.1153,False,
sample_0107,MmCows,hrnet_w32,8,right_antler_base,0.77,33.16,315.77,96.16,0.2131,True,
sample_0107,MmCows,hrnet_w32,9,right_antler_end,98.23,33.16,413.23,96.16,0.0883,False,
sample_0107,MmCows,hrnet_w32,10,left_eye,0.77,45.66,315.77,108.66,0.0981,False,
sample_0107,MmCows,hrnet_w32,11,left_earbase,11.6,44.09,326.6,107.09,0.4544,True,
sample_0107,MmCows,hrnet_w32,12,left_earend,13.15,42.53,328.15,105.53,0.3205,True,
sample_0107,MmCows,hrnet_w32,13,left_antler_base,11.6,44.09,326.6,107.09,0.3952,True,
sample_0107,MmCows,hrnet_w32,14,left_antler_end,11.6,44.09,326.6,107.09,0.0959,False,
sample_0107,MmCows,hrnet_w32,15,neck_base,22.43,44.09,337.43,107.09,0.3335,True,
sample_0107,MmCows,hrnet_w32,16,neck_end,13.15,30.03,328.15,93.03,0.1746,False,
sample_0107,MmCows,hrnet_w32,17,throat_base,16.24,61.28,331.24,124.28,0.1936,False,
sample_0107,MmCows,hrnet_w32,18,throat_end,17.79,61.28,332.79,124.28,0.1996,False,
sample_0107,MmCows,hrnet_w32,19,back_base,13.15,30.03,328.15,93.03,0.1855,False,
sample_0107,MmCows,hrnet_w32,20,back_end,92.04,40.97,407.04,103.97,0.6502,True,
sample_0107,MmCows,hrnet_w32,21,back_middle,67.29,23.78,382.29,86.78,0.0495,False,
sample_0107,MmCows,hrnet_w32,22,tail_base,92.04,40.97,407.04,103.97,0.6559,True,
sample_0107,MmCows,hrnet_w32,23,tail_end,98.23,33.16,413.23,96.16,0.1469,False,
sample_0107,MmCows,hrnet_w32,24,front_left_thai,36.35,62.84,351.35,125.84,0.1938,False,
sample_0107,MmCows,hrnet_w32,25,front_left_knee,17.79,75.34,332.79,138.34,0.1301,False,
sample_0107,MmCows,hrnet_w32,26,front_left_paw,14.7,89.41,329.7,152.41,0.1761,False,
sample_0107,MmCows,hrnet_w32,27,front_right_thai,22.43,64.41,337.43,127.41,0.2544,True,
sample_0107,MmCows,hrnet_w32,28,front_right_knee,11.6,80.03,326.6,143.03,0.1206,False,
sample_0107,MmCows,hrnet_w32,29,front_right_paw,16.24,87.84,331.24,150.84,0.1735,False,
sample_0107,MmCows,hrnet_w32,30,back_left_paw,67.29,86.28,382.29,149.28,0.201,True,
sample_0107,MmCows,hrnet_w32,31,back_left_thai,96.68,69.09,411.68,132.09,0.1138,False,
sample_0107,MmCows,hrnet_w32,32,back_right_thai,39.45,64.41,354.45,127.41,0.1267,False,
sample_0107,MmCows,hrnet_w32,33,back_left_knee,67.29,75.34,382.29,138.34,0.2526,True,
sample_0107,MmCows,hrnet_w32,34,back_right_knee,65.74,75.34,380.74,138.34,0.2536,True,
sample_0107,MmCows,hrnet_w32,35,back_right_paw,65.74,86.28,380.74,149.28,0.3247,True,
sample_0107,MmCows,hrnet_w32,36,belly_bottom,58.01,70.66,373.01,133.66,0.6062,True,
sample_0107,MmCows,hrnet_w32,37,body_middle_right,59.55,51.91,374.55,114.91,0.254,True,
sample_0107,MmCows,hrnet_w32,38,body_middle_left,59.55,51.91,374.55,114.91,0.2496,True,
sample_0109,MmCows,hrnet_w32,0,nose,80.2,71.47,487.2,71.47,0.5355,True,
sample_0109,MmCows,hrnet_w32,1,upper_jaw,81.9,71.47,488.9,71.47,0.2933,True,
sample_0109,MmCows,hrnet_w32,2,lower_jaw,10.37,57.97,417.37,57.97,0.2029,True,
sample_0109,MmCows,hrnet_w32,3,mouth_end_right,78.49,66.41,485.49,66.41,0.1568,False,
sample_0109,MmCows,hrnet_w32,4,mouth_end_left,90.41,69.78,497.41,69.78,0.1471,False,
sample_0109,MmCows,hrnet_w32,5,right_eye,80.2,46.16,487.2,46.16,0.4901,True,
sample_0109,MmCows,hrnet_w32,6,right_earbase,93.82,24.22,500.82,24.22,0.0529,False,
sample_0109,MmCows,hrnet_w32,7,right_earend,83.6,9.03,490.6,9.03,0.5416,True,
sample_0109,MmCows,hrnet_w32,8,right_antler_base,93.82,24.22,500.82,24.22,0.0489,False,
sample_0109,MmCows,hrnet_w32,9,right_antler_end,83.6,9.03,490.6,9.03,0.3845,True,
sample_0109,MmCows,hrnet_w32,10,left_eye,92.12,51.22,499.12,51.22,0.4358,True,
sample_0109,MmCows,hrnet_w32,11,left_earbase,109.15,39.41,516.15,39.41,0.035,False,
sample_0109,MmCows,hrnet_w32,12,left_earend,85.3,10.72,492.3,10.72,0.124,False,
sample_0109,MmCows,hrnet_w32,13,left_antler_base,109.15,39.41,516.15,39.41,0.0299,False,
sample_0109,MmCows,hrnet_w32,14,left_antler_end,85.3,9.03,492.3,9.03,0.3234,True,
sample_0109,MmCows,hrnet_w32,15,neck_base,88.71,34.34,495.71,34.34,0.0468,False,
sample_0109,MmCows,hrnet_w32,16,neck_end,109.15,7.34,516.15,7.34,0.0593,False,
sample_0109,MmCows,hrnet_w32,17,throat_base,75.09,78.22,482.09,78.22,0.0654,False,
sample_0109,MmCows,hrnet_w32,18,throat_end,93.82,83.28,500.82,83.28,0.0534,False,
sample_0109,MmCows,hrnet_w32,19,back_base,109.15,7.34,516.15,7.34,0.0636,False,
sample_0109,MmCows,hrnet_w32,20,back_end,44.43,7.34,451.43,7.34,0.3073,True,
sample_0109,MmCows,hrnet_w32,21,back_middle,73.38,3.97,480.38,3.97,0.4368,True,
sample_0109,MmCows,hrnet_w32,22,tail_base,44.43,7.34,451.43,7.34,0.3099,True,
sample_0109,MmCows,hrnet_w32,23,tail_end,85.3,9.03,492.3,9.03,0.4572,True,
sample_0109,MmCows,hrnet_w32,24,front_left_thai,107.45,74.84,514.45,74.84,0.0779,False,
sample_0109,MmCows,hrnet_w32,25,front_left_knee,102.34,100.16,509.34,100.16,0.0418,False,
sample_0109,MmCows,hrnet_w32,26,front_left_paw,81.9,81.59,488.9,81.59,0.0589,False,
sample_0109,MmCows,hrnet_w32,27,front_right_thai,54.65,59.66,461.65,59.66,0.2355,True,
sample_0109,MmCows,hrnet_w32,28,front_right_knee,51.24,73.16,458.24,73.16,0.394,True,
sample_0109,MmCows,hrnet_w32,29,front_right_paw,61.46,79.91,468.46,79.91,0.1636,False,
sample_0109,MmCows,hrnet_w32,30,back_left_paw,6.96,64.72,413.96,64.72,0.1844,False,
sample_0109,MmCows,hrnet_w32,31,back_left_thai,29.1,27.59,436.1,27.59,0.0729,False,
sample_0109,MmCows,hrnet_w32,32,back_right_thai,32.51,22.53,439.51,22.53,0.2091,True,
sample_0109,MmCows,hrnet_w32,33,back_left_knee,39.32,52.91,446.32,52.91,0.0933,False,
sample_0109,MmCows,hrnet_w32,34,back_right_knee,15.48,49.53,422.48,49.53,0.6287,True,
sample_0109,MmCows,hrnet_w32,35,back_right_paw,5.26,68.09,412.26,68.09,0.6075,True,
sample_0109,MmCows,hrnet_w32,36,belly_bottom,27.4,39.41,434.4,39.41,0.1198,False,
sample_0109,MmCows,hrnet_w32,37,body_middle_right,54.65,32.66,461.65,32.66,0.1793,False,
sample_0109,MmCows,hrnet_w32,38,body_middle_left,52.95,30.97,459.95,30.97,0.1779,False,
sample_0110,MmCows,hrnet_w32,0,nose,222.12,80.84,222.12,80.84,0.0093,False,
sample_0110,MmCows,hrnet_w32,1,upper_jaw,222.12,80.84,222.12,80.84,0.1982,False,
sample_0110,MmCows,hrnet_w32,2,lower_jaw,180.24,185.52,180.24,185.52,0.3782,True,
sample_0110,MmCows,hrnet_w32,3,mouth_end_right,117.43,148.88,117.43,148.88,0.0124,False,
sample_0110,MmCows,hrnet_w32,4,mouth_end_left,96.49,201.23,96.49,201.23,0.027,False,
sample_0110,MmCows,hrnet_w32,5,right_eye,175.01,169.82,175.01,169.82,0.0378,False,
sample_0110,MmCows,hrnet_w32,6,right_earbase,164.54,70.37,164.54,70.37,0.0601,False,
sample_0110,MmCows,hrnet_w32,7,right_earend,164.54,96.54,164.54,96.54,0.0715,False,
sample_0110,MmCows,hrnet_w32,8,right_antler_base,164.54,70.37,164.54,70.37,0.0514,False,
sample_0110,MmCows,hrnet_w32,9,right_antler_end,54.62,7.55,54.62,7.55,0.0267,False,
sample_0110,MmCows,hrnet_w32,10,left_eye,175.01,175.05,175.01,175.05,0.0373,False,
sample_0110,MmCows,hrnet_w32,11,left_earbase,206.41,75.6,206.41,75.6,0.0412,False,
sample_0110,MmCows,hrnet_w32,12,left_earend,54.62,227.4,54.62,227.4,0.0213,False,
sample_0110,MmCows,hrnet_w32,13,left_antler_base,206.41,70.37,206.41,70.37,0.0362,False,
sample_0110,MmCows,hrnet_w32,14,left_antler_end,54.62,7.55,54.62,7.55,0.028,False,
sample_0110,MmCows,hrnet_w32,15,neck_base,91.26,227.4,91.26,227.4,0.116,False,
sample_0110,MmCows,hrnet_w32,16,neck_end,96.49,222.16,96.49,222.16,0.0251,False,
sample_0110,MmCows,hrnet_w32,17,throat_base,65.09,222.16,65.09,222.16,0.0775,False,
sample_0110,MmCows,hrnet_w32,18,throat_end,54.62,258.8,54.62,258.8,0.1478,False,
sample_0110,MmCows,hrnet_w32,19,back_base,59.85,284.98,59.85,284.98,0.0213,False,
sample_0110,MmCows,hrnet_w32,20,back_end,300.63,175.05,300.63,175.05,0.1596,False,
sample_0110,MmCows,hrnet_w32,21,back_middle,195.95,117.48,195.95,117.48,0.0227,False,
sample_0110,MmCows,hrnet_w32,22,tail_base,300.63,175.05,300.63,175.05,0.1622,False,
sample_0110,MmCows,hrnet_w32,23,tail_end,54.62,7.55,54.62,7.55,0.0451,False,
sample_0110,MmCows,hrnet_w32,24,front_left_thai,101.73,290.21,101.73,290.21,0.0861,False,
sample_0110,MmCows,hrnet_w32,25,front_left_knee,86.02,290.21,86.02,290.21,0.0784,False,
sample_0110,MmCows,hrnet_w32,26,front_left_paw,96.49,159.35,96.49,159.35,0.0502,False,
sample_0110,MmCows,hrnet_w32,27,front_right_thai,138.37,169.82,138.37,169.82,0.1011,False,
sample_0110,MmCows,hrnet_w32,28,front_right_knee,138.37,159.35,138.37,159.35,0.1004,False,
sample_0110,MmCows,hrnet_w32,29,front_right_paw,54.62,216.93,54.62,216.93,0.1022,False,
sample_0110,MmCows,hrnet_w32,30,back_left_paw,216.88,169.82,216.88,169.82,0.0472,False,
sample_0110,MmCows,hrnet_w32,31,back_left_thai,279.7,190.76,279.7,190.76,0.0756,False,
sample_0110,MmCows,hrnet_w32,32,back_right_thai,305.87,185.52,305.87,185.52,0.1188,False,
sample_0110,MmCows,hrnet_w32,33,back_left_knee,232.59,190.76,232.59,190.76,0.0769,False,
sample_0110,MmCows,hrnet_w32,34,back_right_knee,216.88,185.52,216.88,185.52,0.0874,False,
sample_0110,MmCows,hrnet_w32,35,back_right_paw,195.95,154.12,195.95,154.12,0.1149,False,
sample_0110,MmCows,hrnet_w32,36,belly_bottom,211.65,190.76,211.65,190.76,0.2563,True,
sample_0110,MmCows,hrnet_w32,37,body_middle_right,237.82,127.95,237.82,127.95,0.0521,False,
sample_0110,MmCows,hrnet_w32,38,body_middle_left,237.82,127.95,237.82,127.95,0.0515,False,
sample_0201,SideViewCows2026,hrnet_w32,0,nose,579.32,284.62,579.32,296.62,0.0972,False,True
sample_0201,SideViewCows2026,hrnet_w32,1,upper_jaw,686.43,177.51,686.43,189.51,0.0769,False,False
sample_0201,SideViewCows2026,hrnet_w32,2,lower_jaw,686.43,163.23,686.43,175.23,0.1667,False,False
sample_0201,SideViewCows2026,hrnet_w32,3,mouth_end_right,686.43,148.95,686.43,160.95,0.0633,False,False
sample_0201,SideViewCows2026,hrnet_w32,4,mouth_end_left,622.16,113.24,622.16,125.24,0.0299,False,True
sample_0201,SideViewCows2026,hrnet_w32,5,right_eye,686.43,163.23,686.43,175.23,0.1193,False,False
sample_0201,SideViewCows2026,hrnet_w32,6,right_earbase,686.43,134.66,686.43,146.66,0.2672,True,False
sample_0201,SideViewCows2026,hrnet_w32,7,right_earend,686.43,148.95,686.43,160.95,0.298,True,False
sample_0201,SideViewCows2026,hrnet_w32,8,right_antler_base,679.29,127.52,679.29,139.52,0.244,True,False
sample_0201,SideViewCows2026,hrnet_w32,9,right_antler_end,679.29,120.38,679.29,132.38,0.0784,False,False
sample_0201,SideViewCows2026,hrnet_w32,10,left_eye,607.88,241.77,607.88,253.77,0.1054,False,True
sample_0201,SideViewCows2026,hrnet_w32,11,left_earbase,665.01,113.24,665.01,125.24,0.1943,False,False
sample_0201,SideViewCows2026,hrnet_w32,12,left_earend,686.43,113.24,686.43,125.24,0.2417,True,False
sample_0201,SideViewCows2026,hrnet_w32,13,left_antler_base,665.01,113.24,665.01,125.24,0.1866,False,False
sample_0201,SideViewCows2026,hrnet_w32,14,left_antler_end,307.98,56.12,307.98,68.12,0.0777,False,True
sample_0201,SideViewCows2026,hrnet_w32,15,neck_base,579.32,163.23,579.32,175.23,0.3436,True,True
sample_0201,SideViewCows2026,hrnet_w32,16,neck_end,622.16,106.1,622.16,118.1,0.2282,True,True
sample_0201,SideViewCows2026,hrnet_w32,17,throat_base,622.16,234.63,622.16,246.63,0.079,False,True
sample_0201,SideViewCows2026,hrnet_w32,18,throat_end,607.88,241.77,607.88,253.77,0.0744,False,True
sample_0201,SideViewCows2026,hrnet_w32,19,back_base,622.16,106.1,622.16,118.1,0.2413,True,True
sample_0201,SideViewCows2026,hrnet_w32,20,back_end,236.57,41.84,236.57,53.84,0.0249,False,True
sample_0201,SideViewCows2026,hrnet_w32,21,back_middle,479.35,56.12,479.35,68.12,0.3373,True,False
sample_0201,SideViewCows2026,hrnet_w32,22,tail_base,236.57,41.84,236.57,53.84,0.0251,False,True
sample_0201,SideViewCows2026,hrnet_w32,23,tail_end,307.98,56.12,307.98,68.12,0.1207,False,True
sample_0201,SideViewCows2026,hrnet_w32,24,front_left_thai,507.91,277.48,507.91,289.48,0.3664,True,True
sample_0201,SideViewCows2026,hrnet_w32,25,front_left_knee,515.05,334.6,515.05,346.6,0.3844,True,False
sample_0201,SideViewCows2026,hrnet_w32,26,front_left_paw,422.23,406.01,422.23,418.01,0.347,True,True
sample_0201,SideViewCows2026,hrnet_w32,27,front_right_thai,536.48,277.48,536.48,289.48,0.507,True,False
sample_0201,SideViewCows2026,hrnet_w32,28,front_right_knee,550.76,348.88,550.76,360.88,0.5898,True,False
sample_0201,SideViewCows2026,hrnet_w32,29,front_right_paw,529.34,427.43,529.34,439.43,0.2962,True,False
sample_0201,SideViewCows2026,hrnet_w32,30,back_left_paw,272.27,413.15,272.27,425.15,0.7217,True,True
sample_0201,SideViewCows2026,hrnet_w32,31,back_left_thai,257.99,284.62,257.99,296.62,0.5982,True,True
sample_0201,SideViewCows2026,hrnet_w32,32,back_right_thai,236.57,248.91,236.57,260.91,0.1313,False,True
sample_0201,SideViewCows2026,hrnet_w32,33,back_left_knee,236.57,334.6,236.57,346.6,0.7082,True,True
sample_0201,SideViewCows2026,hrnet_w32,34,back_right_knee,236.57,334.6,236.57,346.6,0.008,False,True
sample_0201,SideViewCows2026,hrnet_w32,35,back_right_paw,272.27,413.15,272.27,425.15,0.0053,False,True
sample_0201,SideViewCows2026,hrnet_w32,36,belly_bottom,400.8,320.32,400.8,332.32,0.5672,True,True
sample_0201,SideViewCows2026,hrnet_w32,37,body_middle_right,407.95,220.35,407.95,232.35,0.3393,True,True
sample_0201,SideViewCows2026,hrnet_w32,38,body_middle_left,407.95,220.35,407.95,232.35,0.3333,True,True
sample_0202,SideViewCows2026,hrnet_w32,0,nose,815.15,270.02,815.15,279.02,0.7839,True,False
sample_0202,SideViewCows2026,hrnet_w32,1,upper_jaw,807.45,285.45,807.45,294.45,0.7227,True,False
sample_0202,SideViewCows2026,hrnet_w32,2,lower_jaw,799.74,293.17,799.74,302.17,0.7248,True,False
sample_0202,SideViewCows2026,hrnet_w32,3,mouth_end_right,792.04,277.73,792.04,286.73,0.8094,True,True
sample_0202,SideViewCows2026,hrnet_w32,4,mouth_end_left,815.15,285.45,815.15,294.45,0.2979,True,False
sample_0202,SideViewCows2026,hrnet_w32,5,right_eye,799.74,192.83,799.74,201.83,0.898,True,True
sample_0202,SideViewCows2026,hrnet_w32,6,right_earbase,776.63,146.52,776.63,155.52,0.5747,True,True
sample_0202,SideViewCows2026,hrnet_w32,7,right_earend,738.12,84.77,738.12,93.77,0.7882,True,True
sample_0202,SideViewCows2026,hrnet_w32,8,right_antler_base,776.63,146.52,776.63,155.52,0.5512,True,True
sample_0202,SideViewCows2026,hrnet_w32,9,right_antler_end,738.12,84.77,738.12,93.77,0.3077,True,True
sample_0202,SideViewCows2026,hrnet_w32,10,left_eye,799.74,192.83,799.74,201.83,0.9377,True,True
sample_0202,SideViewCows2026,hrnet_w32,11,left_earbase,707.3,100.2,707.3,109.2,0.5026,True,False
sample_0202,SideViewCows2026,hrnet_w32,12,left_earend,661.09,61.61,661.09,70.61,0.8285,True,False
sample_0202,SideViewCows2026,hrnet_w32,13,left_antler_base,707.3,100.2,707.3,109.2,0.4426,True,False
sample_0202,SideViewCows2026,hrnet_w32,14,left_antler_end,738.12,84.77,738.12,93.77,0.1669,False,True
sample_0202,SideViewCows2026,hrnet_w32,15,neck_base,691.9,100.2,691.9,109.2,0.5801,True,True
sample_0202,SideViewCows2026,hrnet_w32,16,neck_end,576.35,61.61,576.35,70.61,0.4975,True,True
sample_0202,SideViewCows2026,hrnet_w32,17,throat_base,676.49,254.58,676.49,263.58,0.5482,True,True
sample_0202,SideViewCows2026,hrnet_w32,18,throat_end,584.05,285.45,584.05,294.45,0.5496,True,True
sample_0202,SideViewCows2026,hrnet_w32,19,back_base,576.35,61.61,576.35,70.61,0.5248,True,True
sample_0202,SideViewCows2026,hrnet_w32,20,back_end,329.85,23.02,329.85,32.02,0.0527,False,True
sample_0202,SideViewCows2026,hrnet_w32,21,back_middle,337.55,30.73,337.55,39.73,0.3687,True,True
sample_0202,SideViewCows2026,hrnet_w32,22,tail_base,329.85,23.02,329.85,32.02,0.0492,False,True
sample_0202,SideViewCows2026,hrnet_w32,23,tail_end,745.82,84.77,745.82,93.77,0.2456,True,True
sample_0202,SideViewCows2026,hrnet_w32,24,front_left_thai,414.59,362.64,414.59,371.64,0.4931,True,True
sample_0202,SideViewCows2026,hrnet_w32,25,front_left_knee,399.18,401.23,399.18,410.23,0.7098,True,True
sample_0202,SideViewCows2026,hrnet_w32,26,front_left_paw,399.18,470.7,399.18,479.7,0.8428,True,True
sample_0202,SideViewCows2026,hrnet_w32,27,front_right_thai,468.51,347.2,468.51,356.2,0.6047,True,True
sample_0202,SideViewCows2026,hrnet_w32,28,front_right_knee,499.32,439.83,499.32,448.83,0.7033,True,True
sample_0202,SideViewCows2026,hrnet_w32,29,front_right_paw,514.73,478.42,514.73,487.42,0.4373,True,False
sample_0202,SideViewCows2026,hrnet_w32,30,back_left_paw,329.85,401.23,329.85,410.23,0.0632,False,False
sample_0202,SideViewCows2026,hrnet_w32,31,back_left_thai,329.85,370.36,329.85,379.36,0.0483,False,True
sample_0202,SideViewCows2026,hrnet_w32,32,back_right_thai,329.85,339.48,329.85,348.48,0.0269,False,True
sample_0202,SideViewCows2026,hrnet_w32,33,back_left_knee,329.85,401.23,329.85,410.23,0.0866,False,False
sample_0202,SideViewCows2026,hrnet_w32,34,back_right_knee,329.85,401.23,329.85,410.23,0.0111,False,False
sample_0202,SideViewCows2026,hrnet_w32,35,back_right_paw,792.04,293.17,792.04,302.17,0.0038,False,False
sample_0202,SideViewCows2026,hrnet_w32,36,belly_bottom,337.55,370.36,337.55,379.36,0.3232,True,True
sample_0202,SideViewCows2026,hrnet_w32,37,body_middle_right,337.55,215.98,337.55,224.98,0.1017,False,True
sample_0202,SideViewCows2026,hrnet_w32,38,body_middle_left,337.55,215.98,337.55,224.98,0.0999,False,True
sample_0203,SideViewCows2026,hrnet_w32,0,nose,154.92,478.29,154.92,496.29,0.0413,False,True
sample_0203,SideViewCows2026,hrnet_w32,1,upper_jaw,117.58,463.32,117.58,481.32,0.054,False,False
sample_0203,SideViewCows2026,hrnet_w32,2,lower_jaw,184.8,493.26,184.8,511.26,0.2124,True,False
sample_0203,SideViewCows2026,hrnet_w32,3,mouth_end_right,431.27,373.51,431.27,391.51,0.0718,False,False
sample_0203,SideViewCows2026,hrnet_w32,4,mouth_end_left,416.33,336.09,416.33,354.09,0.0307,False,False
sample_0203,SideViewCows2026,hrnet_w32,5,right_eye,237.08,358.54,237.08,376.54,0.0075,False,True
sample_0203,SideViewCows2026,hrnet_w32,6,right_earbase,169.86,313.63,169.86,331.63,0.0437,False,True
sample_0203,SideViewCows2026,hrnet_w32,7,right_earend,431.27,328.6,431.27,346.6,0.0823,False,False
sample_0203,SideViewCows2026,hrnet_w32,8,right_antler_base,169.86,313.63,169.86,331.63,0.042,False,True
sample_0203,SideViewCows2026,hrnet_w32,9,right_antler_end,13.02,343.57,13.02,361.57,0.0929,False,False
sample_0203,SideViewCows2026,hrnet_w32,10,left_eye,237.08,351.05,237.08,369.05,0.0495,False,True
sample_0203,SideViewCows2026,hrnet_w32,11,left_earbase,192.27,298.66,192.27,316.66,0.0372,False,True
sample_0203,SideViewCows2026,hrnet_w32,12,left_earend,431.27,366.02,431.27,384.02,0.0279,False,False
sample_0203,SideViewCows2026,hrnet_w32,13,left_antler_base,192.27,298.66,192.27,316.66,0.0354,False,True
sample_0203,SideViewCows2026,hrnet_w32,14,left_antler_end,13.02,343.57,13.02,361.57,0.0988,False,False
sample_0203,SideViewCows2026,hrnet_w32,15,neck_base,386.45,44.2,386.45,62.2,0.0582,False,False
sample_0203,SideViewCows2026,hrnet_w32,16,neck_end,364.05,59.16,364.05,77.16,0.0391,False,False
sample_0203,SideViewCows2026,hrnet_w32,17,throat_base,408.86,336.09,408.86,354.09,0.1667,False,False
sample_0203,SideViewCows2026,hrnet_w32,18,throat_end,431.27,291.18,431.27,309.18,0.1153,False,False
sample_0203,SideViewCows2026,hrnet_w32,19,back_base,364.05,59.16,364.05,77.16,0.0395,False,False
sample_0203,SideViewCows2026,hrnet_w32,20,back_end,80.23,74.13,80.23,92.13,0.6486,True,True
sample_0203,SideViewCows2026,hrnet_w32,21,back_middle,259.48,21.74,259.48,39.74,0.2085,True,False
sample_0203,SideViewCows2026,hrnet_w32,22,tail_base,80.23,74.13,80.23,92.13,0.6542,True,True
sample_0203,SideViewCows2026,hrnet_w32,23,tail_end,13.02,343.57,13.02,361.57,0.1647,False,False
sample_0203,SideViewCows2026,hrnet_w32,24,front_left_thai,431.27,276.21,431.27,294.21,0.2007,True,False
sample_0203,SideViewCows2026,hrnet_w32,25,front_left_knee,401.39,366.02,401.39,384.02,0.2665,True,False
sample_0203,SideViewCows2026,hrnet_w32,26,front_left_paw,416.33,395.96,416.33,413.96,0.6775,True,False
sample_0203,SideViewCows2026,hrnet_w32,27,front_right_thai,401.39,283.7,401.39,301.7,0.2713,True,False
sample_0203,SideViewCows2026,hrnet_w32,28,front_right_knee,393.92,358.54,393.92,376.54,0.2841,True,False
sample_0203,SideViewCows2026,hrnet_w32,29,front_right_paw,416.33,395.96,416.33,413.96,0.6125,True,False
sample_0203,SideViewCows2026,hrnet_w32,30,back_left_paw,20.48,433.38,20.48,451.38,0.4705,True,True
sample_0203,SideViewCows2026,hrnet_w32,31,back_left_thai,110.11,306.15,110.11,324.15,0.4245,True,True
sample_0203,SideViewCows2026,hrnet_w32,32,back_right_thai,199.73,328.6,199.73,346.6,0.3593,True,True
sample_0203,SideViewCows2026,hrnet_w32,33,back_left_knee,35.42,336.09,35.42,354.09,0.1948,False,True
sample_0203,SideViewCows2026,hrnet_w32,34,back_right_knee,154.92,440.87,154.92,458.87,0.575,True,True
sample_0203,SideViewCows2026,hrnet_w32,35,back_right_paw,20.48,448.35,20.48,466.35,0.4586,True,True
sample_0203,SideViewCows2026,hrnet_w32,36,belly_bottom,341.64,358.54,341.64,376.54,0.1071,False,False
sample_0203,SideViewCows2026,hrnet_w32,37,body_middle_right,296.83,81.62,296.83,99.62,0.104,False,True
sample_0203,SideViewCows2026,hrnet_w32,38,body_middle_left,296.83,81.62,296.83,99.62,0.1022,False,True
sample_0204,SideViewCows2026,hrnet_w32,0,nose,27.44,381.84,63.44,416.84,0.0695,False,False
sample_0204,SideViewCows2026,hrnet_w32,1,upper_jaw,8.69,400.62,44.69,435.62,0.0887,False,False
sample_0204,SideViewCows2026,hrnet_w32,2,lower_jaw,543.06,372.45,579.06,407.45,0.1011,False,False
sample_0204,SideViewCows2026,hrnet_w32,3,mouth_end_right,111.81,278.54,147.81,313.54,0.023,False,True
sample_0204,SideViewCows2026,hrnet_w32,4,mouth_end_left,55.56,287.93,91.56,322.93,0.0397,False,True
sample_0204,SideViewCows2026,hrnet_w32,5,right_eye,18.06,316.1,54.06,351.1,0.0566,False,False
sample_0204,SideViewCows2026,hrnet_w32,6,right_earbase,64.94,278.54,100.94,313.54,0.0328,False,True
sample_0204,SideViewCows2026,hrnet_w32,7,right_earend,102.44,222.2,138.44,257.2,0.0441,False,True
sample_0204,SideViewCows2026,hrnet_w32,8,right_antler_base,74.31,278.54,110.31,313.54,0.0286,False,True
sample_0204,SideViewCows2026,hrnet_w32,9,right_antler_end,486.81,334.88,522.81,369.88,0.1052,False,False
sample_0204,SideViewCows2026,hrnet_w32,10,left_eye,46.19,325.49,82.19,360.49,0.0748,False,True
sample_0204,SideViewCows2026,hrnet_w32,11,left_earbase,121.19,287.93,157.19,322.93,0.0464,False,True
sample_0204,SideViewCows2026,hrnet_w32,12,left_earend,18.06,156.46,54.06,191.46,0.0791,False,False
sample_0204,SideViewCows2026,hrnet_w32,13,left_antler_base,121.19,287.93,157.19,322.93,0.0416,False,True
sample_0204,SideViewCows2026,hrnet_w32,14,left_antler_end,468.06,428.79,504.06,463.79,0.1131,False,True
sample_0204,SideViewCows2026,hrnet_w32,15,neck_base,102.44,203.41,138.44,238.41,0.333,True,True
sample_0204,SideViewCows2026,hrnet_w32,16,neck_end,64.94,71.95,100.94,106.95,0.3764,True,True
sample_0204,SideViewCows2026,hrnet_w32,17,throat_base,158.69,334.88,194.69,369.88,0.2135,True,False
sample_0204,SideViewCows2026,hrnet_w32,18,throat_end,186.81,325.49,222.81,360.49,0.4347,True,True
sample_0204,SideViewCows2026,hrnet_w32,19,back_base,64.94,71.95,100.94,106.95,0.3912,True,True
sample_0204,SideViewCows2026,hrnet_w32,20,back_end,543.06,90.73,579.06,125.73,0.3457,True,True
sample_0204,SideViewCows2026,hrnet_w32,21,back_middle,308.69,34.38,344.69,69.38,0.6409,True,True
sample_0204,SideViewCows2026,hrnet_w32,22,tail_base,543.06,90.73,579.06,125.73,0.3487,True,True
sample_0204,SideViewCows2026,hrnet_w32,23,tail_end,486.81,334.88,522.81,369.88,0.1872,False,False
sample_0204,SideViewCows2026,hrnet_w32,24,front_left_thai,224.31,269.15,260.31,304.15,0.6971,True,True
sample_0204,SideViewCows2026,hrnet_w32,25,front_left_knee,261.81,353.66,297.81,388.66,0.6334,True,True
sample_0204,SideViewCows2026,hrnet_w32,26,front_left_paw,233.69,410.01,269.69,445.01,0.5927,True,True
sample_0204,SideViewCows2026,hrnet_w32,27,front_right_thai,168.06,269.15,204.06,304.15,0.613,True,True
sample_0204,SideViewCows2026,hrnet_w32,28,front_right_knee,83.69,306.71,119.69,341.71,0.563,True,True
sample_0204,SideViewCows2026,hrnet_w32,29,front_right_paw,214.94,381.84,250.94,416.84,0.793,True,True
sample_0204,SideViewCows2026,hrnet_w32,30,back_left_paw,561.81,400.62,597.81,435.62,0.312,True,False
sample_0204,SideViewCows2026,hrnet_w32,31,back_left_thai,552.44,240.98,588.44,275.98,0.4959,True,True
sample_0204,SideViewCows2026,hrnet_w32,32,back_right_thai,514.94,240.98,550.94,275.98,0.4368,True,False
sample_0204,SideViewCows2026,hrnet_w32,33,back_left_knee,552.44,325.49,588.44,360.49,0.5934,True,True
sample_0204,SideViewCows2026,hrnet_w32,34,back_right_knee,524.31,344.27,560.31,379.27,0.6778,True,False
sample_0204,SideViewCows2026,hrnet_w32,35,back_right_paw,486.81,428.79,522.81,463.79,0.7355,True,False
sample_0204,SideViewCows2026,hrnet_w32,36,belly_bottom,393.06,316.1,429.06,351.1,0.5577,True,True
sample_0204,SideViewCows2026,hrnet_w32,37,body_middle_right,364.94,175.24,400.94,210.24,0.3251,True,True
sample_0204,SideViewCows2026,hrnet_w32,38,body_middle_left,364.94,175.24,400.94,210.24,0.3193,True,True
sample_0205,SideViewCows2026,hrnet_w32,0,nose,730.53,294.72,768.53,308.72,0.0897,False,False
sample_0205,SideViewCows2026,hrnet_w32,1,upper_jaw,730.53,327.97,768.53,341.97,0.1168,False,False
sample_0205,SideViewCows2026,hrnet_w32,2,lower_jaw,730.53,286.41,768.53,300.41,0.1225,False,False
sample_0205,SideViewCows2026,hrnet_w32,3,mouth_end_right,730.53,286.41,768.53,300.41,0.1282,False,False
sample_0205,SideViewCows2026,hrnet_w32,4,mouth_end_left,738.84,244.84,776.84,258.84,0.0621,False,False
sample_0205,SideViewCows2026,hrnet_w32,5,right_eye,730.53,228.22,768.53,242.22,0.445,True,False
sample_0205,SideViewCows2026,hrnet_w32,6,right_earbase,713.91,128.47,751.91,142.47,0.1929,False,False
sample_0205,SideViewCows2026,hrnet_w32,7,right_earend,722.22,211.59,760.22,225.59,0.1269,False,False
sample_0205,SideViewCows2026,hrnet_w32,8,right_antler_base,713.91,128.47,751.91,142.47,0.1834,False,False
sample_0205,SideViewCows2026,hrnet_w32,9,right_antler_end,705.59,128.47,743.59,142.47,0.0337,False,False
sample_0205,SideViewCows2026,hrnet_w32,10,left_eye,738.84,228.22,776.84,242.22,0.4511,True,False
sample_0205,SideViewCows2026,hrnet_w32,11,left_earbase,705.59,95.22,743.59,109.22,0.2105,True,False
sample_0205,SideViewCows2026,hrnet_w32,12,left_earend,688.97,70.28,726.97,84.28,0.1497,False,False
sample_0205,SideViewCows2026,hrnet_w32,13,left_antler_base,705.59,95.22,743.59,109.22,0.1981,False,False
sample_0205,SideViewCows2026,hrnet_w32,14,left_antler_end,705.59,78.59,743.59,92.59,0.0373,False,False
sample_0205,SideViewCows2026,hrnet_w32,15,neck_base,655.72,161.72,693.72,175.72,0.6752,True,True
sample_0205,SideViewCows2026,hrnet_w32,16,neck_end,647.41,86.91,685.41,100.91,0.2488,True,True
sample_0205,SideViewCows2026,hrnet_w32,17,throat_base,664.03,261.47,702.03,275.47,0.5743,True,False
sample_0205,SideViewCows2026,hrnet_w32,18,throat_end,622.47,269.78,660.47,283.78,0.7308,True,True
sample_0205,SideViewCows2026,hrnet_w32,19,back_base,647.41,86.91,685.41,100.91,0.2639,True,True
sample_0205,SideViewCows2026,hrnet_w32,20,back_end,414.66,61.97,452.66,75.97,0.006,False,True
sample_0205,SideViewCows2026,hrnet_w32,21,back_middle,414.66,61.97,452.66,75.97,0.4096,True,True
sample_0205,SideViewCows2026,hrnet_w32,22,tail_base,223.47,319.66,261.47,333.66,0.0022,False,True
sample_0205,SideViewCows2026,hrnet_w32,23,tail_end,215.16,444.34,253.16,458.34,0.0122,False,True
sample_0205,SideViewCows2026,hrnet_w32,24,front_left_thai,506.09,294.72,544.09,308.72,0.689,True,True
sample_0205,SideViewCows2026,hrnet_w32,25,front_left_knee,506.09,336.28,544.09,350.28,0.7656,True,True
sample_0205,SideViewCows2026,hrnet_w32,26,front_left_paw,489.47,427.72,527.47,441.72,0.8868,True,True
sample_0205,SideViewCows2026,hrnet_w32,27,front_right_thai,555.97,286.41,593.97,300.41,0.8273,True,True
sample_0205,SideViewCows2026,hrnet_w32,28,front_right_knee,572.59,344.59,610.59,358.59,0.7419,True,True
sample_0205,SideViewCows2026,hrnet_w32,29,front_right_paw,555.97,460.97,593.97,474.97,0.8425,True,True
sample_0205,SideViewCows2026,hrnet_w32,30,back_left_paw,215.16,502.53,253.16,516.53,0.194,False,False
sample_0205,SideViewCows2026,hrnet_w32,31,back_left_thai,215.16,319.66,253.16,333.66,0.1041,False,True
sample_0205,SideViewCows2026,hrnet_w32,32,back_right_thai,223.47,327.97,261.47,341.97,0.6625,True,True
sample_0205,SideViewCows2026,hrnet_w32,33,back_left_knee,223.47,444.34,261.47,458.34,0.2669,True,True
sample_0205,SideViewCows2026,hrnet_w32,34,back_right_knee,215.16,444.34,253.16,458.34,0.5874,True,True
sample_0205,SideViewCows2026,hrnet_w32,35,back_right_paw,281.66,510.84,319.66,524.84,0.1823,False,True
sample_0205,SideViewCows2026,hrnet_w32,36,belly_bottom,373.09,336.28,411.09,350.28,0.774,True,True
sample_0205,SideViewCows2026,hrnet_w32,37,body_middle_right,381.41,211.59,419.41,225.59,0.6001,True,True
sample_0205,SideViewCows2026,hrnet_w32,38,body_middle_left,381.41,211.59,419.41,225.59,0.5895,True,True
sample_0206,SideViewCows2026,hrnet_w32,0,nose,387.68,108.59,411.68,119.59,0.0563,False,True
sample_0206,SideViewCows2026,hrnet_w32,1,upper_jaw,387.68,124.87,411.68,135.87,0.2534,True,True
sample_0206,SideViewCows2026,hrnet_w32,2,lower_jaw,452.8,385.37,476.8,396.37,0.3094,True,True
sample_0206,SideViewCows2026,hrnet_w32,3,mouth_end_right,493.51,189.99,517.51,200.99,0.0093,False,True
sample_0206,SideViewCows2026,hrnet_w32,4,mouth_end_left,29.49,312.1,53.49,323.1,0.0227,False,True
sample_0206,SideViewCows2026,hrnet_w32,5,right_eye,477.23,165.57,501.23,176.57,0.1498,False,False
sample_0206,SideViewCows2026,hrnet_w32,6,right_earbase,21.35,393.51,45.35,404.51,0.0227,False,True
sample_0206,SideViewCows2026,hrnet_w32,7,right_earend,314.41,214.41,338.41,225.41,0.0208,False,True
sample_0206,SideViewCows2026,hrnet_w32,8,right_antler_base,21.35,393.51,45.35,404.51,0.0211,False,True
sample_0206,SideViewCows2026,hrnet_w32,9,right_antler_end,5.07,222.55,29.07,233.55,0.0897,False,False
sample_0206,SideViewCows2026,hrnet_w32,10,left_eye,493.51,149.29,517.51,160.29,0.1307,False,True
sample_0206,SideViewCows2026,hrnet_w32,11,left_earbase,452.8,35.32,476.8,46.32,0.0911,False,False
sample_0206,SideViewCows2026,hrnet_w32,12,left_earend,444.66,149.29,468.66,160.29,0.0392,False,False
sample_0206,SideViewCows2026,hrnet_w32,13,left_antler_base,452.8,35.32,476.8,46.32,0.0806,False,False
sample_0206,SideViewCows2026,hrnet_w32,14,left_antler_end,5.07,222.55,29.07,233.55,0.0933,False,False
sample_0206,SideViewCows2026,hrnet_w32,15,neck_base,477.23,76.02,501.23,87.02,0.1991,False,False
sample_0206,SideViewCows2026,hrnet_w32,16,neck_end,469.09,51.6,493.09,62.6,0.1978,False,False
sample_0206,SideViewCows2026,hrnet_w32,17,throat_base,493.51,206.27,517.51,217.27,0.1094,False,False
sample_0206,SideViewCows2026,hrnet_w32,18,throat_end,469.09,76.02,493.09,87.02,0.0521,False,True
sample_0206,SideViewCows2026,hrnet_w32,19,back_base,469.09,51.6,493.09,62.6,0.187,False,False
sample_0206,SideViewCows2026,hrnet_w32,20,back_end,78.34,43.46,102.34,54.46,0.5893,True,True
sample_0206,SideViewCows2026,hrnet_w32,21,back_middle,281.85,27.18,305.85,38.18,0.552,True,True
sample_0206,SideViewCows2026,hrnet_w32,22,tail_base,78.34,43.46,102.34,54.46,0.5944,True,True
sample_0206,SideViewCows2026,hrnet_w32,23,tail_end,5.07,222.55,29.07,233.55,0.1456,False,False
sample_0206,SideViewCows2026,hrnet_w32,24,front_left_thai,192.3,287.68,216.3,298.68,0.415,True,True
sample_0206,SideViewCows2026,hrnet_w32,25,front_left_knee,167.88,360.95,191.88,371.95,0.5967,True,True
sample_0206,SideViewCows2026,hrnet_w32,26,front_left_paw,184.16,417.93,208.16,428.93,0.546,True,False
sample_0206,SideViewCows2026,hrnet_w32,27,front_right_thai,102.76,263.26,126.76,274.26,0.182,False,True
sample_0206,SideViewCows2026,hrnet_w32,28,front_right_knee,53.91,312.1,77.91,323.1,0.2065,True,False
sample_0206,SideViewCows2026,hrnet_w32,29,front_right_paw,452.8,393.51,476.8,404.51,0.1832,False,True
sample_0206,SideViewCows2026,hrnet_w32,30,back_left_paw,29.49,409.79,53.49,420.79,0.309,True,True
sample_0206,SideViewCows2026,hrnet_w32,31,back_left_thai,78.34,222.55,102.34,233.55,0.3149,True,True
sample_0206,SideViewCows2026,hrnet_w32,32,back_right_thai,53.91,198.13,77.91,209.13,0.1543,False,True
sample_0206,SideViewCows2026,hrnet_w32,33,back_left_knee,29.49,287.68,53.49,298.68,0.5362,True,True
sample_0206,SideViewCows2026,hrnet_w32,34,back_right_knee,21.35,303.96,45.35,314.96,0.4744,True,True
sample_0206,SideViewCows2026,hrnet_w32,35,back_right_paw,37.63,401.65,61.63,412.65,0.4569,True,True
sample_0206,SideViewCows2026,hrnet_w32,36,belly_bottom,281.85,295.82,305.85,306.82,0.4877,True,True
sample_0206,SideViewCows2026,hrnet_w32,37,body_middle_right,289.99,181.85,313.99,192.85,0.4201,True,True
sample_0206,SideViewCows2026,hrnet_w32,38,body_middle_left,289.99,181.85,313.99,192.85,0.4128,True,True
sample_0207,SideViewCows2026,hrnet_w32,0,nose,108.55,71.77,217.55,84.77,0.0006,False,True
sample_0207,SideViewCows2026,hrnet_w32,1,upper_jaw,154.21,474.23,263.21,487.23,0.003,False,True
sample_0207,SideViewCows2026,hrnet_w32,2,lower_jaw,154.21,474.23,263.21,487.23,0.1018,False,True
sample_0207,SideViewCows2026,hrnet_w32,3,mouth_end_right,70.51,94.55,179.51,107.55,0.0307,False,True
sample_0207,SideViewCows2026,hrnet_w32,4,mouth_end_left,108.55,147.7,217.55,160.7,0.0143,False,True
sample_0207,SideViewCows2026,hrnet_w32,5,right_eye,108.55,170.48,217.55,183.48,0.0058,False,True
sample_0207,SideViewCows2026,hrnet_w32,6,right_earbase,55.29,86.95,164.29,99.95,0.0223,False,False
sample_0207,SideViewCows2026,hrnet_w32,7,right_earend,230.3,276.8,339.3,289.8,0.0145,False,True
sample_0207,SideViewCows2026,hrnet_w32,8,right_antler_base,55.29,86.95,164.29,99.95,0.0208,False,False
sample_0207,SideViewCows2026,hrnet_w32,9,right_antler_end,32.46,208.45,141.46,221.45,0.1346,False,False
sample_0207,SideViewCows2026,hrnet_w32,10,left_eye,161.82,216.05,270.82,229.05,0.0065,False,True
sample_0207,SideViewCows2026,hrnet_w32,11,left_earbase,146.6,443.86,255.6,456.86,0.0287,False,True
sample_0207,SideViewCows2026,hrnet_w32,12,left_earend,17.24,64.17,126.24,77.17,0.0422,False,False
sample_0207,SideViewCows2026,hrnet_w32,13,left_antler_base,146.6,443.86,255.6,456.86,0.0245,False,True
sample_0207,SideViewCows2026,hrnet_w32,14,left_antler_end,32.46,208.45,141.46,221.45,0.1437,False,False
sample_0207,SideViewCows2026,hrnet_w32,15,neck_base,177.04,155.3,286.04,168.3,0.0373,False,True
sample_0207,SideViewCows2026,hrnet_w32,16,neck_end,108.55,71.77,217.55,84.77,0.1922,False,True
sample_0207,SideViewCows2026,hrnet_w32,17,throat_base,146.6,291.98,255.6,304.98,0.0073,False,True
sample_0207,SideViewCows2026,hrnet_w32,18,throat_end,352.05,405.89,461.05,418.89,0.0391,False,False
sample_0207,SideViewCows2026,hrnet_w32,19,back_base,108.55,71.77,217.55,84.77,0.204,True,True
sample_0207,SideViewCows2026,hrnet_w32,20,back_end,40.07,117.33,149.07,130.33,0.4305,True,True
sample_0207,SideViewCows2026,hrnet_w32,21,back_middle,336.84,64.17,445.84,77.17,0.1246,False,True
sample_0207,SideViewCows2026,hrnet_w32,22,tail_base,40.07,117.33,149.07,130.33,0.4342,True,True
sample_0207,SideViewCows2026,hrnet_w32,23,tail_end,32.46,208.45,141.46,221.45,0.2226,True,False
sample_0207,SideViewCows2026,hrnet_w32,24,front_left_thai,169.43,352.73,278.43,365.73,0.4177,True,True
sample_0207,SideViewCows2026,hrnet_w32,25,front_left_knee,154.21,459.05,263.21,472.05,0.2216,True,True
sample_0207,SideViewCows2026,hrnet_w32,26,front_left_paw,184.65,512.2,293.65,525.2,0.0704,False,True
sample_0207,SideViewCows2026,hrnet_w32,27,front_right_thai,245.52,360.33,354.52,373.33,0.129,False,True
sample_0207,SideViewCows2026,hrnet_w32,28,front_right_knee,298.79,459.05,407.79,472.05,0.1726,False,False
sample_0207,SideViewCows2026,hrnet_w32,29,front_right_paw,367.27,497.02,476.27,510.02,0.1615,False,False
sample_0207,SideViewCows2026,hrnet_w32,30,back_left_paw,184.65,512.2,293.65,525.2,0.1376,False,True
sample_0207,SideViewCows2026,hrnet_w32,31,back_left_thai,253.13,367.92,362.13,380.92,0.0196,False,False
sample_0207,SideViewCows2026,hrnet_w32,32,back_right_thai,169.43,345.14,278.43,358.14,0.2131,True,True
sample_0207,SideViewCows2026,hrnet_w32,33,back_left_knee,131.38,436.27,240.38,449.27,0.1012,False,True
sample_0207,SideViewCows2026,hrnet_w32,34,back_right_knee,146.6,451.45,255.6,464.45,0.5569,True,True
sample_0207,SideViewCows2026,hrnet_w32,35,back_right_paw,199.87,512.2,308.87,525.2,0.1192,False,False
sample_0207,SideViewCows2026,hrnet_w32,36,belly_bottom,443.37,398.3,552.37,411.3,0.2406,True,False
sample_0207,SideViewCows2026,hrnet_w32,37,body_middle_right,405.32,238.83,514.32,251.83,0.1556,False,True
sample_0207,SideViewCows2026,hrnet_w32,38,body_middle_left,405.32,238.83,514.32,251.83,0.1529,False,True
sample_0209,SideViewCows2026,hrnet_w32,0,nose,721.4,241.41,722.4,257.41,0.1121,False,True
sample_0209,SideViewCows2026,hrnet_w32,1,upper_jaw,710.2,241.41,711.2,257.41,0.1253,False,True
sample_0209,SideViewCows2026,hrnet_w32,2,lower_jaw,721.4,17.66,722.4,33.66,0.0506,False,False
sample_0209,SideViewCows2026,hrnet_w32,3,mouth_end_right,721.4,252.59,722.4,268.59,0.0618,False,True
sample_0209,SideViewCows2026,hrnet_w32,4,mouth_end_left,620.57,-60.66,621.57,-44.66,0.0363,False,False
sample_0209,SideViewCows2026,hrnet_w32,5,right_eye,721.4,219.03,722.4,235.03,0.0745,False,True
sample_0209,SideViewCows2026,hrnet_w32,6,right_earbase,721.4,174.28,722.4,190.28,0.08,False,True
sample_0209,SideViewCows2026,hrnet_w32,7,right_earend,721.4,40.03,722.4,56.03,0.1075,False,False
sample_0209,SideViewCows2026,hrnet_w32,8,right_antler_base,721.4,174.28,722.4,190.28,0.0679,False,True
sample_0209,SideViewCows2026,hrnet_w32,9,right_antler_end,105.23,498.72,106.23,514.72,0.1198,False,True
sample_0209,SideViewCows2026,hrnet_w32,10,left_eye,710.2,219.03,711.2,235.03,0.0617,False,True
sample_0209,SideViewCows2026,hrnet_w32,11,left_earbase,620.57,95.97,621.57,111.97,0.0435,False,True
sample_0209,SideViewCows2026,hrnet_w32,12,left_earend,721.4,17.66,722.4,33.66,0.0538,False,False
sample_0209,SideViewCows2026,hrnet_w32,13,left_antler_base,620.57,95.97,621.57,111.97,0.0369,False,True
sample_0209,SideViewCows2026,hrnet_w32,14,left_antler_end,105.23,498.72,106.23,514.72,0.1291,False,True
sample_0209,SideViewCows2026,hrnet_w32,15,neck_base,687.79,107.16,688.79,123.16,0.4586,True,True
sample_0209,SideViewCows2026,hrnet_w32,16,neck_end,654.18,40.03,655.18,56.03,0.18,False,True
sample_0209,SideViewCows2026,hrnet_w32,17,throat_base,698.99,219.03,699.99,235.03,0.1318,False,True
sample_0209,SideViewCows2026,hrnet_w32,18,throat_end,721.4,207.84,722.4,223.84,0.2926,True,True
sample_0209,SideViewCows2026,hrnet_w32,19,back_base,654.18,40.03,655.18,56.03,0.1803,False,True
sample_0209,SideViewCows2026,hrnet_w32,20,back_end,71.62,163.09,72.62,179.09,0.6629,True,True
sample_0209,SideViewCows2026,hrnet_w32,21,back_middle,385.3,62.41,386.3,78.41,0.771,True,True
sample_0209,SideViewCows2026,hrnet_w32,22,tail_base,71.62,163.09,72.62,179.09,0.6687,True,True
sample_0209,SideViewCows2026,hrnet_w32,23,tail_end,105.23,498.72,106.23,514.72,0.2259,True,True
sample_0209,SideViewCows2026,hrnet_w32,24,front_left_thai,542.15,353.28,543.15,369.28,0.5,True,True
sample_0209,SideViewCows2026,hrnet_w32,25,front_left_knee,542.15,386.84,543.15,402.84,0.6515,True,True
sample_0209,SideViewCows2026,hrnet_w32,26,front_left_paw,553.35,465.16,554.35,481.16,0.538,True,False
sample_0209,SideViewCows2026,hrnet_w32,27,front_right_thai,631.77,274.97,632.77,290.97,0.7025,True,True
sample_0209,SideViewCows2026,hrnet_w32,28,front_right_knee,642.98,342.09,643.98,358.09,0.7563,True,False
sample_0209,SideViewCows2026,hrnet_w32,29,front_right_paw,609.37,409.22,610.37,425.22,0.6101,True,False
sample_0209,SideViewCows2026,hrnet_w32,30,back_left_paw,340.49,442.78,341.49,458.78,0.3563,True,True
sample_0209,SideViewCows2026,hrnet_w32,31,back_left_thai,105.23,453.97,106.23,469.97,0.488,True,True
sample_0209,SideViewCows2026,hrnet_w32,32,back_right_thai,239.66,442.78,240.66,458.78,0.6709,True,True
sample_0209,SideViewCows2026,hrnet_w32,33,back_left_knee,127.63,498.72,128.63,514.72,0.3977,True,False
sample_0209,SideViewCows2026,hrnet_w32,34,back_right_knee,239.66,509.91,240.66,525.91,0.642,True,True
sample_0209,SideViewCows2026,hrnet_w32,35,back_right_paw,340.49,442.78,341.49,458.78,0.5632,True,True
sample_0209,SideViewCows2026,hrnet_w32,36,belly_bottom,474.93,409.22,475.93,425.22,0.9155,True,False
sample_0209,SideViewCows2026,hrnet_w32,37,body_middle_right,497.34,252.59,498.34,268.59,0.4549,True,True
sample_0209,SideViewCows2026,hrnet_w32,38,body_middle_left,497.34,252.59,498.34,268.59,0.4469,True,True
sample_0210,SideViewCows2026,hrnet_w32,0,nose,872.45,203.73,892.45,215.73,0.4839,True,True
sample_0210,SideViewCows2026,hrnet_w32,1,upper_jaw,861.34,214.84,881.34,226.84,0.4777,True,True
sample_0210,SideViewCows2026,hrnet_w32,2,lower_jaw,861.34,214.84,881.34,226.84,0.4534,True,True
sample_0210,SideViewCows2026,hrnet_w32,3,mouth_end_right,850.23,214.84,870.23,226.84,0.5143,True,True
sample_0210,SideViewCows2026,hrnet_w32,4,mouth_end_left,872.45,203.73,892.45,215.73,0.29,True,True
sample_0210,SideViewCows2026,hrnet_w32,5,right_eye,794.68,137.07,814.68,149.07,0.5958,True,True
sample_0210,SideViewCows2026,hrnet_w32,6,right_earbase,761.35,114.85,781.35,126.85,0.1054,False,True
sample_0210,SideViewCows2026,hrnet_w32,7,right_earend,761.35,137.07,781.35,149.07,0.1366,False,True
sample_0210,SideViewCows2026,hrnet_w32,8,right_antler_base,783.57,81.52,803.57,93.52,0.0878,False,False
sample_0210,SideViewCows2026,hrnet_w32,9,right_antler_end,861.34,203.73,881.34,215.73,0.059,False,True
sample_0210,SideViewCows2026,hrnet_w32,10,left_eye,794.68,137.07,814.68,149.07,0.4101,True,True
sample_0210,SideViewCows2026,hrnet_w32,11,left_earbase,694.7,103.74,714.7,115.74,0.0229,False,True
sample_0210,SideViewCows2026,hrnet_w32,12,left_earend,861.34,214.84,881.34,226.84,0.0319,False,True
sample_0210,SideViewCows2026,hrnet_w32,13,left_antler_base,694.7,103.74,714.7,115.74,0.0205,False,True
sample_0210,SideViewCows2026,hrnet_w32,14,left_antler_end,861.34,214.84,881.34,226.84,0.0658,False,True
sample_0210,SideViewCows2026,hrnet_w32,15,neck_base,772.46,114.85,792.46,126.85,0.1707,False,True
sample_0210,SideViewCows2026,hrnet_w32,16,neck_end,694.7,25.98,714.7,37.98,0.1159,False,True
sample_0210,SideViewCows2026,hrnet_w32,17,throat_base,783.57,248.16,803.57,260.16,0.1569,False,True
sample_0210,SideViewCows2026,hrnet_w32,18,throat_end,772.46,259.27,792.46,271.27,0.5346,True,True
sample_0210,SideViewCows2026,hrnet_w32,19,back_base,694.7,25.98,714.7,37.98,0.123,False,True
sample_0210,SideViewCows2026,hrnet_w32,20,back_end,728.02,48.2,748.02,60.2,0.7532,True,True
sample_0210,SideViewCows2026,hrnet_w32,21,back_middle,494.73,37.09,514.73,49.09,0.6471,True,True
sample_0210,SideViewCows2026,hrnet_w32,22,tail_base,728.02,48.2,748.02,60.2,0.7596,True,True
sample_0210,SideViewCows2026,hrnet_w32,23,tail_end,861.34,203.73,881.34,215.73,0.0982,False,True
sample_0210,SideViewCows2026,hrnet_w32,24,front_left_thai,628.04,337.04,648.04,349.04,0.5212,True,True
sample_0210,SideViewCows2026,hrnet_w32,25,front_left_knee,628.04,403.7,648.04,415.7,0.7261,True,True
sample_0210,SideViewCows2026,hrnet_w32,26,front_left_paw,628.04,448.13,648.04,460.13,0.607,True,False
sample_0210,SideViewCows2026,hrnet_w32,27,front_right_thai,705.8,325.93,725.8,337.93,0.7184,True,True
sample_0210,SideViewCows2026,hrnet_w32,28,front_right_knee,694.7,437.02,714.7,449.02,0.468,True,True
sample_0210,SideViewCows2026,hrnet_w32,29,front_right_paw,683.59,448.13,703.59,460.13,0.567,True,True
sample_0210,SideViewCows2026,hrnet_w32,30,back_left_paw,672.48,448.13,692.48,460.13,0.5143,True,True
sample_0210,SideViewCows2026,hrnet_w32,31,back_left_thai,694.7,348.15,714.7,360.15,0.4522,True,True
sample_0210,SideViewCows2026,hrnet_w32,32,back_right_thai,605.82,348.15,625.82,360.15,0.135,False,True
sample_0210,SideViewCows2026,hrnet_w32,33,back_left_knee,694.7,437.02,714.7,449.02,0.6598,True,True
sample_0210,SideViewCows2026,hrnet_w32,34,back_right_knee,639.15,414.8,659.15,426.8,0.3031,True,False
sample_0210,SideViewCows2026,hrnet_w32,35,back_right_paw,639.15,437.02,659.15,449.02,0.3883,True,False
sample_0210,SideViewCows2026,hrnet_w32,36,belly_bottom,539.16,425.91,559.16,437.91,0.2349,True,True
sample_0210,SideViewCows2026,hrnet_w32,37,body_middle_right,505.84,303.71,525.84,315.71,0.3823,True,True
sample_0210,SideViewCows2026,hrnet_w32,38,body_middle_left,505.84,303.71,525.84,315.71,0.3756,True,True
