sample_id,dataset,dataset_role,image_path,mask_path,category_or_subset,burst_or_session,metadata
sample_0001,ScienceDB,BCS (Primary),D:\cattle-health-monitoring-multi-task-model\datasets\bcs\sciencedb_bcs\dataset\3.25\GS_1652_1.jpg,,BCS_3.25,GS_burst_0727,"{""bcs_label"": 3.25, ""burst_group_id"": ""GS_burst_0727"", ""original_passage_id"": ""GS_1652"", ""farm_source"": ""GS_Gansu""}"
sample_0002,ScienceDB,BCS (Primary),D:\cattle-health-monitoring-multi-task-model\datasets\bcs\sciencedb_bcs\dataset\3.25\GS_2331_8.jpg,,BCS_3.25,GS_burst_1473,"{""bcs_label"": 3.25, ""burst_group_id"": ""GS_burst_1473"", ""original_passage_id"": ""GS_2331"", ""farm_source"": ""GS_Gansu""}"
sample_0003,ScienceDB,BCS (Primary),D:\cattle-health-monitoring-multi-task-model\datasets\bcs\sciencedb_bcs\dataset\3.25\GS_2127_4.jpg,,BCS_3.25,GS_burst_1251,"{""bcs_label"": 3.25, ""burst_group_id"": ""GS_burst_1251"", ""original_passage_id"": ""GS_2127"", ""farm_source"": ""GS_Gansu""}"
sample_0004,ScienceDB,BCS (Primary),D:\cattle-health-monitoring-multi-task-model\datasets\bcs\sciencedb_bcs\dataset\3.25\GS_934_2.jpg,,BCS_3.25,GS_burst_3267,"{""bcs_label"": 3.25, ""burst_group_id"": ""GS_burst_3267"", ""original_passage_id"": ""GS_934"", ""farm_source"": ""GS_Gansu""}"
sample_0005,ScienceDB,BCS (Primary),D:\cattle-health-monitoring-multi-task-model\datasets\bcs\sciencedb_bcs\dataset\3.25\GS_2779_1.jpg,,BCS_3.25,GS_burst_1969,"{""bcs_label"": 3.25, ""burst_group_id"": ""GS_burst_1969"", ""original_passage_id"": ""GS_2779"", ""farm_source"": ""GS_Gansu""}"
sample_0006,ScienceDB,BCS (Primary),D:\cattle-health-monitoring-multi-task-model\datasets\bcs\sciencedb_bcs\dataset\3.25\YM_1367_2.jpg,,BCS_3.25,YM_burst_0409,"{""bcs_label"": 3.25, ""burst_group_id"": ""YM_burst_0409"", ""original_passage_id"": ""YM_1367"", ""farm_source"": ""YM_Farm2""}"
sample_0007,ScienceDB,BCS (Primary),D:\cattle-health-monitoring-multi-task-model\datasets\bcs\sciencedb_bcs\dataset\3.25\GS_3070_4.jpg,,BCS_3.25,GS_burst_2294,"{""bcs_label"": 3.25, ""burst_group_id"": ""GS_burst_2294"", ""original_passage_id"": ""GS_3070"", ""farm_source"": ""GS_Gansu""}"
sample_0008,ScienceDB,BCS (Primary),D:\cattle-health-monitoring-multi-task-model\datasets\bcs\sciencedb_bcs\dataset\3.25\YM_864_4.jpg,,BCS_3.25,YM_burst_1905,"{""bcs_label"": 3.25, ""burst_group_id"": ""YM_burst_1905"", ""original_passage_id"": ""YM_864"", ""farm_source"": ""YM_Farm2""}"
sample_0009,ScienceDB,BCS (Primary),D:\cattle-health-monitoring-multi-task-model\datasets\bcs\sciencedb_bcs\dataset\3.25\YM_862_1.jpg,,BCS_3.25,YM_burst_1903,"{""bcs_label"": 3.25, ""burst_group_id"": ""YM_burst_1903"", ""original_passage_id"": ""YM_862"", ""farm_source"": ""YM_Farm2""}"
sample_0010,ScienceDB,BCS (Primary),D:\cattle-health-monitoring-multi-task-model\datasets\bcs\sciencedb_bcs\dataset\3.25\GS_1059_4.jpg,,BCS_3.25,GS_burst_0068,"{""bcs_label"": 3.25, ""burst_group_id"": ""GS_burst_0068"", ""original_passage_id"": ""GS_1059"", ""farm_source"": ""GS_Gansu""}"
sample_0011,ScienceDB,BCS (Primary),D:\cattle-health-monitoring-multi-task-model\datasets\bcs\sciencedb_bcs\dataset\3.25\GS_2009_1.jpg,,BCS_3.25,GS_burst_1120,"{""bcs_label"": 3.25, ""burst_group_id"": ""GS_burst_1120"", ""original_passage_id"": ""GS_2009"", ""farm_source"": ""GS_Gansu""}"
sample_0012,ScienceDB,BCS (Primary),D:\cattle-health-monitoring-multi-task-model\datasets\bcs\sciencedb_bcs\dataset\3.25\YM_1857_1.jpg,,BCS_3.25,YM_burst_0952,"{""bcs_label"": 3.25, ""burst_group_id"": ""YM_burst_0952"", ""original_passage_id"": ""YM_1857"", ""farm_source"": ""YM_Farm2""}"
sample_0013,ScienceDB,BCS (Primary),D:\cattle-health-monitoring-multi-task-model\datasets\bcs\sciencedb_bcs\dataset\3.25\GS_2361_8.jpg,,BCS_3.25,GS_burst_1506,"{""bcs_label"": 3.25, ""burst_group_id"": ""GS_burst_1506"", ""original_passage_id"": ""GS_2361"", ""farm_source"": ""GS_Gansu""}"
sample_0014,ScienceDB,BCS (Primary),D:\cattle-health-monitoring-multi-task-model\datasets\bcs\sciencedb_bcs\dataset\3.25\YM_1704_1.jpg,,BCS_3.25,YM_burst_0783,"{""bcs_label"": 3.25, ""burst_group_id"": ""YM_burst_0783"", ""original_passage_id"": ""YM_1704"", ""farm_source"": ""YM_Farm2""}"
sample_0015,ScienceDB,BCS (Primary),D:\cattle-health-monitoring-multi-task-model\datasets\bcs\sciencedb_bcs\dataset\3.25\GS_1751_1.jpg,,BCS_3.25,GS_burst_0837,"{""bcs_label"": 3.25, ""burst_group_id"": ""GS_burst_0837"", ""original_passage_id"": ""GS_1751"", ""farm_source"": ""GS_Gansu""}"
sample_0016,ScienceDB,BCS (Primary),D:\cattle-health-monitoring-multi-task-model\datasets\bcs\sciencedb_bcs\dataset\3.25\GS_942_2.jpg,,BCS_3.25,GS_burst_3276,"{""bcs_label"": 3.25, ""burst_group_id"": ""GS_burst_3276"", ""original_passage_id"": ""GS_942"", ""farm_source"": ""GS_Gansu""}"
sample_0017,ScienceDB,BCS (Primary),D:\cattle-health-monitoring-multi-task-model\datasets\bcs\sciencedb_bcs\dataset\3.25\GS_1166_4.jpg,,BCS_3.25,GS_burst_0187,"{""bcs_label"": 3.25, ""burst_group_id"": ""GS_burst_0187"", ""original_passage_id"": ""GS_1166"", ""farm_source"": ""GS_Gansu""}"
sample_0018,ScienceDB,BCS (Primary),D:\cattle-health-monitoring-multi-task-model\datasets\bcs\sciencedb_bcs\dataset\3.25\YM_1785_8.jpg,,BCS_3.25,YM_burst_0872,"{""bcs_label"": 3.25, ""burst_group_id"": ""YM_burst_0872"", ""original_passage_id"": ""YM_1785"", ""farm_source"": ""YM_Farm2""}"
sample_0019,ScienceDB,BCS (Primary),D:\cattle-health-monitoring-multi-task-model\datasets\bcs\sciencedb_bcs\dataset\3.25\GS_1169_2.jpg,,BCS_3.25,GS_burst_0190,"{""bcs_label"": 3.25, ""burst_group_id"": ""GS_burst_0190"", ""original_passage_id"": ""GS_1169"", ""farm_source"": ""GS_Gansu""}"
sample_0020,ScienceDB,BCS (Primary),D:\cattle-health-monitoring-multi-task-model\datasets\bcs\sciencedb_bcs\dataset\3.25\YM_372_2.jpg,,BCS_3.25,YM_burst_1359,"{""bcs_label"": 3.25, ""burst_group_id"": ""YM_burst_1359"", ""original_passage_id"": ""YM_372"", ""farm_source"": ""YM_Farm2""}"
sample_0021,ScienceDB,BCS (Primary),D:\cattle-health-monitoring-multi-task-model\datasets\bcs\sciencedb_bcs\dataset\3.5\YM_1724_4.jpg,,BCS_3.5,YM_burst_0805,"{""bcs_label"": 3.5, ""burst_group_id"": ""YM_burst_0805"", ""original_passage_id"": ""YM_1724"", ""farm_source"": ""YM_Farm2""}"
sample_0022,ScienceDB,BCS (Primary),D:\cattle-health-monitoring-multi-task-model\datasets\bcs\sciencedb_bcs\dataset\3.5\GS_1215_4.jpg,,BCS_3.5,GS_burst_0242,"{""bcs_label"": 3.5, ""burst_group_id"": ""GS_burst_0242"", ""original_passage_id"": ""GS_1215"", ""farm_source"": ""GS_Gansu""}"
sample_0023,ScienceDB,BCS (Primary),D:\cattle-health-monitoring-multi-task-model\datasets\bcs\sciencedb_bcs\dataset\3.5\YM_1011_1.jpg,,BCS_3.5,YM_burst_0016,"{""bcs_label"": 3.5, ""burst_group_id"": ""YM_burst_0016"", ""original_passage_id"": ""YM_1011"", ""farm_source"": ""YM_Farm2""}"
sample_0024,ScienceDB,BCS (Primary),D:\cattle-health-monitoring-multi-task-model\datasets\bcs\sciencedb_bcs\dataset\3.5\GS_1857_4.jpg,,BCS_3.5,GS_burst_0951,"{""bcs_label"": 3.5, ""burst_group_id"": ""GS_burst_0951"", ""original_passage_id"": ""GS_1857"", ""farm_source"": ""GS_Gansu""}"
sample_0025,ScienceDB,BCS (Primary),D:\cattle-health-monitoring-multi-task-model\datasets\bcs\sciencedb_bcs\dataset\3.5\GS_1781_4.jpg,,BCS_3.5,GS_burst_0870,"{""bcs_label"": 3.5, ""burst_group_id"": ""GS_burst_0870"", ""original_passage_id"": ""GS_1781"", ""farm_source"": ""GS_Gansu""}"
sample_0026,ScienceDB,BCS (Primary),D:\cattle-health-monitoring-multi-task-model\datasets\bcs\sciencedb_bcs\dataset\3.5\YM_574_1.jpg,,BCS_3.5,YM_burst_1583,"{""bcs_label"": 3.5, ""burst_group_id"": ""YM_burst_1583"", ""original_passage_id"": ""YM_574"", ""farm_source"": ""YM_Farm2""}"
sample_0027,ScienceDB,BCS (Primary),D:\cattle-health-monitoring-multi-task-model\datasets\bcs\sciencedb_bcs\dataset\3.5\GS_635_1.jpg,,BCS_3.5,GS_burst_2935,"{""bcs_label"": 3.5, ""burst_group_id"": ""GS_burst_2935"", ""original_passage_id"": ""GS_635"", ""farm_source"": ""GS_Gansu""}"
sample_0028,ScienceDB,BCS (Primary),D:\cattle-health-monitoring-multi-task-model\datasets\bcs\sciencedb_bcs\dataset\3.5\YM_1259_1.jpg,,BCS_3.5,YM_burst_0290,"{""bcs_label"": 3.5, ""burst_group_id"": ""YM_burst_0290"", ""original_passage_id"": ""YM_1259"", ""farm_source"": ""YM_Farm2""}"
sample_0029,ScienceDB,BCS (Primary),D:\cattle-health-monitoring-multi-task-model\datasets\bcs\sciencedb_bcs\dataset\3.5\YM_1422_8.jpg,,BCS_3.5,YM_burst_0471,"{""bcs_label"": 3.5, ""burst_group_id"": ""YM_burst_0471"", ""original_passage_id"": ""YM_1422"", ""farm_source"": ""YM_Farm2""}"
sample_0030,ScienceDB,BCS (Primary),D:\cattle-health-monitoring-multi-task-model\datasets\bcs\sciencedb_bcs\dataset\3.5\GS_3170_5.jpg,,BCS_3.5,GS_burst_2405,"{""bcs_label"": 3.5, ""burst_group_id"": ""GS_burst_2405"", ""original_passage_id"": ""GS_3170"", ""farm_source"": ""GS_Gansu""}"
sample_0031,ScienceDB,BCS (Primary),D:\cattle-health-monitoring-multi-task-model\datasets\bcs\sciencedb_bcs\dataset\3.5\YM_2015_2.jpg,,BCS_3.5,YM_burst_1128,"{""bcs_label"": 3.5, ""burst_group_id"": ""YM_burst_1128"", ""original_passage_id"": ""YM_2015"", ""farm_source"": ""YM_Farm2""}"
sample_0032,ScienceDB,BCS (Primary),D:\cattle-health-monitoring-multi-task-model\datasets\bcs\sciencedb_bcs\dataset\3.5\YM_2002_1.jpg,,BCS_3.5,YM_burst_1114,"{""bcs_label"": 3.5, ""burst_group_id"": ""YM_burst_1114"", ""original_passage_id"": ""YM_2002"", ""farm_source"": ""YM_Farm2""}"
sample_0033,ScienceDB,BCS (Primary),D:\cattle-health-monitoring-multi-task-model\datasets\bcs\sciencedb_bcs\dataset\3.5\YM_621_1.jpg,,BCS_3.5,YM_burst_1636,"{""bcs_label"": 3.5, ""burst_group_id"": ""YM_burst_1636"", ""original_passage_id"": ""YM_621"", ""farm_source"": ""YM_Farm2""}"
sample_0034,ScienceDB,BCS (Primary),D:\cattle-health-monitoring-multi-task-model\datasets\bcs\sciencedb_bcs\dataset\3.5\GS_2192_8.jpg,,BCS_3.5,GS_burst_1319,"{""bcs_label"": 3.5, ""burst_group_id"": ""GS_burst_1319"", ""original_passage_id"": ""GS_2192"", ""farm_source"": ""GS_Gansu""}"
sample_0035,ScienceDB,BCS (Primary),D:\cattle-health-monitoring-multi-task-model\datasets\bcs\sciencedb_bcs\dataset\3.5\YM_1571_2.jpg,,BCS_3.5,YM_burst_0635,"{""bcs_label"": 3.5, ""burst_group_id"": ""YM_burst_0635"", ""original_passage_id"": ""YM_1571"", ""farm_source"": ""YM_Farm2""}"
sample_0036,ScienceDB,BCS (Primary),D:\cattle-health-monitoring-multi-task-model\datasets\bcs\sciencedb_bcs\dataset\3.5\GS_886_4.jpg,,BCS_3.5,GS_burst_3213,"{""bcs_label"": 3.5, ""burst_group_id"": ""GS_burst_3213"", ""original_passage_id"": ""GS_886"", ""farm_source"": ""GS_Gansu""}"
sample_0037,ScienceDB,BCS (Primary),D:\cattle-health-monitoring-multi-task-model\datasets\bcs\sciencedb_bcs\dataset\3.5\YM_478_2.jpg,,BCS_3.5,YM_burst_1476,"{""bcs_label"": 3.5, ""burst_group_id"": ""YM_burst_1476"", ""original_passage_id"": ""YM_478"", ""farm_source"": ""YM_Farm2""}"
sample_0038,ScienceDB,BCS (Primary),D:\cattle-health-monitoring-multi-task-model\datasets\bcs\sciencedb_bcs\dataset\3.5\YM_1906_1.jpg,,BCS_3.5,YM_burst_1006,"{""bcs_label"": 3.5, ""burst_group_id"": ""YM_burst_1006"", ""original_passage_id"": ""YM_1906"", ""farm_source"": ""YM_Farm2""}"
sample_0039,ScienceDB,BCS (Primary),D:\cattle-health-monitoring-multi-task-model\datasets\bcs\sciencedb_bcs\dataset\3.5\GS_3181_8.jpg,,BCS_3.5,GS_burst_2417,"{""bcs_label"": 3.5, ""burst_group_id"": ""GS_burst_2417"", ""original_passage_id"": ""GS_3181"", ""farm_source"": ""GS_Gansu""}"
sample_0040,ScienceDB,BCS (Primary),D:\cattle-health-monitoring-multi-task-model\datasets\bcs\sciencedb_bcs\dataset\3.5\GS_1129_2.jpg,,BCS_3.5,GS_burst_0146,"{""bcs_label"": 3.5, ""burst_group_id"": ""GS_burst_0146"", ""original_passage_id"": ""GS_1129"", ""farm_source"": ""GS_Gansu""}"
sample_0041,ScienceDB,BCS (Primary),D:\cattle-health-monitoring-multi-task-model\datasets\bcs\sciencedb_bcs\dataset\3.75\GS_1461_2.jpg,,BCS_3.75,GS_burst_0515,"{""bcs_label"": 3.75, ""burst_group_id"": ""GS_burst_0515"", ""original_passage_id"": ""GS_1461"", ""farm_source"": ""GS_Gansu""}"
sample_0042,ScienceDB,BCS (Primary),D:\cattle-health-monitoring-multi-task-model\datasets\bcs\sciencedb_bcs\dataset\3.75\GS_1272_2.jpg,,BCS_3.75,GS_burst_0305,"{""bcs_label"": 3.75, ""burst_group_id"": ""GS_burst_0305"", ""original_passage_id"": ""GS_1272"", ""farm_source"": ""GS_Gansu""}"
sample_0043,ScienceDB,BCS (Primary),D:\cattle-health-monitoring-multi-task-model\datasets\bcs\sciencedb_bcs\dataset\3.75\R-i10959.jpg,,BCS_3.75,STEREO_burst_0241,"{""bcs_label"": 3.75, ""burst_group_id"": ""STEREO_burst_0241"", ""original_passage_id"": ""STEREO_blk_241"", ""farm_source"": ""STEREO_Farm3""}"
sample_0044,ScienceDB,BCS (Primary),D:\cattle-health-monitoring-multi-task-model\datasets\bcs\sciencedb_bcs\dataset\3.75\GS_1499_8.jpg,,BCS_3.75,GS_burst_0556,"{""bcs_label"": 3.75, ""burst_group_id"": ""GS_burst_0556"", ""original_passage_id"": ""GS_1499"", ""farm_source"": ""GS_Gansu""}"
sample_0045,ScienceDB,BCS (Primary),D:\cattle-health-monitoring-multi-task-model\datasets\bcs\sciencedb_bcs\dataset\3.75\GS_3294_5.jpg,,BCS_3.75,GS_burst_2542,"{""bcs_label"": 3.75, ""burst_group_id"": ""GS_burst_2542"", ""original_passage_id"": ""GS_3294"", ""farm_source"": ""GS_Gansu""}"
sample_0046,ScienceDB,BCS (Primary),D:\cattle-health-monitoring-multi-task-model\datasets\bcs\sciencedb_bcs\dataset\3.75\YM_1765_2.jpg,,BCS_3.75,YM_burst_0850,"{""bcs_label"": 3.75, ""burst_group_id"": ""YM_burst_0850"", ""original_passage_id"": ""YM_1765"", ""farm_source"": ""YM_Farm2""}"
sample_0047,ScienceDB,BCS (Primary),D:\cattle-health-monitoring-multi-task-model\datasets\bcs\sciencedb_bcs\dataset\3.75\GS_281_1.jpg,,BCS_3.75,GS_burst_2004,"{""bcs_label"": 3.75, ""burst_group_id"": ""GS_burst_2004"", ""original_passage_id"": ""GS_281"", ""farm_source"": ""GS_Gansu""}"
sample_0048,ScienceDB,BCS (Primary),D:\cattle-health-monitoring-multi-task-model\datasets\bcs\sciencedb_bcs\dataset\3.75\YM_252_1.jpg,,BCS_3.75,YM_burst_1226,"{""bcs_label"": 3.75, ""burst_group_id"": ""YM_burst_1226"", ""original_passage_id"": ""YM_252"", ""farm_source"": ""YM_Farm2""}"
sample_0049,ScienceDB,BCS (Primary),D:\cattle-health-monitoring-multi-task-model\datasets\bcs\sciencedb_bcs\dataset\3.75\GS_1460_2.jpg,,BCS_3.75,GS_burst_0514,"{""bcs_label"": 3.75, ""burst_group_id"": ""GS_burst_0514"", ""original_passage_id"": ""GS_1460"", ""farm_source"": ""GS_Gansu""}"
sample_0050,ScienceDB,BCS (Primary),D:\cattle-health-monitoring-multi-task-model\datasets\bcs\sciencedb_bcs\dataset\3.75\YM_262_1.jpg,,BCS_3.75,YM_burst_1237,"{""bcs_label"": 3.75, ""burst_group_id"": ""YM_burst_1237"", ""original_passage_id"": ""YM_262"", ""farm_source"": ""YM_Farm2""}"
sample_0051,ScienceDB,BCS (Primary),D:\cattle-health-monitoring-multi-task-model\datasets\bcs\sciencedb_bcs\dataset\3.75\YM_301_2.jpg,,BCS_3.75,YM_burst_1281,"{""bcs_label"": 3.75, ""burst_group_id"": ""YM_burst_1281"", ""original_passage_id"": ""YM_301"", ""farm_source"": ""YM_Farm2""}"
sample_0052,ScienceDB,BCS (Primary),D:\cattle-health-monitoring-multi-task-model\datasets\bcs\sciencedb_bcs\dataset\3.75\YM_654_2.jpg,,BCS_3.75,YM_burst_1672,"{""bcs_label"": 3.75, ""burst_group_id"": ""YM_burst_1672"", ""original_passage_id"": ""YM_654"", ""farm_source"": ""YM_Farm2""}"
sample_0053,ScienceDB,BCS (Primary),D:\cattle-health-monitoring-multi-task-model\datasets\bcs\sciencedb_bcs\dataset\3.75\R-i7301.jpg,,BCS_3.75,STEREO_burst_0154,"{""bcs_label"": 3.75, ""burst_group_id"": ""STEREO_burst_0154"", ""original_passage_id"": ""STEREO_blk_154"", ""farm_source"": ""STEREO_Farm3""}"
sample_0054,ScienceDB,BCS (Primary),D:\cattle-health-monitoring-multi-task-model\datasets\bcs\sciencedb_bcs\dataset\3.75\GS_1815_1.jpg,,BCS_3.75,GS_burst_0908,"{""bcs_label"": 3.75, ""burst_group_id"": ""GS_burst_0908"", ""original_passage_id"": ""GS_1815"", ""farm_source"": ""GS_Gansu""}"
sample_0055,ScienceDB,BCS (Primary),D:\cattle-health-monitoring-multi-task-model\datasets\bcs\sciencedb_bcs\dataset\3.75\GS_3286_2.jpg,,BCS_3.75,GS_burst_2533,"{""bcs_label"": 3.75, ""burst_group_id"": ""GS_burst_2533"", ""original_passage_id"": ""GS_3286"", ""farm_source"": ""GS_Gansu""}"
sample_0056,ScienceDB,BCS (Primary),D:\cattle-health-monitoring-multi-task-model\datasets\bcs\sciencedb_bcs\dataset\3.75\GS_2597_8.jpg,,BCS_3.75,GS_burst_1767,"{""bcs_label"": 3.75, ""burst_group_id"": ""GS_burst_1767"", ""original_passage_id"": ""GS_2597"", ""farm_source"": ""GS_Gansu""}"
sample_0057,ScienceDB,BCS (Primary),D:\cattle-health-monitoring-multi-task-model\datasets\bcs\sciencedb_bcs\dataset\3.75\GS_291_2.jpg,,BCS_3.75,GS_burst_2115,"{""bcs_label"": 3.75, ""burst_group_id"": ""GS_burst_2115"", ""original_passage_id"": ""GS_291"", ""farm_source"": ""GS_Gansu""}"
sample_0058,ScienceDB,BCS (Primary),D:\cattle-health-monitoring-multi-task-model\datasets\bcs\sciencedb_bcs\dataset\3.75\GS_1806_2.jpg,,BCS_3.75,GS_burst_0898,"{""bcs_label"": 3.75, ""burst_group_id"": ""GS_burst_0898"", ""original_passage_id"": ""GS_1806"", ""farm_source"": ""GS_Gansu""}"
sample_0059,ScienceDB,BCS (Primary),D:\cattle-health-monitoring-multi-task-model\datasets\bcs\sciencedb_bcs\dataset\3.75\GS_2163_1.jpg,,BCS_3.75,GS_burst_1287,"{""bcs_label"": 3.75, ""burst_group_id"": ""GS_burst_1287"", ""original_passage_id"": ""GS_2163"", ""farm_source"": ""GS_Gansu""}"
sample_0060,ScienceDB,BCS (Primary),D:\cattle-health-monitoring-multi-task-model\datasets\bcs\sciencedb_bcs\dataset\3.75\GS_55_3.jpg,,BCS_3.75,GS_burst_2840,"{""bcs_label"": 3.75, ""burst_group_id"": ""GS_burst_2840"", ""original_passage_id"": ""GS_55"", ""farm_source"": ""GS_Gansu""}"
sample_0061,ScienceDB,BCS (Primary),D:\cattle-health-monitoring-multi-task-model\datasets\bcs\sciencedb_bcs\dataset\4.0\GS_328_4.jpg,,BCS_4.0,GS_burst_2526,"{""bcs_label"": 4.0, ""burst_group_id"": ""GS_burst_2526"", ""original_passage_id"": ""GS_328"", ""farm_source"": ""GS_Gansu""}"
sample_0062,ScienceDB,BCS (Primary),D:\cattle-health-monitoring-multi-task-model\datasets\bcs\sciencedb_bcs\dataset\4.0\GS_540_2.jpg,,BCS_4.0,GS_burst_2830,"{""bcs_label"": 4.0, ""burst_group_id"": ""GS_burst_2830"", ""original_passage_id"": ""GS_540"", ""farm_source"": ""GS_Gansu""}"
sample_0063,ScienceDB,BCS (Primary),D:\cattle-health-monitoring-multi-task-model\datasets\bcs\sciencedb_bcs\dataset\4.0\YM_289_1.jpg,,BCS_4.0,YM_burst_1266,"{""bcs_label"": 4.0, ""burst_group_id"": ""YM_burst_1266"", ""original_passage_id"": ""YM_289"", ""farm_source"": ""YM_Farm2""}"
sample_0064,ScienceDB,BCS (Primary),D:\cattle-health-monitoring-multi-task-model\datasets\bcs\sciencedb_bcs\dataset\4.0\YM_1459_2.jpg,,BCS_4.0,YM_burst_0511,"{""bcs_label"": 4.0, ""burst_group_id"": ""YM_burst_0511"", ""original_passage_id"": ""YM_1459"", ""farm_source"": ""YM_Farm2""}"
sample_0065,ScienceDB,BCS (Primary),D:\cattle-health-monitoring-multi-task-model\datasets\bcs\sciencedb_bcs\dataset\4.0\YM_1981_1.jpg,,BCS_4.0,YM_burst_1089,"{""bcs_label"": 4.0, ""burst_group_id"": ""YM_burst_1089"", ""original_passage_id"": ""YM_1981"", ""farm_source"": ""YM_Farm2""}"
sample_0066,ScienceDB,BCS (Primary),D:\cattle-health-monitoring-multi-task-model\datasets\bcs\sciencedb_bcs\dataset\4.0\GS_853_2.jpg,,BCS_4.0,GS_burst_3177,"{""bcs_label"": 4.0, ""burst_group_id"": ""GS_burst_3177"", ""original_passage_id"": ""GS_853"", ""farm_source"": ""GS_Gansu""}"
sample_0067,ScienceDB,BCS (Primary),D:\cattle-health-monitoring-multi-task-model\datasets\bcs\sciencedb_bcs\dataset\4.0\YM_1356_1.jpg,,BCS_4.0,YM_burst_0397,"{""bcs_label"": 4.0, ""burst_group_id"": ""YM_burst_0397"", ""original_passage_id"": ""YM_1356"", ""farm_source"": ""YM_Farm2""}"
sample_0068,ScienceDB,BCS (Primary),D:\cattle-health-monitoring-multi-task-model\datasets\bcs\sciencedb_bcs\dataset\4.0\GS_3041_4.jpg,,BCS_4.0,GS_burst_2262,"{""bcs_label"": 4.0, ""burst_group_id"": ""GS_burst_2262"", ""original_passage_id"": ""GS_3041"", ""farm_source"": ""GS_Gansu""}"
sample_0069,ScienceDB,BCS (Primary),D:\cattle-health-monitoring-multi-task-model\datasets\bcs\sciencedb_bcs\dataset\4.0\GS_2821_2.jpg,,BCS_4.0,GS_burst_2017,"{""bcs_label"": 4.0, ""burst_group_id"": ""GS_burst_2017"", ""original_passage_id"": ""GS_2821"", ""farm_source"": ""GS_Gansu""}"
sample_0070,ScienceDB,BCS (Primary),D:\cattle-health-monitoring-multi-task-model\datasets\bcs\sciencedb_bcs\dataset\4.0\R-i7065.jpg,,BCS_4.0,STEREO_burst_0147,"{""bcs_label"": 4.0, ""burst_group_id"": ""STEREO_burst_0147"", ""original_passage_id"": ""STEREO_blk_147"", ""farm_source"": ""STEREO_Farm3""}"
sample_0071,ScienceDB,BCS (Primary),D:\cattle-health-monitoring-multi-task-model\datasets\bcs\sciencedb_bcs\dataset\4.0\GS_1212_8.jpg,,BCS_4.0,GS_burst_0239,"{""bcs_label"": 4.0, ""burst_group_id"": ""GS_burst_0239"", ""original_passage_id"": ""GS_1212"", ""farm_source"": ""GS_Gansu""}"
sample_0072,ScienceDB,BCS (Primary),D:\cattle-health-monitoring-multi-task-model\datasets\bcs\sciencedb_bcs\dataset\4.0\GS_576_1.jpg,,BCS_4.0,GS_burst_2869,"{""bcs_label"": 4.0, ""burst_group_id"": ""GS_burst_2869"", ""original_passage_id"": ""GS_576"", ""farm_source"": ""GS_Gansu""}"
sample_0073,ScienceDB,BCS (Primary),D:\cattle-health-monitoring-multi-task-model\datasets\bcs\sciencedb_bcs\dataset\4.0\YM_1092_8.jpg,,BCS_4.0,YM_burst_0105,"{""bcs_label"": 4.0, ""burst_group_id"": ""YM_burst_0105"", ""original_passage_id"": ""YM_1092"", ""farm_source"": ""YM_Farm2""}"
sample_0074,ScienceDB,BCS (Primary),D:\cattle-health-monitoring-multi-task-model\datasets\bcs\sciencedb_bcs\dataset\4.0\YM_206_8.jpg,,BCS_4.0,YM_burst_1175,"{""bcs_label"": 4.0, ""burst_group_id"": ""YM_burst_1175"", ""original_passage_id"": ""YM_206"", ""farm_source"": ""YM_Farm2""}"
sample_0075,ScienceDB,BCS (Primary),D:\cattle-health-monitoring-multi-task-model\datasets\bcs\sciencedb_bcs\dataset\4.0\GS_3317_2.jpg,,BCS_4.0,GS_burst_2568,"{""bcs_label"": 4.0, ""burst_group_id"": ""GS_burst_2568"", ""original_passage_id"": ""GS_3317"", ""farm_source"": ""GS_Gansu""}"
sample_0076,ScienceDB,BCS (Primary),D:\cattle-health-monitoring-multi-task-model\datasets\bcs\sciencedb_bcs\dataset\4.0\YM_728_2.jpg,,BCS_4.0,YM_burst_1754,"{""bcs_label"": 4.0, ""burst_group_id"": ""YM_burst_1754"", ""original_passage_id"": ""YM_728"", ""farm_source"": ""YM_Farm2""}"
sample_0077,ScienceDB,BCS (Primary),D:\cattle-health-monitoring-multi-task-model\datasets\bcs\sciencedb_bcs\dataset\4.0\YM_1467_2.jpg,,BCS_4.0,YM_burst_0520,"{""bcs_label"": 4.0, ""burst_group_id"": ""YM_burst_0520"", ""original_passage_id"": ""YM_1467"", ""farm_source"": ""YM_Farm2""}"
sample_0078,ScienceDB,BCS (Primary),D:\cattle-health-monitoring-multi-task-model\datasets\bcs\sciencedb_bcs\dataset\4.0\GS_472_2.jpg,,BCS_4.0,GS_burst_2754,"{""bcs_label"": 4.0, ""burst_group_id"": ""GS_burst_2754"", ""original_passage_id"": ""GS_472"", ""farm_source"": ""GS_Gansu""}"
sample_0079,ScienceDB,BCS (Primary),D:\cattle-health-monitoring-multi-task-model\datasets\bcs\sciencedb_bcs\dataset\4.0\YM_819_2.jpg,,BCS_4.0,YM_burst_1855,"{""bcs_label"": 4.0, ""burst_group_id"": ""YM_burst_1855"", ""original_passage_id"": ""YM_819"", ""farm_source"": ""YM_Farm2""}"
sample_0080,ScienceDB,BCS (Primary),D:\cattle-health-monitoring-multi-task-model\datasets\bcs\sciencedb_bcs\dataset\4.0\GS_2286_8.jpg,,BCS_4.0,GS_burst_1423,"{""bcs_label"": 4.0, ""burst_group_id"": ""GS_burst_1423"", ""original_passage_id"": ""GS_2286"", ""farm_source"": ""GS_Gansu""}"
sample_0081,ScienceDB,BCS (Primary),D:\cattle-health-monitoring-multi-task-model\datasets\bcs\sciencedb_bcs\dataset\4.25\GS_500_2.jpg,,BCS_4.25,GS_burst_2786,"{""bcs_label"": 4.25, ""burst_group_id"": ""GS_burst_2786"", ""original_passage_id"": ""GS_500"", ""farm_source"": ""GS_Gansu""}"
sample_0082,ScienceDB,BCS (Primary),D:\cattle-health-monitoring-multi-task-model\datasets\bcs\sciencedb_bcs\dataset\4.25\YM_1144_8.jpg,,BCS_4.25,YM_burst_0163,"{""bcs_label"": 4.25, ""burst_group_id"": ""YM_burst_0163"", ""original_passage_id"": ""YM_1144"", ""farm_source"": ""YM_Farm2""}"
sample_0083,ScienceDB,BCS (Primary),D:\cattle-health-monitoring-multi-task-model\datasets\bcs\sciencedb_bcs\dataset\4.25\GS_2916_4.jpg,,BCS_4.25,GS_burst_2122,"{""bcs_label"": 4.25, ""burst_group_id"": ""GS_burst_2122"", ""original_passage_id"": ""GS_2916"", ""farm_source"": ""GS_Gansu""}"
sample_0084,ScienceDB,BCS (Primary),D:\cattle-health-monitoring-multi-task-model\datasets\bcs\sciencedb_bcs\dataset\4.25\YM_682_4.jpg,,BCS_4.25,YM_burst_1703,"{""bcs_label"": 4.25, ""burst_group_id"": ""YM_burst_1703"", ""original_passage_id"": ""YM_682"", ""farm_source"": ""YM_Farm2""}"
sample_0085,ScienceDB,BCS (Primary),D:\cattle-health-monitoring-multi-task-model\datasets\bcs\sciencedb_bcs\dataset\4.25\YM_1201_1.jpg,,BCS_4.25,YM_burst_0227,"{""bcs_label"": 4.25, ""burst_group_id"": ""YM_burst_0227"", ""original_passage_id"": ""YM_1201"", ""farm_source"": ""YM_Farm2""}"
sample_0086,ScienceDB,BCS (Primary),D:\cattle-health-monitoring-multi-task-model\datasets\bcs\sciencedb_bcs\dataset\4.25\GS_801_2.jpg,,BCS_4.25,GS_burst_3120,"{""bcs_label"": 4.25, ""burst_group_id"": ""GS_burst_3120"", ""original_passage_id"": ""GS_801"", ""farm_source"": ""GS_Gansu""}"
sample_0087,ScienceDB,BCS (Primary),D:\cattle-health-monitoring-multi-task-model\datasets\bcs\sciencedb_bcs\dataset\4.25\GS_303_5.jpg,,BCS_4.25,GS_burst_2249,"{""bcs_label"": 4.25, ""burst_group_id"": ""GS_burst_2249"", ""original_passage_id"": ""GS_303"", ""farm_source"": ""GS_Gansu""}"
sample_0088,ScienceDB,BCS (Primary),D:\cattle-health-monitoring-multi-task-model\datasets\bcs\sciencedb_bcs\dataset\4.25\GS_144_1.jpg,,BCS_4.25,GS_burst_0491,"{""bcs_label"": 4.25, ""burst_group_id"": ""GS_burst_0491"", ""original_passage_id"": ""GS_144"", ""farm_source"": ""GS_Gansu""}"
sample_0089,ScienceDB,BCS (Primary),D:\cattle-health-monitoring-multi-task-model\datasets\bcs\sciencedb_bcs\dataset\4.25\GS_3033_8.jpg,,BCS_4.25,GS_burst_2253,"{""bcs_label"": 4.25, ""burst_group_id"": ""GS_burst_2253"", ""original_passage_id"": ""GS_3033"", ""farm_source"": ""GS_Gansu""}"
sample_0090,ScienceDB,BCS (Primary),D:\cattle-health-monitoring-multi-task-model\datasets\bcs\sciencedb_bcs\dataset\4.25\L-i414.jpg,,BCS_4.25,STEREO_burst_0004,"{""bcs_label"": 4.25, ""burst_group_id"": ""STEREO_burst_0004"", ""original_passage_id"": ""STEREO_blk_004"", ""farm_source"": ""STEREO_Farm3""}"
sample_0091,ScienceDB,BCS (Primary),D:\cattle-health-monitoring-multi-task-model\datasets\bcs\sciencedb_bcs\dataset\4.25\GS_1603_1.jpg,,BCS_4.25,GS_burst_0673,"{""bcs_label"": 4.25, ""burst_group_id"": ""GS_burst_0673"", ""original_passage_id"": ""GS_1603"", ""farm_source"": ""GS_Gansu""}"
sample_0092,ScienceDB,BCS (Primary),D:\cattle-health-monitoring-multi-task-model\datasets\bcs\sciencedb_bcs\dataset\4.25\GS_2473_1.jpg,,BCS_4.25,GS_burst_1630,"{""bcs_label"": 4.25, ""burst_group_id"": ""GS_burst_1630"", ""original_passage_id"": ""GS_2473"", ""farm_source"": ""GS_Gansu""}"
sample_0093,ScienceDB,BCS (Primary),D:\cattle-health-monitoring-multi-task-model\datasets\bcs\sciencedb_bcs\dataset\4.25\YM_13_2.jpg,,BCS_4.25,YM_burst_0334,"{""bcs_label"": 4.25, ""burst_group_id"": ""YM_burst_0334"", ""original_passage_id"": ""YM_13"", ""farm_source"": ""YM_Farm2""}"
sample_0094,ScienceDB,BCS (Primary),D:\cattle-health-monitoring-multi-task-model\datasets\bcs\sciencedb_bcs\dataset\4.25\YM_246_1.jpg,,BCS_4.25,YM_burst_1219,"{""bcs_label"": 4.25, ""burst_group_id"": ""YM_burst_1219"", ""original_passage_id"": ""YM_246"", ""farm_source"": ""YM_Farm2""}"
sample_0095,ScienceDB,BCS (Primary),D:\cattle-health-monitoring-multi-task-model\datasets\bcs\sciencedb_bcs\dataset\4.25\GS_3165_1.jpg,,BCS_4.25,GS_burst_2399,"{""bcs_label"": 4.25, ""burst_group_id"": ""GS_burst_2399"", ""original_passage_id"": ""GS_3165"", ""farm_source"": ""GS_Gansu""}"
sample_0096,ScienceDB,BCS (Primary),D:\cattle-health-monitoring-multi-task-model\datasets\bcs\sciencedb_bcs\dataset\4.25\YM_815_2.jpg,,BCS_4.25,YM_burst_1851,"{""bcs_label"": 4.25, ""burst_group_id"": ""YM_burst_1851"", ""original_passage_id"": ""YM_815"", ""farm_source"": ""YM_Farm2""}"
sample_0097,ScienceDB,BCS (Primary),D:\cattle-health-monitoring-multi-task-model\datasets\bcs\sciencedb_bcs\dataset\4.25\GS_1445_1.jpg,,BCS_4.25,GS_burst_0497,"{""bcs_label"": 4.25, ""burst_group_id"": ""GS_burst_0497"", ""original_passage_id"": ""GS_1445"", ""farm_source"": ""GS_Gansu""}"
sample_0098,ScienceDB,BCS (Primary),D:\cattle-health-monitoring-multi-task-model\datasets\bcs\sciencedb_bcs\dataset\4.25\GS_2602_4.jpg,,BCS_4.25,GS_burst_1774,"{""bcs_label"": 4.25, ""burst_group_id"": ""GS_burst_1774"", ""original_passage_id"": ""GS_2602"", ""farm_source"": ""GS_Gansu""}"
sample_0099,ScienceDB,BCS (Primary),D:\cattle-health-monitoring-multi-task-model\datasets\bcs\sciencedb_bcs\dataset\4.25\GS_1119_2.jpg,,BCS_4.25,GS_burst_0135,"{""bcs_label"": 4.25, ""burst_group_id"": ""GS_burst_0135"", ""original_passage_id"": ""GS_1119"", ""farm_source"": ""GS_Gansu""}"
sample_0100,ScienceDB,BCS (Primary),D:\cattle-health-monitoring-multi-task-model\datasets\bcs\sciencedb_bcs\dataset\4.25\YM_723_8.jpg,,BCS_4.25,YM_burst_1749,"{""bcs_label"": 4.25, ""burst_group_id"": ""YM_burst_1749"", ""original_passage_id"": ""YM_723"", ""farm_source"": ""YM_Farm2""}"
sample_0101,MmCows,Behavior (Primary),datasets/behavior/mmcows/cropped_bboxes/behaviors/7/1690305476_12-17-56_2_2.jpg,,Behavior_Lying,cow_2_cam_2,"{""behavior"": ""Lying"", ""cow_id"": 2, ""camera_id"": 2, ""timestamp_iso"": ""2023-07-25T17:17:56Z""}"
sample_0102,MmCows,Behavior (Primary),datasets/behavior/mmcows/cropped_bboxes/behaviors/7/1690315496_15-04-56_3_2.jpg,,Behavior_Lying,cow_3_cam_2,"{""behavior"": ""Lying"", ""cow_id"": 3, ""camera_id"": 2, ""timestamp_iso"": ""2023-07-25T20:04:56Z""}"
sample_0103,MmCows,Behavior (Primary),datasets/behavior/mmcows/cropped_bboxes/behaviors/7/1690294961_09-22-41_13_1.jpg,,Behavior_Lying,cow_13_cam_1,"{""behavior"": ""Lying"", ""cow_id"": 13, ""camera_id"": 1, ""timestamp_iso"": ""2023-07-25T14:22:41Z""}"
sample_0104,MmCows,Behavior (Primary),datasets/behavior/mmcows/cropped_bboxes/behaviors/7/1690310816_13-46-56_1_4.jpg,,Behavior_Lying,cow_1_cam_4,"{""behavior"": ""Lying"", ""cow_id"": 1, ""camera_id"": 4, ""timestamp_iso"": ""2023-07-25T18:46:56Z""}"
sample_0105,MmCows,Behavior (Primary),datasets/behavior/mmcows/cropped_bboxes/behaviors/7/1690344881_23-14-41_6_3.jpg,,Behavior_Lying,cow_6_cam_3,"{""behavior"": ""Lying"", ""cow_id"": 6, ""camera_id"": 3, ""timestamp_iso"": ""2023-07-26T04:14:41Z""}"
sample_0106,MmCows,Behavior (Primary),datasets/behavior/mmcows/cropped_bboxes/behaviors/7/1690330451_19-14-11_3_3.jpg,,Behavior_Lying,cow_3_cam_3,"{""behavior"": ""Lying"", ""cow_id"": 3, ""camera_id"": 3, ""timestamp_iso"": ""2023-07-26T00:14:11Z""}"
sample_0107,MmCows,Behavior (Primary),datasets/behavior/mmcows/cropped_bboxes/behaviors/7/1690345676_23-27-56_4_2.jpg,,Behavior_Lying,cow_4_cam_2,"{""behavior"": ""Lying"", ""cow_id"": 4, ""camera_id"": 2, ""timestamp_iso"": ""2023-07-26T04:27:56Z""}"
sample_0108,MmCows,Behavior (Primary),datasets/behavior/mmcows/cropped_bboxes/behaviors/7/1690284566_06-29-26_9_4.jpg,,Behavior_Lying,cow_9_cam_4,"{""behavior"": ""Lying"", ""cow_id"": 9, ""camera_id"": 4, ""timestamp_iso"": ""2023-07-25T11:29:26Z""}"
sample_0109,MmCows,Behavior (Primary),datasets/behavior/mmcows/cropped_bboxes/behaviors/7/1690283996_06-19-56_2_4.jpg,,Behavior_Lying,cow_2_cam_4,"{""behavior"": ""Lying"", ""cow_id"": 2, ""camera_id"": 4, ""timestamp_iso"": ""2023-07-25T11:19:56Z""}"
sample_0110,MmCows,Behavior (Primary),datasets/behavior/mmcows/cropped_bboxes/behaviors/7/1690299986_10-46-26_3_3.jpg,,Behavior_Lying,cow_3_cam_3,"{""behavior"": ""Lying"", ""cow_id"": 3, ""camera_id"": 3, ""timestamp_iso"": ""2023-07-25T15:46:26Z""}"
sample_0111,MmCows,Behavior (Primary),datasets/behavior/mmcows/cropped_bboxes/behaviors/7/1690298591_10-23-11_11_2.jpg,,Behavior_Lying,cow_11_cam_2,"{""behavior"": ""Lying"", ""cow_id"": 11, ""camera_id"": 2, ""timestamp_iso"": ""2023-07-25T15:23:11Z""}"
sample_0112,MmCows,Behavior (Primary),datasets/behavior/mmcows/cropped_bboxes/behaviors/7/1690312031_14-07-11_5_1.jpg,,Behavior_Lying,cow_5_cam_1,"{""behavior"": ""Lying"", ""cow_id"": 5, ""camera_id"": 1, ""timestamp_iso"": ""2023-07-25T19:07:11Z""}"
sample_0113,MmCows,Behavior (Primary),datasets/behavior/mmcows/cropped_bboxes/behaviors/7/1690335761_20-42-41_2_1.jpg,,Behavior_Lying,cow_2_cam_1,"{""behavior"": ""Lying"", ""cow_id"": 2, ""camera_id"": 1, ""timestamp_iso"": ""2023-07-26T01:42:41Z""}"
sample_0114,MmCows,Behavior (Primary),datasets/behavior/mmcows/cropped_bboxes/behaviors/7/1690337426_21-10-26_7_2.jpg,,Behavior_Lying,cow_7_cam_2,"{""behavior"": ""Lying"", ""cow_id"": 7, ""camera_id"": 2, ""timestamp_iso"": ""2023-07-26T02:10:26Z""}"
sample_0115,MmCows,Behavior (Primary),datasets/behavior/mmcows/cropped_bboxes/behaviors/7/1690316036_15-13-56_1_2.jpg,,Behavior_Lying,cow_1_cam_2,"{""behavior"": ""Lying"", ""cow_id"": 1, ""camera_id"": 2, ""timestamp_iso"": ""2023-07-25T20:13:56Z""}"
sample_0116,MmCows,Behavior (Primary),datasets/behavior/mmcows/cropped_bboxes/behaviors/7/1690307051_12-44-11_3_1.jpg,,Behavior_Lying,cow_3_cam_1,"{""behavior"": ""Lying"", ""cow_id"": 3, ""camera_id"": 1, ""timestamp_iso"": ""2023-07-25T17:44:11Z""}"
sample_0117,MmCows,Behavior (Primary),datasets/behavior/mmcows/cropped_bboxes/behaviors/2/1690281116_05-31-56_2_4.jpg,,Behavior_Standing,cow_2_cam_4,"{""behavior"": ""Standing"", ""cow_id"": 2, ""camera_id"": 4, ""timestamp_iso"": ""2023-07-25T10:31:56Z""}"
sample_0118,MmCows,Behavior (Primary),datasets/behavior/mmcows/cropped_bboxes/behaviors/2/1690309196_13-19-56_8_2.jpg,,Behavior_Standing,cow_8_cam_2,"{""behavior"": ""Standing"", ""cow_id"": 8, ""camera_id"": 2, ""timestamp_iso"": ""2023-07-25T18:19:56Z""}"
sample_0119,MmCows,Behavior (Primary),datasets/behavior/mmcows/cropped_bboxes/behaviors/2/1690300991_11-03-11_5_2.jpg,,Behavior_Standing,cow_5_cam_2,"{""behavior"": ""Standing"", ""cow_id"": 5, ""camera_id"": 2, ""timestamp_iso"": ""2023-07-25T16:03:11Z""}"
sample_0120,MmCows,Behavior (Primary),datasets/behavior/mmcows/cropped_bboxes/behaviors/2/1690290731_08-12-11_6_2.jpg,,Behavior_Standing,cow_6_cam_2,"{""behavior"": ""Standing"", ""cow_id"": 6, ""camera_id"": 2, ""timestamp_iso"": ""2023-07-25T13:12:11Z""}"
sample_0121,MmCows,Behavior (Primary),datasets/behavior/mmcows/cropped_bboxes/behaviors/2/1690320956_16-35-56_5_2.jpg,,Behavior_Standing,cow_5_cam_2,"{""behavior"": ""Standing"", ""cow_id"": 5, ""camera_id"": 2, ""timestamp_iso"": ""2023-07-25T21:35:56Z""}"
sample_0122,MmCows,Behavior (Primary),datasets/behavior/mmcows/cropped_bboxes/behaviors/2/1690299146_10-32-26_2_4.jpg,,Behavior_Standing,cow_2_cam_4,"{""behavior"": ""Standing"", ""cow_id"": 2, ""camera_id"": 4, ""timestamp_iso"": ""2023-07-25T15:32:26Z""}"
sample_0123,MmCows,Behavior (Primary),datasets/behavior/mmcows/cropped_bboxes/behaviors/2/1690282286_05-51-26_2_4.jpg,,Behavior_Standing,cow_2_cam_4,"{""behavior"": ""Standing"", ""cow_id"": 2, ""camera_id"": 4, ""timestamp_iso"": ""2023-07-25T10:51:26Z""}"
sample_0124,MmCows,Behavior (Primary),datasets/behavior/mmcows/cropped_bboxes/behaviors/2/1690335386_20-36-26_12_3.jpg,,Behavior_Standing,cow_12_cam_3,"{""behavior"": ""Standing"", ""cow_id"": 12, ""camera_id"": 3, ""timestamp_iso"": ""2023-07-26T01:36:26Z""}"
sample_0125,MmCows,Behavior (Primary),datasets/behavior/mmcows/cropped_bboxes/behaviors/2/1690314776_14-52-56_15_1.jpg,,Behavior_Standing,cow_15_cam_1,"{""behavior"": ""Standing"", ""cow_id"": 15, ""camera_id"": 1, ""timestamp_iso"": ""2023-07-25T19:52:56Z""}"
sample_0126,MmCows,Behavior (Primary),datasets/behavior/mmcows/cropped_bboxes/behaviors/2/1690294136_09-08-56_16_1.jpg,,Behavior_Standing,cow_16_cam_1,"{""behavior"": ""Standing"", ""cow_id"": 16, ""camera_id"": 1, ""timestamp_iso"": ""2023-07-25T14:08:56Z""}"
sample_0127,MmCows,Behavior (Primary),datasets/behavior/mmcows/cropped_bboxes/behaviors/2/1690338086_21-21-26_13_4.jpg,,Behavior_Standing,cow_13_cam_4,"{""behavior"": ""Standing"", ""cow_id"": 13, ""camera_id"": 4, ""timestamp_iso"": ""2023-07-26T02:21:26Z""}"
sample_0128,MmCows,Behavior (Primary),datasets/behavior/mmcows/cropped_bboxes/behaviors/2/1690344101_23-01-41_13_1.jpg,,Behavior_Standing,cow_13_cam_1,"{""behavior"": ""Standing"", ""cow_id"": 13, ""camera_id"": 1, ""timestamp_iso"": ""2023-07-26T04:01:41Z""}"
sample_0129,MmCows,Behavior (Primary),datasets/behavior/mmcows/cropped_bboxes/behaviors/2/1690335686_20-41-26_4_4.jpg,,Behavior_Standing,cow_4_cam_4,"{""behavior"": ""Standing"", ""cow_id"": 4, ""camera_id"": 4, ""timestamp_iso"": ""2023-07-26T01:41:26Z""}"
sample_0130,MmCows,Behavior (Primary),datasets/behavior/mmcows/cropped_bboxes/behaviors/2/1690337426_21-10-26_1_1.jpg,,Behavior_Standing,cow_1_cam_1,"{""behavior"": ""Standing"", ""cow_id"": 1, ""camera_id"": 1, ""timestamp_iso"": ""2023-07-26T02:10:26Z""}"
sample_0131,MmCows,Behavior (Primary),datasets/behavior/mmcows/cropped_bboxes/behaviors/2/1690329146_18-52-26_8_4.jpg,,Behavior_Standing,cow_8_cam_4,"{""behavior"": ""Standing"", ""cow_id"": 8, ""camera_id"": 4, ""timestamp_iso"": ""2023-07-25T23:52:26Z""}"
sample_0132,MmCows,Behavior (Primary),datasets/behavior/mmcows/cropped_bboxes/behaviors/2/1690313636_14-33-56_12_3.jpg,,Behavior_Standing,cow_12_cam_3,"{""behavior"": ""Standing"", ""cow_id"": 12, ""camera_id"": 3, ""timestamp_iso"": ""2023-07-25T19:33:56Z""}"
sample_0133,MmCows,Behavior (Primary),datasets/behavior/mmcows/cropped_bboxes/behaviors/4/1690305056_12-10-56_9_1.jpg,,Behavior_Feeding_head_down,cow_9_cam_1,"{""behavior"": ""Feeding_head_down"", ""cow_id"": 9, ""camera_id"": 1, ""timestamp_iso"": ""2023-07-25T17:10:56Z""}"
sample_0134,MmCows,Behavior (Primary),datasets/behavior/mmcows/cropped_bboxes/behaviors/4/1690276976_04-22-56_10_4.jpg,,Behavior_Feeding_head_down,cow_10_cam_4,"{""behavior"": ""Feeding_head_down"", ""cow_id"": 10, ""camera_id"": 4, ""timestamp_iso"": ""2023-07-25T09:22:56Z""}"
sample_0135,MmCows,Behavior (Primary),datasets/behavior/mmcows/cropped_bboxes/behaviors/4/1690328756_18-45-56_5_2.jpg,,Behavior_Feeding_head_down,cow_5_cam_2,"{""behavior"": ""Feeding_head_down"", ""cow_id"": 5, ""camera_id"": 2, ""timestamp_iso"": ""2023-07-25T23:45:56Z""}"
sample_0136,MmCows,Behavior (Primary),datasets/behavior/mmcows/cropped_bboxes/behaviors/4/1690322636_17-03-56_5_4.jpg,,Behavior_Feeding_head_down,cow_5_cam_4,"{""behavior"": ""Feeding_head_down"", ""cow_id"": 5, ""camera_id"": 4, ""timestamp_iso"": ""2023-07-25T22:03:56Z""}"
sample_0137,MmCows,Behavior (Primary),datasets/behavior/mmcows/cropped_bboxes/behaviors/4/1690311131_13-52-11_9_1.jpg,,Behavior_Feeding_head_down,cow_9_cam_1,"{""behavior"": ""Feeding_head_down"", ""cow_id"": 9, ""camera_id"": 1, ""timestamp_iso"": ""2023-07-25T18:52:11Z""}"
sample_0138,MmCows,Behavior (Primary),datasets/behavior/mmcows/cropped_bboxes/behaviors/4/1690302596_11-29-56_8_2.jpg,,Behavior_Feeding_head_down,cow_8_cam_2,"{""behavior"": ""Feeding_head_down"", ""cow_id"": 8, ""camera_id"": 2, ""timestamp_iso"": ""2023-07-25T16:29:56Z""}"
sample_0139,MmCows,Behavior (Primary),datasets/behavior/mmcows/cropped_bboxes/behaviors/4/1690306136_12-28-56_9_4.jpg,,Behavior_Feeding_head_down,cow_9_cam_4,"{""behavior"": ""Feeding_head_down"", ""cow_id"": 9, ""camera_id"": 4, ""timestamp_iso"": ""2023-07-25T17:28:56Z""}"
sample_0140,MmCows,Behavior (Primary),datasets/behavior/mmcows/cropped_bboxes/behaviors/4/1690315811_15-10-11_15_4.jpg,,Behavior_Feeding_head_down,cow_15_cam_4,"{""behavior"": ""Feeding_head_down"", ""cow_id"": 15, ""camera_id"": 4, ""timestamp_iso"": ""2023-07-25T20:10:11Z""}"
sample_0141,MmCows,Behavior (Primary),datasets/behavior/mmcows/cropped_bboxes/behaviors/4/1690314836_14-53-56_5_2.jpg,,Behavior_Feeding_head_down,cow_5_cam_2,"{""behavior"": ""Feeding_head_down"", ""cow_id"": 5, ""camera_id"": 2, ""timestamp_iso"": ""2023-07-25T19:53:56Z""}"
sample_0142,MmCows,Behavior (Primary),datasets/behavior/mmcows/cropped_bboxes/behaviors/4/1690329821_19-03-41_12_4.jpg,,Behavior_Feeding_head_down,cow_12_cam_4,"{""behavior"": ""Feeding_head_down"", ""cow_id"": 12, ""camera_id"": 4, ""timestamp_iso"": ""2023-07-26T00:03:41Z""}"
sample_0143,MmCows,Behavior (Primary),datasets/behavior/mmcows/cropped_bboxes/behaviors/4/1690325291_17-48-11_15_3.jpg,,Behavior_Feeding_head_down,cow_15_cam_3,"{""behavior"": ""Feeding_head_down"", ""cow_id"": 15, ""camera_id"": 3, ""timestamp_iso"": ""2023-07-25T22:48:11Z""}"
sample_0144,MmCows,Behavior (Primary),datasets/behavior/mmcows/cropped_bboxes/behaviors/4/1690319366_16-09-26_2_4.jpg,,Behavior_Feeding_head_down,cow_2_cam_4,"{""behavior"": ""Feeding_head_down"", ""cow_id"": 2, ""camera_id"": 4, ""timestamp_iso"": ""2023-07-25T21:09:26Z""}"
sample_0145,MmCows,Behavior (Primary),datasets/behavior/mmcows/cropped_bboxes/behaviors/4/1690289276_07-47-56_1_4.jpg,,Behavior_Feeding_head_down,cow_1_cam_4,"{""behavior"": ""Feeding_head_down"", ""cow_id"": 1, ""camera_id"": 4, ""timestamp_iso"": ""2023-07-25T12:47:56Z""}"
sample_0146,MmCows,Behavior (Primary),datasets/behavior/mmcows/cropped_bboxes/behaviors/4/1690296266_09-44-26_1_2.jpg,,Behavior_Feeding_head_down,cow_1_cam_2,"{""behavior"": ""Feeding_head_down"", ""cow_id"": 1, ""camera_id"": 2, ""timestamp_iso"": ""2023-07-25T14:44:26Z""}"
sample_0147,MmCows,Behavior (Primary),datasets/behavior/mmcows/cropped_bboxes/behaviors/4/1690295591_09-33-11_14_2.jpg,,Behavior_Feeding_head_down,cow_14_cam_2,"{""behavior"": ""Feeding_head_down"", ""cow_id"": 14, ""camera_id"": 2, ""timestamp_iso"": ""2023-07-25T14:33:11Z""}"
sample_0148,MmCows,Behavior (Primary),datasets/behavior/mmcows/cropped_bboxes/behaviors/4/1690315316_15-01-56_16_1.jpg,,Behavior_Feeding_head_down,cow_16_cam_1,"{""behavior"": ""Feeding_head_down"", ""cow_id"": 16, ""camera_id"": 1, ""timestamp_iso"": ""2023-07-25T20:01:56Z""}"
sample_0149,MmCows,Behavior (Primary),datasets/behavior/mmcows/cropped_bboxes/behaviors/3/1690296671_09-51-11_12_2.jpg,,Behavior_Feeding_head_up,cow_12_cam_2,"{""behavior"": ""Feeding_head_up"", ""cow_id"": 12, ""camera_id"": 2, ""timestamp_iso"": ""2023-07-25T14:51:11Z""}"
sample_0150,MmCows,Behavior (Primary),datasets/behavior/mmcows/cropped_bboxes/behaviors/3/1690334996_20-29-56_3_4.jpg,,Behavior_Feeding_head_up,cow_3_cam_4,"{""behavior"": ""Feeding_head_up"", ""cow_id"": 3, ""camera_id"": 4, ""timestamp_iso"": ""2023-07-26T01:29:56Z""}"
sample_0151,MmCows,Behavior (Primary),datasets/behavior/mmcows/cropped_bboxes/behaviors/3/1690284401_06-26-41_4_3.jpg,,Behavior_Feeding_head_up,cow_4_cam_3,"{""behavior"": ""Feeding_head_up"", ""cow_id"": 4, ""camera_id"": 3, ""timestamp_iso"": ""2023-07-25T11:26:41Z""}"
sample_0152,MmCows,Behavior (Primary),datasets/behavior/mmcows/cropped_bboxes/behaviors/3/1690329251_18-54-11_12_1.jpg,,Behavior_Feeding_head_up,cow_12_cam_1,"{""behavior"": ""Feeding_head_up"", ""cow_id"": 12, ""camera_id"": 1, ""timestamp_iso"": ""2023-07-25T23:54:11Z""}"
sample_0153,MmCows,Behavior (Primary),datasets/behavior/mmcows/cropped_bboxes/behaviors/3/1690285901_06-51-41_4_1.jpg,,Behavior_Feeding_head_up,cow_4_cam_1,"{""behavior"": ""Feeding_head_up"", ""cow_id"": 4, ""camera_id"": 1, ""timestamp_iso"": ""2023-07-25T11:51:41Z""}"
sample_0154,MmCows,Behavior (Primary),datasets/behavior/mmcows/cropped_bboxes/behaviors/3/1690301636_11-13-56_16_4.jpg,,Behavior_Feeding_head_up,cow_16_cam_4,"{""behavior"": ""Feeding_head_up"", ""cow_id"": 16, ""camera_id"": 4, ""timestamp_iso"": ""2023-07-25T16:13:56Z""}"
sample_0155,MmCows,Behavior (Primary),datasets/behavior/mmcows/cropped_bboxes/behaviors/3/1690346081_23-34-41_2_1.jpg,,Behavior_Feeding_head_up,cow_2_cam_1,"{""behavior"": ""Feeding_head_up"", ""cow_id"": 2, ""camera_id"": 1, ""timestamp_iso"": ""2023-07-26T04:34:41Z""}"
sample_0156,MmCows,Behavior (Primary),datasets/behavior/mmcows/cropped_bboxes/behaviors/3/1690293746_09-02-26_11_4.jpg,,Behavior_Feeding_head_up,cow_11_cam_4,"{""behavior"": ""Feeding_head_up"", ""cow_id"": 11, ""camera_id"": 4, ""timestamp_iso"": ""2023-07-25T14:02:26Z""}"
sample_0157,MmCows,Behavior (Primary),datasets/behavior/mmcows/cropped_bboxes/behaviors/3/1690309811_13-30-11_13_4.jpg,,Behavior_Feeding_head_up,cow_13_cam_4,"{""behavior"": ""Feeding_head_up"", ""cow_id"": 13, ""camera_id"": 4, ""timestamp_iso"": ""2023-07-25T18:30:11Z""}"
sample_0158,MmCows,Behavior (Primary),datasets/behavior/mmcows/cropped_bboxes/behaviors/3/1690287086_07-11-26_7_2.jpg,,Behavior_Feeding_head_up,cow_7_cam_2,"{""behavior"": ""Feeding_head_up"", ""cow_id"": 7, ""camera_id"": 2, ""timestamp_iso"": ""2023-07-25T12:11:26Z""}"
sample_0159,MmCows,Behavior (Primary),datasets/behavior/mmcows/cropped_bboxes/behaviors/3/1690316486_15-21-26_7_1.jpg,,Behavior_Feeding_head_up,cow_7_cam_1,"{""behavior"": ""Feeding_head_up"", ""cow_id"": 7, ""camera_id"": 1, ""timestamp_iso"": ""2023-07-25T20:21:26Z""}"
sample_0160,MmCows,Behavior (Primary),datasets/behavior/mmcows/cropped_bboxes/behaviors/3/1690272311_03-05-11_5_4.jpg,,Behavior_Feeding_head_up,cow_5_cam_4,"{""behavior"": ""Feeding_head_up"", ""cow_id"": 5, ""camera_id"": 4, ""timestamp_iso"": ""2023-07-25T08:05:11Z""}"
sample_0161,MmCows,Behavior (Primary),datasets/behavior/mmcows/cropped_bboxes/behaviors/3/1690276211_04-10-11_13_4.jpg,,Behavior_Feeding_head_up,cow_13_cam_4,"{""behavior"": ""Feeding_head_up"", ""cow_id"": 13, ""camera_id"": 4, ""timestamp_iso"": ""2023-07-25T09:10:11Z""}"
sample_0162,MmCows,Behavior (Primary),datasets/behavior/mmcows/cropped_bboxes/behaviors/3/1690284356_06-25-56_7_4.jpg,,Behavior_Feeding_head_up,cow_7_cam_4,"{""behavior"": ""Feeding_head_up"", ""cow_id"": 7, ""camera_id"": 4, ""timestamp_iso"": ""2023-07-25T11:25:56Z""}"
sample_0163,MmCows,Behavior (Primary),datasets/behavior/mmcows/cropped_bboxes/behaviors/3/1690328666_18-44-26_12_4.jpg,,Behavior_Feeding_head_up,cow_12_cam_4,"{""behavior"": ""Feeding_head_up"", ""cow_id"": 12, ""camera_id"": 4, ""timestamp_iso"": ""2023-07-25T23:44:26Z""}"
sample_0164,MmCows,Behavior (Primary),datasets/behavior/mmcows/cropped_bboxes/behaviors/3/1690273361_03-22-41_13_1.jpg,,Behavior_Feeding_head_up,cow_13_cam_1,"{""behavior"": ""Feeding_head_up"", ""cow_id"": 13, ""camera_id"": 1, ""timestamp_iso"": ""2023-07-25T08:22:41Z""}"
sample_0165,MmCows,Behavior (Primary),datasets/behavior/mmcows/cropped_bboxes/behaviors/1/1690321076_16-37-56_16_4.jpg,,Behavior_Walking,cow_16_cam_4,"{""behavior"": ""Walking"", ""cow_id"": 16, ""camera_id"": 4, ""timestamp_iso"": ""2023-07-25T21:37:56Z""}"
sample_0166,MmCows,Behavior (Primary),datasets/behavior/mmcows/cropped_bboxes/behaviors/1/1690287011_07-10-11_9_1.jpg,,Behavior_Walking,cow_9_cam_1,"{""behavior"": ""Walking"", ""cow_id"": 9, ""camera_id"": 1, ""timestamp_iso"": ""2023-07-25T12:10:11Z""}"
sample_0167,MmCows,Behavior (Primary),datasets/behavior/mmcows/cropped_bboxes/behaviors/1/1690317071_15-31-11_7_2.jpg,,Behavior_Walking,cow_7_cam_2,"{""behavior"": ""Walking"", ""cow_id"": 7, ""camera_id"": 2, ""timestamp_iso"": ""2023-07-25T20:31:11Z""}"
sample_0168,MmCows,Behavior (Primary),datasets/behavior/mmcows/cropped_bboxes/behaviors/1/1690320071_16-21-11_9_2.jpg,,Behavior_Walking,cow_9_cam_2,"{""behavior"": ""Walking"", ""cow_id"": 9, ""camera_id"": 2, ""timestamp_iso"": ""2023-07-25T21:21:11Z""}"
sample_0169,MmCows,Behavior (Primary),datasets/behavior/mmcows/cropped_bboxes/behaviors/1/1690337096_21-04-56_4_3.jpg,,Behavior_Walking,cow_4_cam_3,"{""behavior"": ""Walking"", ""cow_id"": 4, ""camera_id"": 3, ""timestamp_iso"": ""2023-07-26T02:04:56Z""}"
sample_0170,MmCows,Behavior (Primary),datasets/behavior/mmcows/cropped_bboxes/behaviors/1/1690277051_04-24-11_6_2.jpg,,Behavior_Walking,cow_6_cam_2,"{""behavior"": ""Walking"", ""cow_id"": 6, ""camera_id"": 2, ""timestamp_iso"": ""2023-07-25T09:24:11Z""}"
sample_0171,MmCows,Behavior (Primary),datasets/behavior/mmcows/cropped_bboxes/behaviors/1/1690289531_07-52-11_5_2.jpg,,Behavior_Walking,cow_5_cam_2,"{""behavior"": ""Walking"", ""cow_id"": 5, ""camera_id"": 2, ""timestamp_iso"": ""2023-07-25T12:52:11Z""}"
sample_0172,MmCows,Behavior (Primary),datasets/behavior/mmcows/cropped_bboxes/behaviors/1/1690306376_12-32-56_6_3.jpg,,Behavior_Walking,cow_6_cam_3,"{""behavior"": ""Walking"", ""cow_id"": 6, ""camera_id"": 3, ""timestamp_iso"": ""2023-07-25T17:32:56Z""}"
sample_0173,MmCows,Behavior (Primary),datasets/behavior/mmcows/cropped_bboxes/behaviors/1/1690273496_03-24-56_13_2.jpg,,Behavior_Walking,cow_13_cam_2,"{""behavior"": ""Walking"", ""cow_id"": 13, ""camera_id"": 2, ""timestamp_iso"": ""2023-07-25T08:24:56Z""}"
sample_0174,MmCows,Behavior (Primary),datasets/behavior/mmcows/cropped_bboxes/behaviors/1/1690300016_10-46-56_10_1.jpg,,Behavior_Walking,cow_10_cam_1,"{""behavior"": ""Walking"", ""cow_id"": 10, ""camera_id"": 1, ""timestamp_iso"": ""2023-07-25T15:46:56Z""}"
sample_0175,MmCows,Behavior (Primary),datasets/behavior/mmcows/cropped_bboxes/behaviors/1/1690320506_16-28-26_16_4.jpg,,Behavior_Walking,cow_16_cam_4,"{""behavior"": ""Walking"", ""cow_id"": 16, ""camera_id"": 4, ""timestamp_iso"": ""2023-07-25T21:28:26Z""}"
sample_0176,MmCows,Behavior (Primary),datasets/behavior/mmcows/cropped_bboxes/behaviors/1/1690319861_16-17-41_12_2.jpg,,Behavior_Walking,cow_12_cam_2,"{""behavior"": ""Walking"", ""cow_id"": 12, ""camera_id"": 2, ""timestamp_iso"": ""2023-07-25T21:17:41Z""}"
sample_0177,MmCows,Behavior (Primary),datasets/behavior/mmcows/cropped_bboxes/behaviors/1/1690274411_03-40-11_9_4.jpg,,Behavior_Walking,cow_9_cam_4,"{""behavior"": ""Walking"", ""cow_id"": 9, ""camera_id"": 4, ""timestamp_iso"": ""2023-07-25T08:40:11Z""}"
sample_0178,MmCows,Behavior (Primary),datasets/behavior/mmcows/cropped_bboxes/behaviors/1/1690331066_19-24-26_16_4.jpg,,Behavior_Walking,cow_16_cam_4,"{""behavior"": ""Walking"", ""cow_id"": 16, ""camera_id"": 4, ""timestamp_iso"": ""2023-07-26T00:24:26Z""}"
sample_0179,MmCows,Behavior (Primary),datasets/behavior/mmcows/cropped_bboxes/behaviors/6/1690272791_03-13-11_1_1.jpg,,Behavior_Drinking,cow_1_cam_1,"{""behavior"": ""Drinking"", ""cow_id"": 1, ""camera_id"": 1, ""timestamp_iso"": ""2023-07-25T08:13:11Z""}"
sample_0180,MmCows,Behavior (Primary),datasets/behavior/mmcows/cropped_bboxes/behaviors/6/1690289861_07-57-41_15_4.jpg,,Behavior_Drinking,cow_15_cam_4,"{""behavior"": ""Drinking"", ""cow_id"": 15, ""camera_id"": 4, ""timestamp_iso"": ""2023-07-25T12:57:41Z""}"
sample_0181,MmCows,Behavior (Primary),datasets/behavior/mmcows/cropped_bboxes/behaviors/6/1690305881_12-24-41_6_1.jpg,,Behavior_Drinking,cow_6_cam_1,"{""behavior"": ""Drinking"", ""cow_id"": 6, ""camera_id"": 1, ""timestamp_iso"": ""2023-07-25T17:24:41Z""}"
sample_0182,MmCows,Behavior (Primary),datasets/behavior/mmcows/cropped_bboxes/behaviors/6/1690301786_11-16-26_10_3.jpg,,Behavior_Drinking,cow_10_cam_3,"{""behavior"": ""Drinking"", ""cow_id"": 10, ""camera_id"": 3, ""timestamp_iso"": ""2023-07-25T16:16:26Z""}"
sample_0183,MmCows,Behavior (Primary),datasets/behavior/mmcows/cropped_bboxes/behaviors/6/1690274876_03-47-56_15_1.jpg,,Behavior_Drinking,cow_15_cam_1,"{""behavior"": ""Drinking"", ""cow_id"": 15, ""camera_id"": 1, ""timestamp_iso"": ""2023-07-25T08:47:56Z""}"
sample_0184,MmCows,Behavior (Primary),datasets/behavior/mmcows/cropped_bboxes/behaviors/6/1690335191_20-33-11_8_2.jpg,,Behavior_Drinking,cow_8_cam_2,"{""behavior"": ""Drinking"", ""cow_id"": 8, ""camera_id"": 2, ""timestamp_iso"": ""2023-07-26T01:33:11Z""}"
sample_0185,MmCows,Behavior (Primary),datasets/behavior/mmcows/cropped_bboxes/behaviors/6/1690303901_11-51-41_3_1.jpg,,Behavior_Drinking,cow_3_cam_1,"{""behavior"": ""Drinking"", ""cow_id"": 3, ""camera_id"": 1, ""timestamp_iso"": ""2023-07-25T16:51:41Z""}"
sample_0186,MmCows,Behavior (Primary),datasets/behavior/mmcows/cropped_bboxes/behaviors/6/1690326401_18-06-41_3_3.jpg,,Behavior_Drinking,cow_3_cam_3,"{""behavior"": ""Drinking"", ""cow_id"": 3, ""camera_id"": 3, ""timestamp_iso"": ""2023-07-25T23:06:41Z""}"
sample_0187,MmCows,Behavior (Primary),datasets/behavior/mmcows/cropped_bboxes/behaviors/6/1690309946_13-32-26_12_2.jpg,,Behavior_Drinking,cow_12_cam_2,"{""behavior"": ""Drinking"", ""cow_id"": 12, ""camera_id"": 2, ""timestamp_iso"": ""2023-07-25T18:32:26Z""}"
sample_0188,MmCows,Behavior (Primary),datasets/behavior/mmcows/cropped_bboxes/behaviors/6/1690280081_05-14-41_8_2.jpg,,Behavior_Drinking,cow_8_cam_2,"{""behavior"": ""Drinking"", ""cow_id"": 8, ""camera_id"": 2, ""timestamp_iso"": ""2023-07-25T10:14:41Z""}"
sample_0189,MmCows,Behavior (Primary),datasets/behavior/mmcows/cropped_bboxes/behaviors/6/1690327586_18-26-26_15_2.jpg,,Behavior_Drinking,cow_15_cam_2,"{""behavior"": ""Drinking"", ""cow_id"": 15, ""camera_id"": 2, ""timestamp_iso"": ""2023-07-25T23:26:26Z""}"
sample_0190,MmCows,Behavior (Primary),datasets/behavior/mmcows/cropped_bboxes/behaviors/5/1690342541_22-35-41_11_4.jpg,,Behavior_Licking,cow_11_cam_4,"{""behavior"": ""Licking"", ""cow_id"": 11, ""camera_id"": 4, ""timestamp_iso"": ""2023-07-26T03:35:41Z""}"
sample_0191,MmCows,Behavior (Primary),datasets/behavior/mmcows/cropped_bboxes/behaviors/5/1690282391_05-53-11_7_3.jpg,,Behavior_Licking,cow_7_cam_3,"{""behavior"": ""Licking"", ""cow_id"": 7, ""camera_id"": 3, ""timestamp_iso"": ""2023-07-25T10:53:11Z""}"
sample_0192,MmCows,Behavior (Primary),datasets/behavior/mmcows/cropped_bboxes/behaviors/5/1690281881_05-44-41_7_2.jpg,,Behavior_Licking,cow_7_cam_2,"{""behavior"": ""Licking"", ""cow_id"": 7, ""camera_id"": 2, ""timestamp_iso"": ""2023-07-25T10:44:41Z""}"
sample_0193,MmCows,Behavior (Primary),datasets/behavior/mmcows/cropped_bboxes/behaviors/5/1690340261_21-57-41_15_3.jpg,,Behavior_Licking,cow_15_cam_3,"{""behavior"": ""Licking"", ""cow_id"": 15, ""camera_id"": 3, ""timestamp_iso"": ""2023-07-26T02:57:41Z""}"
sample_0194,MmCows,Behavior (Primary),datasets/behavior/mmcows/cropped_bboxes/behaviors/5/1690282031_05-47-11_7_2.jpg,,Behavior_Licking,cow_7_cam_2,"{""behavior"": ""Licking"", ""cow_id"": 7, ""camera_id"": 2, ""timestamp_iso"": ""2023-07-25T10:47:11Z""}"
sample_0195,MmCows,Behavior (Primary),datasets/behavior/mmcows/cropped_bboxes/behaviors/5/1690282631_05-57-11_7_2.jpg,,Behavior_Licking,cow_7_cam_2,"{""behavior"": ""Licking"", ""cow_id"": 7, ""camera_id"": 2, ""timestamp_iso"": ""2023-07-25T10:57:11Z""}"
sample_0196,MmCows,Behavior (Primary),datasets/behavior/mmcows/cropped_bboxes/behaviors/5/1690328831_18-47-11_7_4.jpg,,Behavior_Licking,cow_7_cam_4,"{""behavior"": ""Licking"", ""cow_id"": 7, ""camera_id"": 4, ""timestamp_iso"": ""2023-07-25T23:47:11Z""}"
sample_0197,MmCows,Behavior (Primary),datasets/behavior/mmcows/cropped_bboxes/behaviors/5/1690282016_05-46-56_7_2.jpg,,Behavior_Licking,cow_7_cam_2,"{""behavior"": ""Licking"", ""cow_id"": 7, ""camera_id"": 2, ""timestamp_iso"": ""2023-07-25T10:46:56Z""}"
sample_0198,MmCows,Behavior (Primary),datasets/behavior/mmcows/cropped_bboxes/behaviors/5/1690282796_05-59-56_7_1.jpg,,Behavior_Licking,cow_7_cam_1,"{""behavior"": ""Licking"", ""cow_id"": 7, ""camera_id"": 1, ""timestamp_iso"": ""2023-07-25T10:59:56Z""}"
sample_0199,MmCows,Behavior (Primary),datasets/behavior/mmcows/cropped_bboxes/behaviors/5/1690282406_05-53-26_7_3.jpg,,Behavior_Licking,cow_7_cam_3,"{""behavior"": ""Licking"", ""cow_id"": 7, ""camera_id"": 3, ""timestamp_iso"": ""2023-07-25T10:53:26Z""}"
sample_0200,MmCows,Behavior (Primary),datasets/behavior/mmcows/cropped_bboxes/behaviors/5/1690314896_14-54-56_15_1.jpg,,Behavior_Licking,cow_15_cam_1,"{""behavior"": ""Licking"", ""cow_id"": 15, ""camera_id"": 1, ""timestamp_iso"": ""2023-07-25T19:54:56Z""}"
sample_0201,SideViewCows2026,Re-ID (Primary),datasets/id/external/sideviewcows2026/parlor/images/503/503_0130.jpg,datasets/id/external/sideviewcows2026/parlor/masks/503/503_0130.png,ReID_parlor,parlor_cow_0503_sess_007,"{""subset"": ""parlor"", ""individual_id"": 503, ""frame_no"": 130, ""recording_id"": ""parlor_cow_0503_sess_007""}"
sample_0202,SideViewCows2026,Re-ID (Primary),datasets/id/external/sideviewcows2026/parlor/images/962/962_0113.jpg,datasets/id/external/sideviewcows2026/parlor/masks/962/962_0113.png,ReID_parlor,parlor_cow_0962_sess_008,"{""subset"": ""parlor"", ""individual_id"": 962, ""frame_no"": 113, ""recording_id"": ""parlor_cow_0962_sess_008""}"
sample_0203,SideViewCows2026,Re-ID (Primary),datasets/id/external/sideviewcows2026/parlor/images/733/733_0514.jpg,datasets/id/external/sideviewcows2026/parlor/masks/733/733_0514.png,ReID_parlor,parlor_cow_0733_sess_050,"{""subset"": ""parlor"", ""individual_id"": 733, ""frame_no"": 514, ""recording_id"": ""parlor_cow_0733_sess_050""}"
sample_0204,SideViewCows2026,Re-ID (Primary),datasets/id/external/sideviewcows2026/parlor/images/871/871_0057.jpg,datasets/id/external/sideviewcows2026/parlor/masks/871/871_0057.png,ReID_parlor,parlor_cow_0871_sess_006,"{""subset"": ""parlor"", ""individual_id"": 871, ""frame_no"": 57, ""recording_id"": ""parlor_cow_0871_sess_006""}"
sample_0205,SideViewCows2026,Re-ID (Primary),datasets/id/external/sideviewcows2026/parlor/images/442/442_0333.jpg,datasets/id/external/sideviewcows2026/parlor/masks/442/442_0333.png,ReID_parlor,parlor_cow_0442_sess_022,"{""subset"": ""parlor"", ""individual_id"": 442, ""frame_no"": 333, ""recording_id"": ""parlor_cow_0442_sess_022""}"
sample_0206,SideViewCows2026,Re-ID (Primary),datasets/id/external/sideviewcows2026/parlor/images/275/275_0115.jpg,datasets/id/external/sideviewcows2026/parlor/masks/275/275_0115.png,ReID_parlor,parlor_cow_0275_sess_006,"{""subset"": ""parlor"", ""individual_id"": 275, ""frame_no"": 115, ""recording_id"": ""parlor_cow_0275_sess_006""}"
sample_0207,SideViewCows2026,Re-ID (Primary),datasets/id/external/sideviewcows2026/parlor/images/733/733_0190.jpg,datasets/id/external/sideviewcows2026/parlor/masks/733/733_0190.png,ReID_parlor,parlor_cow_0733_sess_015,"{""subset"": ""parlor"", ""individual_id"": 733, ""frame_no"": 190, ""recording_id"": ""parlor_cow_0733_sess_015""}"
sample_0208,SideViewCows2026,Re-ID (Primary),datasets/id/external/sideviewcows2026/parlor/images/680/680_0155.jpg,datasets/id/external/sideviewcows2026/parlor/masks/680/680_0155.png,ReID_parlor,parlor_cow_0680_sess_007,"{""subset"": ""parlor"", ""individual_id"": 680, ""frame_no"": 155, ""recording_id"": ""parlor_cow_0680_sess_007""}"
sample_0209,SideViewCows2026,Re-ID (Primary),datasets/id/external/sideviewcows2026/parlor/images/887/887_0366.jpg,datasets/id/external/sideviewcows2026/parlor/masks/887/887_0366.png,ReID_parlor,parlor_cow_0887_sess_018,"{""subset"": ""parlor"", ""individual_id"": 887, ""frame_no"": 366, ""recording_id"": ""parlor_cow_0887_sess_018""}"
sample_0210,SideViewCows2026,Re-ID (Primary),datasets/id/external/sideviewcows2026/parlor/images/887/887_0547.jpg,datasets/id/external/sideviewcows2026/parlor/masks/887/887_0547.png,ReID_parlor,parlor_cow_0887_sess_029,"{""subset"": ""parlor"", ""individual_id"": 887, ""frame_no"": 547, ""recording_id"": ""parlor_cow_0887_sess_029""}"
sample_0211,SideViewCows2026,Re-ID (Primary),datasets/id/external/sideviewcows2026/parlor/images/375/375_0152.jpg,datasets/id/external/sideviewcows2026/parlor/masks/375/375_0152.png,ReID_parlor,parlor_cow_0375_sess_005,"{""subset"": ""parlor"", ""individual_id"": 375, ""frame_no"": 152, ""recording_id"": ""parlor_cow_0375_sess_005""}"
sample_0212,SideViewCows2026,Re-ID (Primary),datasets/id/external/sideviewcows2026/parlor/images/444/444_0037.jpg,datasets/id/external/sideviewcows2026/parlor/masks/444/444_0037.png,ReID_parlor,parlor_cow_0444_sess_004,"{""subset"": ""parlor"", ""individual_id"": 444, ""frame_no"": 37, ""recording_id"": ""parlor_cow_0444_sess_004""}"
sample_0213,SideViewCows2026,Re-ID (Primary),datasets/id/external/sideviewcows2026/parlor/images/955/955_0413.jpg,datasets/id/external/sideviewcows2026/parlor/masks/955/955_0413.png,ReID_parlor,parlor_cow_0955_sess_023,"{""subset"": ""parlor"", ""individual_id"": 955, ""frame_no"": 413, ""recording_id"": ""parlor_cow_0955_sess_023""}"
sample_0214,SideViewCows2026,Re-ID (Primary),datasets/id/external/sideviewcows2026/parlor/images/828/828_0168.jpg,datasets/id/external/sideviewcows2026/parlor/masks/828/828_0168.png,ReID_parlor,parlor_cow_0828_sess_012,"{""subset"": ""parlor"", ""individual_id"": 828, ""frame_no"": 168, ""recording_id"": ""parlor_cow_0828_sess_012""}"
sample_0215,SideViewCows2026,Re-ID (Primary),datasets/id/external/sideviewcows2026/parlor/images/275/275_0060.jpg,datasets/id/external/sideviewcows2026/parlor/masks/275/275_0060.png,ReID_parlor,parlor_cow_0275_sess_005,"{""subset"": ""parlor"", ""individual_id"": 275, ""frame_no"": 60, ""recording_id"": ""parlor_cow_0275_sess_005""}"
sample_0216,SideViewCows2026,Re-ID (Primary),datasets/id/external/sideviewcows2026/parlor/images/488/488_1058.jpg,datasets/id/external/sideviewcows2026/parlor/masks/488/488_1058.png,ReID_parlor,parlor_cow_0488_sess_059,"{""subset"": ""parlor"", ""individual_id"": 488, ""frame_no"": 1058, ""recording_id"": ""parlor_cow_0488_sess_059""}"
sample_0217,SideViewCows2026,Re-ID (Primary),datasets/id/external/sideviewcows2026/parlor/images/934/934_0298.jpg,datasets/id/external/sideviewcows2026/parlor/masks/934/934_0298.png,ReID_parlor,parlor_cow_0934_sess_019,"{""subset"": ""parlor"", ""individual_id"": 934, ""frame_no"": 298, ""recording_id"": ""parlor_cow_0934_sess_019""}"
sample_0218,SideViewCows2026,Re-ID (Primary),datasets/id/external/sideviewcows2026/parlor/images/920/920_0061.jpg,datasets/id/external/sideviewcows2026/parlor/masks/920/920_0061.png,ReID_parlor,parlor_cow_0920_sess_004,"{""subset"": ""parlor"", ""individual_id"": 920, ""frame_no"": 61, ""recording_id"": ""parlor_cow_0920_sess_004""}"
sample_0219,SideViewCows2026,Re-ID (Primary),datasets/id/external/sideviewcows2026/parlor/images/192/192_0441.jpg,datasets/id/external/sideviewcows2026/parlor/masks/192/192_0441.png,ReID_parlor,parlor_cow_0192_sess_020,"{""subset"": ""parlor"", ""individual_id"": 192, ""frame_no"": 441, ""recording_id"": ""parlor_cow_0192_sess_020""}"
sample_0220,SideViewCows2026,Re-ID (Primary),datasets/id/external/sideviewcows2026/parlor/images/633/633_0562.jpg,datasets/id/external/sideviewcows2026/parlor/masks/633/633_0562.png,ReID_parlor,parlor_cow_0633_sess_033,"{""subset"": ""parlor"", ""individual_id"": 633, ""frame_no"": 562, ""recording_id"": ""parlor_cow_0633_sess_033""}"
sample_0221,SideViewCows2026,Re-ID (Primary),datasets/id/external/sideviewcows2026/parlor/images/406/406_0034.jpg,datasets/id/external/sideviewcows2026/parlor/masks/406/406_0034.png,ReID_parlor,parlor_cow_0406_sess_003,"{""subset"": ""parlor"", ""individual_id"": 406, ""frame_no"": 34, ""recording_id"": ""parlor_cow_0406_sess_003""}"
sample_0222,SideViewCows2026,Re-ID (Primary),datasets/id/external/sideviewcows2026/parlor/images/544/544_0057.jpg,datasets/id/external/sideviewcows2026/parlor/masks/544/544_0057.png,ReID_parlor,parlor_cow_0544_sess_004,"{""subset"": ""parlor"", ""individual_id"": 544, ""frame_no"": 57, ""recording_id"": ""parlor_cow_0544_sess_004""}"
sample_0223,SideViewCows2026,Re-ID (Primary),datasets/id/external/sideviewcows2026/parlor/images/168/168_0202.jpg,datasets/id/external/sideviewcows2026/parlor/masks/168/168_0202.png,ReID_parlor,parlor_cow_0168_sess_013,"{""subset"": ""parlor"", ""individual_id"": 168, ""frame_no"": 202, ""recording_id"": ""parlor_cow_0168_sess_013""}"
sample_0224,SideViewCows2026,Re-ID (Primary),datasets/id/external/sideviewcows2026/parlor/images/545/545_0243.jpg,datasets/id/external/sideviewcows2026/parlor/masks/545/545_0243.png,ReID_parlor,parlor_cow_0545_sess_013,"{""subset"": ""parlor"", ""individual_id"": 545, ""frame_no"": 243, ""recording_id"": ""parlor_cow_0545_sess_013""}"
sample_0225,SideViewCows2026,Re-ID (Primary),datasets/id/external/sideviewcows2026/parlor/images/436/436_0040.jpg,datasets/id/external/sideviewcows2026/parlor/masks/436/436_0040.png,ReID_parlor,parlor_cow_0436_sess_002,"{""subset"": ""parlor"", ""individual_id"": 436, ""frame_no"": 40, ""recording_id"": ""parlor_cow_0436_sess_002""}"
sample_0226,SideViewCows2026,Re-ID (Primary),datasets/id/external/sideviewcows2026/parlor/images/828/828_0214.jpg,datasets/id/external/sideviewcows2026/parlor/masks/828/828_0214.png,ReID_parlor,parlor_cow_0828_sess_016,"{""subset"": ""parlor"", ""individual_id"": 828, ""frame_no"": 214, ""recording_id"": ""parlor_cow_0828_sess_016""}"
sample_0227,SideViewCows2026,Re-ID (Primary),datasets/id/external/sideviewcows2026/parlor/images/403/403_0244.jpg,datasets/id/external/sideviewcows2026/parlor/masks/403/403_0244.png,ReID_parlor,parlor_cow_0403_sess_015,"{""subset"": ""parlor"", ""individual_id"": 403, ""frame_no"": 244, ""recording_id"": ""parlor_cow_0403_sess_015""}"
sample_0228,SideViewCows2026,Re-ID (Primary),datasets/id/external/sideviewcows2026/parlor/images/367/367_0191.jpg,datasets/id/external/sideviewcows2026/parlor/masks/367/367_0191.png,ReID_parlor,parlor_cow_0367_sess_014,"{""subset"": ""parlor"", ""individual_id"": 367, ""frame_no"": 191, ""recording_id"": ""parlor_cow_0367_sess_014""}"
sample_0229,SideViewCows2026,Re-ID (Primary),datasets/id/external/sideviewcows2026/parlor/images/320/320_0774.jpg,datasets/id/external/sideviewcows2026/parlor/masks/320/320_0774.png,ReID_parlor,parlor_cow_0320_sess_048,"{""subset"": ""parlor"", ""individual_id"": 320, ""frame_no"": 774, ""recording_id"": ""parlor_cow_0320_sess_048""}"
sample_0230,SideViewCows2026,Re-ID (Primary),datasets/id/external/sideviewcows2026/parlor/images/323/323_0050.jpg,datasets/id/external/sideviewcows2026/parlor/masks/323/323_0050.png,ReID_parlor,parlor_cow_0323_sess_003,"{""subset"": ""parlor"", ""individual_id"": 323, ""frame_no"": 50, ""recording_id"": ""parlor_cow_0323_sess_003""}"
sample_0231,SideViewCows2026,Re-ID (Primary),datasets/id/external/sideviewcows2026/parlor/images/737/737_0132.jpg,datasets/id/external/sideviewcows2026/parlor/masks/737/737_0132.png,ReID_parlor,parlor_cow_0737_sess_008,"{""subset"": ""parlor"", ""individual_id"": 737, ""frame_no"": 132, ""recording_id"": ""parlor_cow_0737_sess_008""}"
sample_0232,SideViewCows2026,Re-ID (Primary),datasets/id/external/sideviewcows2026/parlor/images/355/355_0372.jpg,datasets/id/external/sideviewcows2026/parlor/masks/355/355_0372.png,ReID_parlor,parlor_cow_0355_sess_032,"{""subset"": ""parlor"", ""individual_id"": 355, ""frame_no"": 372, ""recording_id"": ""parlor_cow_0355_sess_032""}"
sample_0233,SideViewCows2026,Re-ID (Primary),datasets/id/external/sideviewcows2026/parlor/images/207/207_0024.jpg,datasets/id/external/sideviewcows2026/parlor/masks/207/207_0024.png,ReID_parlor,parlor_cow_0207_sess_001,"{""subset"": ""parlor"", ""individual_id"": 207, ""frame_no"": 24, ""recording_id"": ""parlor_cow_0207_sess_001""}"
sample_0234,SideViewCows2026,Re-ID (Primary),datasets/id/external/sideviewcows2026/parlor/images/700/700_0490.jpg,datasets/id/external/sideviewcows2026/parlor/masks/700/700_0490.png,ReID_parlor,parlor_cow_0700_sess_027,"{""subset"": ""parlor"", ""individual_id"": 700, ""frame_no"": 490, ""recording_id"": ""parlor_cow_0700_sess_027""}"
sample_0235,SideViewCows2026,Re-ID (Primary),datasets/id/external/sideviewcows2026/parlor/images/909/909_0364.jpg,datasets/id/external/sideviewcows2026/parlor/masks/909/909_0364.png,ReID_parlor,parlor_cow_0909_sess_034,"{""subset"": ""parlor"", ""individual_id"": 909, ""frame_no"": 364, ""recording_id"": ""parlor_cow_0909_sess_034""}"
sample_0236,SideViewCows2026,Re-ID (Primary),datasets/id/external/sideviewcows2026/parlor/images/374/374_0005.jpg,datasets/id/external/sideviewcows2026/parlor/masks/374/374_0005.png,ReID_parlor,parlor_cow_0374_sess_001,"{""subset"": ""parlor"", ""individual_id"": 374, ""frame_no"": 5, ""recording_id"": ""parlor_cow_0374_sess_001""}"
sample_0237,SideViewCows2026,Re-ID (Primary),datasets/id/external/sideviewcows2026/parlor/images/958/958_0178.jpg,datasets/id/external/sideviewcows2026/parlor/masks/958/958_0178.png,ReID_parlor,parlor_cow_0958_sess_009,"{""subset"": ""parlor"", ""individual_id"": 958, ""frame_no"": 178, ""recording_id"": ""parlor_cow_0958_sess_009""}"
sample_0238,SideViewCows2026,Re-ID (Primary),datasets/id/external/sideviewcows2026/parlor/images/975/975_0183.jpg,datasets/id/external/sideviewcows2026/parlor/masks/975/975_0183.png,ReID_parlor,parlor_cow_0975_sess_007,"{""subset"": ""parlor"", ""individual_id"": 975, ""frame_no"": 183, ""recording_id"": ""parlor_cow_0975_sess_007""}"
sample_0239,SideViewCows2026,Re-ID (Primary),datasets/id/external/sideviewcows2026/parlor/images/345/345_0354.jpg,datasets/id/external/sideviewcows2026/parlor/masks/345/345_0354.png,ReID_parlor,parlor_cow_0345_sess_016,"{""subset"": ""parlor"", ""individual_id"": 345, ""frame_no"": 354, ""recording_id"": ""parlor_cow_0345_sess_016""}"
sample_0240,SideViewCows2026,Re-ID (Primary),datasets/id/external/sideviewcows2026/parlor/images/823/823_0012.jpg,datasets/id/external/sideviewcows2026/parlor/masks/823/823_0012.png,ReID_parlor,parlor_cow_0823_sess_001,"{""subset"": ""parlor"", ""individual_id"": 823, ""frame_no"": 12, ""recording_id"": ""parlor_cow_0823_sess_001""}"
sample_0241,SideViewCows2026,Re-ID (Primary),datasets/id/external/sideviewcows2026/barn/images/687/687_0022.jpg,datasets/id/external/sideviewcows2026/barn/masks/687/687_0022.png,ReID_barn,barn_cow_0687_sess_001,"{""subset"": ""barn"", ""individual_id"": 687, ""frame_no"": 22, ""recording_id"": ""barn_cow_0687_sess_001""}"
sample_0242,SideViewCows2026,Re-ID (Primary),datasets/id/external/sideviewcows2026/barn/images/491/491_0086.jpg,datasets/id/external/sideviewcows2026/barn/masks/491/491_0086.png,ReID_barn,barn_cow_0491_sess_001,"{""subset"": ""barn"", ""individual_id"": 491, ""frame_no"": 86, ""recording_id"": ""barn_cow_0491_sess_001""}"
sample_0243,SideViewCows2026,Re-ID (Primary),datasets/id/external/sideviewcows2026/barn/images/128/128_0217.jpg,datasets/id/external/sideviewcows2026/barn/masks/128/128_0217.png,ReID_barn,barn_cow_0128_sess_001,"{""subset"": ""barn"", ""individual_id"": 128, ""frame_no"": 217, ""recording_id"": ""barn_cow_0128_sess_001""}"
sample_0244,SideViewCows2026,Re-ID (Primary),datasets/id/external/sideviewcows2026/barn/images/594/594_0847.jpg,datasets/id/external/sideviewcows2026/barn/masks/594/594_0847.png,ReID_barn,barn_cow_0594_sess_002,"{""subset"": ""barn"", ""individual_id"": 594, ""frame_no"": 847, ""recording_id"": ""barn_cow_0594_sess_002""}"
sample_0245,SideViewCows2026,Re-ID (Primary),datasets/id/external/sideviewcows2026/barn/images/320/320_0011.jpg,datasets/id/external/sideviewcows2026/barn/masks/320/320_0011.png,ReID_barn,barn_cow_0320_sess_001,"{""subset"": ""barn"", ""individual_id"": 320, ""frame_no"": 11, ""recording_id"": ""barn_cow_0320_sess_001""}"
sample_0246,SideViewCows2026,Re-ID (Primary),datasets/id/external/sideviewcows2026/barn/images/475/475_0091.jpg,datasets/id/external/sideviewcows2026/barn/masks/475/475_0091.png,ReID_barn,barn_cow_0475_sess_001,"{""subset"": ""barn"", ""individual_id"": 475, ""frame_no"": 91, ""recording_id"": ""barn_cow_0475_sess_001""}"
sample_0247,SideViewCows2026,Re-ID (Primary),datasets/id/external/sideviewcows2026/barn/images/684/684_0327.jpg,datasets/id/external/sideviewcows2026/barn/masks/684/684_0327.png,ReID_barn,barn_cow_0684_sess_001,"{""subset"": ""barn"", ""individual_id"": 684, ""frame_no"": 327, ""recording_id"": ""barn_cow_0684_sess_001""}"
sample_0248,SideViewCows2026,Re-ID (Primary),datasets/id/external/sideviewcows2026/barn/images/345/345_0146.jpg,datasets/id/external/sideviewcows2026/barn/masks/345/345_0146.png,ReID_barn,barn_cow_0345_sess_001,"{""subset"": ""barn"", ""individual_id"": 345, ""frame_no"": 146, ""recording_id"": ""barn_cow_0345_sess_001""}"
sample_0249,SideViewCows2026,Re-ID (Primary),datasets/id/external/sideviewcows2026/barn/images/826/826_0280.jpg,datasets/id/external/sideviewcows2026/barn/masks/826/826_0280.png,ReID_barn,barn_cow_0826_sess_001,"{""subset"": ""barn"", ""individual_id"": 826, ""frame_no"": 280, ""recording_id"": ""barn_cow_0826_sess_001""}"
sample_0250,SideViewCows2026,Re-ID (Primary),datasets/id/external/sideviewcows2026/barn/images/510/510_0342.jpg,datasets/id/external/sideviewcows2026/barn/masks/510/510_0342.png,ReID_barn,barn_cow_0510_sess_001,"{""subset"": ""barn"", ""individual_id"": 510, ""frame_no"": 342, ""recording_id"": ""barn_cow_0510_sess_001""}"
sample_0251,SideViewCows2026,Re-ID (Primary),datasets/id/external/sideviewcows2026/barn/images/207/207_0156.jpg,datasets/id/external/sideviewcows2026/barn/masks/207/207_0156.png,ReID_barn,barn_cow_0207_sess_001,"{""subset"": ""barn"", ""individual_id"": 207, ""frame_no"": 156, ""recording_id"": ""barn_cow_0207_sess_001""}"
sample_0252,SideViewCows2026,Re-ID (Primary),datasets/id/external/sideviewcows2026/barn/images/128/128_0078.jpg,datasets/id/external/sideviewcows2026/barn/masks/128/128_0078.png,ReID_barn,barn_cow_0128_sess_001,"{""subset"": ""barn"", ""individual_id"": 128, ""frame_no"": 78, ""recording_id"": ""barn_cow_0128_sess_001""}"
sample_0253,SideViewCows2026,Re-ID (Primary),datasets/id/external/sideviewcows2026/barn/images/594/594_0445.jpg,datasets/id/external/sideviewcows2026/barn/masks/594/594_0445.png,ReID_barn,barn_cow_0594_sess_002,"{""subset"": ""barn"", ""individual_id"": 594, ""frame_no"": 445, ""recording_id"": ""barn_cow_0594_sess_002""}"
sample_0254,SideViewCows2026,Re-ID (Primary),datasets/id/external/sideviewcows2026/barn/images/559/559_0015.jpg,datasets/id/external/sideviewcows2026/barn/masks/559/559_0015.png,ReID_barn,barn_cow_0559_sess_001,"{""subset"": ""barn"", ""individual_id"": 559, ""frame_no"": 15, ""recording_id"": ""barn_cow_0559_sess_001""}"
sample_0255,SideViewCows2026,Re-ID (Primary),datasets/id/external/sideviewcows2026/barn/images/171/171_0426.jpg,datasets/id/external/sideviewcows2026/barn/masks/171/171_0426.png,ReID_barn,barn_cow_0171_sess_001,"{""subset"": ""barn"", ""individual_id"": 171, ""frame_no"": 426, ""recording_id"": ""barn_cow_0171_sess_001""}"
sample_0256,SideViewCows2026,Re-ID (Primary),datasets/id/external/sideviewcows2026/barn/images/733/733_0257.jpg,datasets/id/external/sideviewcows2026/barn/masks/733/733_0257.png,ReID_barn,barn_cow_0733_sess_001,"{""subset"": ""barn"", ""individual_id"": 733, ""frame_no"": 257, ""recording_id"": ""barn_cow_0733_sess_001""}"
sample_0257,SideViewCows2026,Re-ID (Primary),datasets/id/external/sideviewcows2026/barn/images/680/680_0227.jpg,datasets/id/external/sideviewcows2026/barn/masks/680/680_0227.png,ReID_barn,barn_cow_0680_sess_001,"{""subset"": ""barn"", ""individual_id"": 680, ""frame_no"": 227, ""recording_id"": ""barn_cow_0680_sess_001""}"
sample_0258,SideViewCows2026,Re-ID (Primary),datasets/id/external/sideviewcows2026/barn/images/275/275_0064.jpg,datasets/id/external/sideviewcows2026/barn/masks/275/275_0064.png,ReID_barn,barn_cow_0275_sess_001,"{""subset"": ""barn"", ""individual_id"": 275, ""frame_no"": 64, ""recording_id"": ""barn_cow_0275_sess_001""}"
sample_0259,SideViewCows2026,Re-ID (Primary),datasets/id/external/sideviewcows2026/barn/images/733/733_0128.jpg,datasets/id/external/sideviewcows2026/barn/masks/733/733_0128.png,ReID_barn,barn_cow_0733_sess_001,"{""subset"": ""barn"", ""individual_id"": 733, ""frame_no"": 128, ""recording_id"": ""barn_cow_0733_sess_001""}"
sample_0260,SideViewCows2026,Re-ID (Primary),datasets/id/external/sideviewcows2026/barn/images/955/955_0234.jpg,datasets/id/external/sideviewcows2026/barn/masks/955/955_0234.png,ReID_barn,barn_cow_0955_sess_001,"{""subset"": ""barn"", ""individual_id"": 955, ""frame_no"": 234, ""recording_id"": ""barn_cow_0955_sess_001""}"
sample_0261,SideViewCows2026,Re-ID (Primary),datasets/id/external/sideviewcows2026/barn/images/503/503_0154.jpg,datasets/id/external/sideviewcows2026/barn/masks/503/503_0154.png,ReID_barn,barn_cow_0503_sess_001,"{""subset"": ""barn"", ""individual_id"": 503, ""frame_no"": 154, ""recording_id"": ""barn_cow_0503_sess_001""}"
sample_0262,SideViewCows2026,Re-ID (Primary),datasets/id/external/sideviewcows2026/barn/images/529/529_0809.jpg,datasets/id/external/sideviewcows2026/barn/masks/529/529_0809.png,ReID_barn,barn_cow_0529_sess_002,"{""subset"": ""barn"", ""individual_id"": 529, ""frame_no"": 809, ""recording_id"": ""barn_cow_0529_sess_002""}"
sample_0263,SideViewCows2026,Re-ID (Primary),datasets/id/external/sideviewcows2026/barn/images/826/826_0121.jpg,datasets/id/external/sideviewcows2026/barn/masks/826/826_0121.png,ReID_barn,barn_cow_0826_sess_001,"{""subset"": ""barn"", ""individual_id"": 826, ""frame_no"": 121, ""recording_id"": ""barn_cow_0826_sess_001""}"
sample_0264,SideViewCows2026,Re-ID (Primary),datasets/id/external/sideviewcows2026/barn/images/124/124_0275.jpg,datasets/id/external/sideviewcows2026/barn/masks/124/124_0275.png,ReID_barn,barn_cow_0124_sess_001,"{""subset"": ""barn"", ""individual_id"": 124, ""frame_no"": 275, ""recording_id"": ""barn_cow_0124_sess_001""}"
sample_0265,SideViewCows2026,Re-ID (Primary),datasets/id/external/sideviewcows2026/barn/images/192/192_0021.jpg,datasets/id/external/sideviewcows2026/barn/masks/192/192_0021.png,ReID_barn,barn_cow_0192_sess_001,"{""subset"": ""barn"", ""individual_id"": 192, ""frame_no"": 21, ""recording_id"": ""barn_cow_0192_sess_001""}"
sample_0266,SideViewCows2026,Re-ID (Primary),datasets/id/external/sideviewcows2026/barn/images/217/217_0081.jpg,datasets/id/external/sideviewcows2026/barn/masks/217/217_0081.png,ReID_barn,barn_cow_0217_sess_001,"{""subset"": ""barn"", ""individual_id"": 217, ""frame_no"": 81, ""recording_id"": ""barn_cow_0217_sess_001""}"
sample_0267,SideViewCows2026,Re-ID (Primary),datasets/id/external/sideviewcows2026/barn/images/733/733_0054.jpg,datasets/id/external/sideviewcows2026/barn/masks/733/733_0054.png,ReID_barn,barn_cow_0733_sess_001,"{""subset"": ""barn"", ""individual_id"": 733, ""frame_no"": 54, ""recording_id"": ""barn_cow_0733_sess_001""}"
sample_0268,SideViewCows2026,Re-ID (Primary),datasets/id/external/sideviewcows2026/barn/images/594/594_0232.jpg,datasets/id/external/sideviewcows2026/barn/masks/594/594_0232.png,ReID_barn,barn_cow_0594_sess_002,"{""subset"": ""barn"", ""individual_id"": 594, ""frame_no"": 232, ""recording_id"": ""barn_cow_0594_sess_002""}"
sample_0269,SideViewCows2026,Re-ID (Primary),datasets/id/external/sideviewcows2026/barn/images/633/633_0299.jpg,datasets/id/external/sideviewcows2026/barn/masks/633/633_0299.png,ReID_barn,barn_cow_0633_sess_001,"{""subset"": ""barn"", ""individual_id"": 633, ""frame_no"": 299, ""recording_id"": ""barn_cow_0633_sess_001""}"
sample_0270,SideViewCows2026,Re-ID (Primary),datasets/id/external/sideviewcows2026/barn/images/413/413_0058.jpg,datasets/id/external/sideviewcows2026/barn/masks/413/413_0058.png,ReID_barn,barn_cow_0413_sess_001,"{""subset"": ""barn"", ""individual_id"": 413, ""frame_no"": 58, ""recording_id"": ""barn_cow_0413_sess_001""}"
sample_0271,SideViewCows2026,Re-ID (Primary),datasets/id/external/sideviewcows2026/barn/images/853/853_0069.jpg,datasets/id/external/sideviewcows2026/barn/masks/853/853_0069.png,ReID_barn,barn_cow_0853_sess_001,"{""subset"": ""barn"", ""individual_id"": 853, ""frame_no"": 69, ""recording_id"": ""barn_cow_0853_sess_001""}"
sample_0272,SideViewCows2026,Re-ID (Primary),datasets/id/external/sideviewcows2026/barn/images/684/684_0243.jpg,datasets/id/external/sideviewcows2026/barn/masks/684/684_0243.png,ReID_barn,barn_cow_0684_sess_001,"{""subset"": ""barn"", ""individual_id"": 684, ""frame_no"": 243, ""recording_id"": ""barn_cow_0684_sess_001""}"
sample_0273,SideViewCows2026,Re-ID (Primary),datasets/id/external/sideviewcows2026/barn/images/444/444_0245.jpg,datasets/id/external/sideviewcows2026/barn/masks/444/444_0245.png,ReID_barn,barn_cow_0444_sess_001,"{""subset"": ""barn"", ""individual_id"": 444, ""frame_no"": 245, ""recording_id"": ""barn_cow_0444_sess_001""}"
sample_0274,SideViewCows2026,Re-ID (Primary),datasets/id/external/sideviewcows2026/barn/images/998/998_0038.jpg,datasets/id/external/sideviewcows2026/barn/masks/998/998_0038.png,ReID_barn,barn_cow_0998_sess_001,"{""subset"": ""barn"", ""individual_id"": 998, ""frame_no"": 38, ""recording_id"": ""barn_cow_0998_sess_001""}"
sample_0275,SideViewCows2026,Re-ID (Primary),datasets/id/external/sideviewcows2026/barn/images/436/436_0219.jpg,datasets/id/external/sideviewcows2026/barn/masks/436/436_0219.png,ReID_barn,barn_cow_0436_sess_001,"{""subset"": ""barn"", ""individual_id"": 436, ""frame_no"": 219, ""recording_id"": ""barn_cow_0436_sess_001""}"
sample_0276,SideViewCows2026,Re-ID (Primary),datasets/id/external/sideviewcows2026/barn/images/503/503_0088.jpg,datasets/id/external/sideviewcows2026/barn/masks/503/503_0088.png,ReID_barn,barn_cow_0503_sess_001,"{""subset"": ""barn"", ""individual_id"": 503, ""frame_no"": 88, ""recording_id"": ""barn_cow_0503_sess_001""}"
sample_0277,SideViewCows2026,Re-ID (Primary),datasets/id/external/sideviewcows2026/barn/images/594/594_0137.jpg,datasets/id/external/sideviewcows2026/barn/masks/594/594_0137.png,ReID_barn,barn_cow_0594_sess_001,"{""subset"": ""barn"", ""individual_id"": 594, ""frame_no"": 137, ""recording_id"": ""barn_cow_0594_sess_001""}"
sample_0278,SideViewCows2026,Re-ID (Primary),datasets/id/external/sideviewcows2026/barn/images/436/436_0193.jpg,datasets/id/external/sideviewcows2026/barn/masks/436/436_0193.png,ReID_barn,barn_cow_0436_sess_001,"{""subset"": ""barn"", ""individual_id"": 436, ""frame_no"": 193, ""recording_id"": ""barn_cow_0436_sess_001""}"
sample_0279,SideViewCows2026,Re-ID (Primary),datasets/id/external/sideviewcows2026/barn/images/124/124_0197.jpg,datasets/id/external/sideviewcows2026/barn/masks/124/124_0197.png,ReID_barn,barn_cow_0124_sess_001,"{""subset"": ""barn"", ""individual_id"": 124, ""frame_no"": 197, ""recording_id"": ""barn_cow_0124_sess_001""}"
sample_0280,SideViewCows2026,Re-ID (Primary),datasets/id/external/sideviewcows2026/barn/images/433/433_0272.jpg,datasets/id/external/sideviewcows2026/barn/masks/433/433_0272.png,ReID_barn,barn_cow_0433_sess_001,"{""subset"": ""barn"", ""individual_id"": 433, ""frame_no"": 272, ""recording_id"": ""barn_cow_0433_sess_001""}"
sample_0281,SideViewCows2026,Re-ID (Primary),datasets/id/external/sideviewcows2026/snapshots/images/955/955_0007.jpg,datasets/id/external/sideviewcows2026/snapshots/masks/955/955_0007.png,ReID_snapshots,snap_cow_0955_sess_001,"{""subset"": ""snapshots"", ""individual_id"": 955, ""frame_no"": 7, ""recording_id"": ""snap_cow_0955_sess_001""}"
sample_0282,SideViewCows2026,Re-ID (Primary),datasets/id/external/sideviewcows2026/snapshots/images/465/465_0017.jpg,datasets/id/external/sideviewcows2026/snapshots/masks/465/465_0017.png,ReID_snapshots,snap_cow_0465_sess_002,"{""subset"": ""snapshots"", ""individual_id"": 465, ""frame_no"": 17, ""recording_id"": ""snap_cow_0465_sess_002""}"
sample_0283,SideViewCows2026,Re-ID (Primary),datasets/id/external/sideviewcows2026/snapshots/images/192/192_0010.jpg,datasets/id/external/sideviewcows2026/snapshots/masks/192/192_0010.png,ReID_snapshots,snap_cow_0192_sess_002,"{""subset"": ""snapshots"", ""individual_id"": 192, ""frame_no"": 10, ""recording_id"": ""snap_cow_0192_sess_002""}"
sample_0284,SideViewCows2026,Re-ID (Primary),datasets/id/external/sideviewcows2026/snapshots/images/192/192_0012.jpg,datasets/id/external/sideviewcows2026/snapshots/masks/192/192_0012.png,ReID_snapshots,snap_cow_0192_sess_002,"{""subset"": ""snapshots"", ""individual_id"": 192, ""frame_no"": 12, ""recording_id"": ""snap_cow_0192_sess_002""}"
sample_0285,SideViewCows2026,Re-ID (Primary),datasets/id/external/sideviewcows2026/snapshots/images/345/345_0004.jpg,datasets/id/external/sideviewcows2026/snapshots/masks/345/345_0004.png,ReID_snapshots,snap_cow_0345_sess_001,"{""subset"": ""snapshots"", ""individual_id"": 345, ""frame_no"": 4, ""recording_id"": ""snap_cow_0345_sess_001""}"
sample_0286,SideViewCows2026,Re-ID (Primary),datasets/id/external/sideviewcows2026/snapshots/images/737/737_0007.jpg,datasets/id/external/sideviewcows2026/snapshots/masks/737/737_0007.png,ReID_snapshots,snap_cow_0737_sess_001,"{""subset"": ""snapshots"", ""individual_id"": 737, ""frame_no"": 7, ""recording_id"": ""snap_cow_0737_sess_001""}"
sample_0287,SideViewCows2026,Re-ID (Primary),datasets/id/external/sideviewcows2026/snapshots/images/128/128_0011.jpg,datasets/id/external/sideviewcows2026/snapshots/masks/128/128_0011.png,ReID_snapshots,snap_cow_0128_sess_004,"{""subset"": ""snapshots"", ""individual_id"": 128, ""frame_no"": 11, ""recording_id"": ""snap_cow_0128_sess_004""}"
sample_0288,SideViewCows2026,Re-ID (Primary),datasets/id/external/sideviewcows2026/snapshots/images/290/290_0011.jpg,datasets/id/external/sideviewcows2026/snapshots/masks/290/290_0011.png,ReID_snapshots,snap_cow_0290_sess_001,"{""subset"": ""snapshots"", ""individual_id"": 290, ""frame_no"": 11, ""recording_id"": ""snap_cow_0290_sess_001""}"
sample_0289,SideViewCows2026,Re-ID (Primary),datasets/id/external/sideviewcows2026/snapshots/images/680/680_0003.jpg,datasets/id/external/sideviewcows2026/snapshots/masks/680/680_0003.png,ReID_snapshots,snap_cow_0680_sess_001,"{""subset"": ""snapshots"", ""individual_id"": 680, ""frame_no"": 3, ""recording_id"": ""snap_cow_0680_sess_001""}"
sample_0290,SideViewCows2026,Re-ID (Primary),datasets/id/external/sideviewcows2026/snapshots/images/207/207_0006.jpg,datasets/id/external/sideviewcows2026/snapshots/masks/207/207_0006.png,ReID_snapshots,snap_cow_0207_sess_002,"{""subset"": ""snapshots"", ""individual_id"": 207, ""frame_no"": 6, ""recording_id"": ""snap_cow_0207_sess_002""}"
sample_0291,SideViewCows2026,Re-ID (Primary),datasets/id/external/sideviewcows2026/snapshots/images/192/192_0004.jpg,datasets/id/external/sideviewcows2026/snapshots/masks/192/192_0004.png,ReID_snapshots,snap_cow_0192_sess_002,"{""subset"": ""snapshots"", ""individual_id"": 192, ""frame_no"": 4, ""recording_id"": ""snap_cow_0192_sess_002""}"
sample_0292,SideViewCows2026,Re-ID (Primary),datasets/id/external/sideviewcows2026/snapshots/images/871/871_0006.jpg,datasets/id/external/sideviewcows2026/snapshots/masks/871/871_0006.png,ReID_snapshots,snap_cow_0871_sess_001,"{""subset"": ""snapshots"", ""individual_id"": 871, ""frame_no"": 6, ""recording_id"": ""snap_cow_0871_sess_001""}"
sample_0293,SideViewCows2026,Re-ID (Primary),datasets/id/external/sideviewcows2026/snapshots/images/621/621_0007.jpg,datasets/id/external/sideviewcows2026/snapshots/masks/621/621_0007.png,ReID_snapshots,snap_cow_0621_sess_004,"{""subset"": ""snapshots"", ""individual_id"": 621, ""frame_no"": 7, ""recording_id"": ""snap_cow_0621_sess_004""}"
sample_0294,SideViewCows2026,Re-ID (Primary),datasets/id/external/sideviewcows2026/snapshots/images/374/374_0025.jpg,datasets/id/external/sideviewcows2026/snapshots/masks/374/374_0025.png,ReID_snapshots,snap_cow_0374_sess_005,"{""subset"": ""snapshots"", ""individual_id"": 374, ""frame_no"": 25, ""recording_id"": ""snap_cow_0374_sess_005""}"
sample_0295,SideViewCows2026,Re-ID (Primary),datasets/id/external/sideviewcows2026/snapshots/images/176/176_0010.jpg,datasets/id/external/sideviewcows2026/snapshots/masks/176/176_0010.png,ReID_snapshots,snap_cow_0176_sess_003,"{""subset"": ""snapshots"", ""individual_id"": 176, ""frame_no"": 10, ""recording_id"": ""snap_cow_0176_sess_003""}"
sample_0296,SideViewCows2026,Re-ID (Primary),datasets/id/external/sideviewcows2026/snapshots/images/660/660_0002.jpg,datasets/id/external/sideviewcows2026/snapshots/masks/660/660_0002.png,ReID_snapshots,snap_cow_0660_sess_001,"{""subset"": ""snapshots"", ""individual_id"": 660, ""frame_no"": 2, ""recording_id"": ""snap_cow_0660_sess_001""}"
sample_0297,SideViewCows2026,Re-ID (Primary),datasets/id/external/sideviewcows2026/snapshots/images/168/168_0003.jpg,datasets/id/external/sideviewcows2026/snapshots/masks/168/168_0003.png,ReID_snapshots,snap_cow_0168_sess_002,"{""subset"": ""snapshots"", ""individual_id"": 168, ""frame_no"": 3, ""recording_id"": ""snap_cow_0168_sess_002""}"
sample_0298,SideViewCows2026,Re-ID (Primary),datasets/id/external/sideviewcows2026/snapshots/images/465/465_0008.jpg,datasets/id/external/sideviewcows2026/snapshots/masks/465/465_0008.png,ReID_snapshots,snap_cow_0465_sess_001,"{""subset"": ""snapshots"", ""individual_id"": 465, ""frame_no"": 8, ""recording_id"": ""snap_cow_0465_sess_001""}"
sample_0299,SideViewCows2026,Re-ID (Primary),datasets/id/external/sideviewcows2026/snapshots/images/241/241_0007.jpg,datasets/id/external/sideviewcows2026/snapshots/masks/241/241_0007.png,ReID_snapshots,snap_cow_0241_sess_001,"{""subset"": ""snapshots"", ""individual_id"": 241, ""frame_no"": 7, ""recording_id"": ""snap_cow_0241_sess_001""}"
sample_0300,SideViewCows2026,Re-ID (Primary),datasets/id/external/sideviewcows2026/snapshots/images/975/975_0015.jpg,datasets/id/external/sideviewcows2026/snapshots/masks/975/975_0015.png,ReID_snapshots,snap_cow_0975_sess_006,"{""subset"": ""snapshots"", ""individual_id"": 975, ""frame_no"": 15, ""recording_id"": ""snap_cow_0975_sess_006""}"
