dataset,behavior_canonical,split,sample_id,t,pred_viewpoint,confidence,entropy_nats,prob_front,prob_side,prob_rear,low_confidence_flag
cvb,Standing,train,cvb_1347_arm01_gopro4_20200324_040135_beh3_ani1_ins1_cut_00066_tr2_seg0,0,side,0.7826,0.6437,0.0525,0.7826,0.1649,False
cvb,Standing,train,cvb_1347_arm01_gopro4_20200324_040135_beh3_ani1_ins1_cut_00066_tr2_seg0,1,side,0.53,1.0011,0.174,0.53,0.296,False
cvb,Standing,train,cvb_1347_arm01_gopro4_20200324_040135_beh3_ani1_ins1_cut_00066_tr2_seg0,2,side,0.5827,0.9224,0.1123,0.5827,0.3051,False
cvb,Standing,train,cvb_1347_arm01_gopro4_20200324_040135_beh3_ani1_ins1_cut_00066_tr2_seg0,3,side,0.749,0.6449,0.025,0.749,0.226,False
cvb,Standing,train,cvb_1347_arm01_gopro4_20200324_040135_beh3_ani1_ins1_cut_00066_tr2_seg0,4,side,0.7812,0.5948,0.0211,0.7812,0.1976,False
cvb,Standing,train,cvb_1347_arm01_gopro4_20200324_040135_beh3_ani1_ins1_cut_00066_tr2_seg0,5,side,0.6144,0.8779,0.0913,0.6144,0.2943,False
cvb,Standing,train,cvb_1347_arm01_gopro4_20200324_040135_beh3_ani1_ins1_cut_00066_tr2_seg0,6,side,0.5533,0.822,0.0399,0.5533,0.4067,False
cvb,Standing,train,cvb_1347_arm01_gopro4_20200324_040135_beh3_ani1_ins1_cut_00066_tr2_seg0,7,side,0.6418,0.7495,0.0276,0.6418,0.3306,False
cvb,Standing,train,cvb_1335_arm01_gopro4_20200323_035752_beh4_ani8_ins1_cut_00077_tr3_seg0,0,rear,0.6342,0.8709,0.2661,0.0997,0.6342,False
cvb,Standing,train,cvb_1335_arm01_gopro4_20200323_035752_beh4_ani8_ins1_cut_00077_tr3_seg0,1,rear,0.5328,0.9955,0.3003,0.1669,0.5328,False
cvb,Standing,train,cvb_1335_arm01_gopro4_20200323_035752_beh4_ani8_ins1_cut_00077_tr3_seg0,2,rear,0.4405,1.0591,0.3437,0.2158,0.4405,True
cvb,Standing,train,cvb_1335_arm01_gopro4_20200323_035752_beh4_ani8_ins1_cut_00077_tr3_seg0,3,rear,0.5023,1.0373,0.2636,0.2342,0.5023,False
cvb,Standing,train,cvb_1335_arm01_gopro4_20200323_035752_beh4_ani8_ins1_cut_00077_tr3_seg0,4,rear,0.5365,0.9982,0.2875,0.176,0.5365,False
cvb,Standing,train,cvb_1335_arm01_gopro4_20200323_035752_beh4_ani8_ins1_cut_00077_tr3_seg0,5,rear,0.6229,0.8936,0.2634,0.1138,0.6229,False
cvb,Standing,train,cvb_1335_arm01_gopro4_20200323_035752_beh4_ani8_ins1_cut_00077_tr3_seg0,6,rear,0.564,0.979,0.2599,0.176,0.564,False
cvb,Standing,train,cvb_1335_arm01_gopro4_20200323_035752_beh4_ani8_ins1_cut_00077_tr3_seg0,7,rear,0.5457,1.0035,0.2362,0.2182,0.5457,False
cvb,Standing,train,cvb_1347_arm01_gopro4_20200324_040135_beh3_ani1_ins1_cut_00009_tr2_seg0,0,side,0.4657,1.0596,0.2872,0.4657,0.2471,True
cvb,Standing,train,cvb_1347_arm01_gopro4_20200324_040135_beh3_ani1_ins1_cut_00009_tr2_seg0,1,side,0.6154,0.9315,0.2085,0.6154,0.1761,False
cvb,Standing,train,cvb_1347_arm01_gopro4_20200324_040135_beh3_ani1_ins1_cut_00009_tr2_seg0,2,side,0.5258,1.0173,0.2098,0.5258,0.2644,False
cvb,Standing,train,cvb_1347_arm01_gopro4_20200324_040135_beh3_ani1_ins1_cut_00009_tr2_seg0,3,side,0.5329,0.9921,0.3056,0.5329,0.1615,False
cvb,Standing,train,cvb_1347_arm01_gopro4_20200324_040135_beh3_ani1_ins1_cut_00009_tr2_seg0,4,side,0.6631,0.872,0.1591,0.6631,0.1778,False
cvb,Standing,train,cvb_1347_arm01_gopro4_20200324_040135_beh3_ani1_ins1_cut_00009_tr2_seg0,5,side,0.6232,0.9068,0.1325,0.6232,0.2443,False
cvb,Standing,train,cvb_1347_arm01_gopro4_20200324_040135_beh3_ani1_ins1_cut_00009_tr2_seg0,6,side,0.7509,0.7326,0.1371,0.7509,0.1119,False
cvb,Standing,train,cvb_1347_arm01_gopro4_20200324_040135_beh3_ani1_ins1_cut_00009_tr2_seg0,7,side,0.6645,0.8679,0.147,0.6645,0.1884,False
cvb,Standing,train,cvb_0235_arm01_gopro1_20200323_023342_beh5_ani8_ins2_cut_6_tr4_seg0,0,front,0.7537,0.7181,0.7537,0.087,0.1593,False
cvb,Standing,train,cvb_0235_arm01_gopro1_20200323_023342_beh5_ani8_ins2_cut_6_tr4_seg0,1,front,0.4661,1.0567,0.4661,0.3005,0.2335,True
cvb,Standing,train,cvb_0235_arm01_gopro1_20200323_023342_beh5_ani8_ins2_cut_6_tr4_seg0,2,front,0.57,0.9785,0.57,0.1899,0.2402,False
cvb,Standing,train,cvb_0235_arm01_gopro1_20200323_023342_beh5_ani8_ins2_cut_6_tr4_seg0,3,front,0.5948,0.955,0.5948,0.1883,0.2169,False
cvb,Standing,train,cvb_0235_arm01_gopro1_20200323_023342_beh5_ani8_ins2_cut_6_tr4_seg0,4,rear,0.5371,1.0093,0.2524,0.2105,0.5371,False
cvb,Standing,train,cvb_0235_arm01_gopro1_20200323_023342_beh5_ani8_ins2_cut_6_tr4_seg0,5,front,0.4997,0.9823,0.4997,0.1325,0.3679,True
cvb,Standing,train,cvb_0235_arm01_gopro1_20200323_023342_beh5_ani8_ins2_cut_6_tr4_seg0,6,rear,0.4327,1.0752,0.3082,0.2591,0.4327,True
cvb,Standing,train,cvb_0235_arm01_gopro1_20200323_023342_beh5_ani8_ins2_cut_6_tr4_seg0,7,rear,0.6124,0.7538,0.0226,0.365,0.6124,False
cvb,Standing,val,cvb_0742_arm01_gopro1_20200325_025919_beh5_ani5_ins5_cut_8_tr0_seg0,0,side,0.533,0.9969,0.2975,0.533,0.1695,False
cvb,Standing,val,cvb_0742_arm01_gopro1_20200325_025919_beh5_ani5_ins5_cut_8_tr0_seg0,1,side,0.8078,0.6226,0.0966,0.8078,0.0956,False
cvb,Standing,val,cvb_0742_arm01_gopro1_20200325_025919_beh5_ani5_ins5_cut_8_tr0_seg0,2,side,0.5789,0.9531,0.274,0.5789,0.1471,False
cvb,Standing,val,cvb_0742_arm01_gopro1_20200325_025919_beh5_ani5_ins5_cut_8_tr0_seg0,3,side,0.7,0.8007,0.0984,0.7,0.2016,False
cvb,Standing,val,cvb_0742_arm01_gopro1_20200325_025919_beh5_ani5_ins5_cut_8_tr0_seg0,4,side,0.8131,0.5954,0.0555,0.8131,0.1314,False
cvb,Standing,val,cvb_0742_arm01_gopro1_20200325_025919_beh5_ani5_ins5_cut_8_tr0_seg0,5,side,0.6779,0.8125,0.0833,0.6779,0.2389,False
cvb,Standing,val,cvb_0742_arm01_gopro1_20200325_025919_beh5_ani5_ins5_cut_8_tr0_seg0,6,side,0.549,0.9442,0.1148,0.549,0.3362,False
cvb,Standing,val,cvb_0742_arm01_gopro1_20200325_025919_beh5_ani5_ins5_cut_8_tr0_seg0,7,side,0.714,0.7924,0.1179,0.714,0.1681,False
cvb,Standing,val,cvb_1297_arm01_gopro3_20200326_033755_beh5_ani8_ins3_cut_00023_tr0_seg0,0,side,0.9753,0.132,0.0093,0.9753,0.0154,False
cvb,Standing,val,cvb_1297_arm01_gopro3_20200326_033755_beh5_ani8_ins3_cut_00023_tr0_seg0,1,side,0.9208,0.3305,0.0459,0.9208,0.0333,False
cvb,Standing,val,cvb_1297_arm01_gopro3_20200326_033755_beh5_ani8_ins3_cut_00023_tr0_seg0,2,side,0.9544,0.2165,0.0252,0.9544,0.0204,False
cvb,Standing,val,cvb_1297_arm01_gopro3_20200326_033755_beh5_ani8_ins3_cut_00023_tr0_seg0,3,side,0.9814,0.1054,0.0092,0.9814,0.0094,False
cvb,Standing,val,cvb_1297_arm01_gopro3_20200326_033755_beh5_ani8_ins3_cut_00023_tr0_seg0,4,side,0.9788,0.1166,0.0076,0.9788,0.0137,False
cvb,Standing,val,cvb_1297_arm01_gopro3_20200326_033755_beh5_ani8_ins3_cut_00023_tr0_seg0,5,side,0.9661,0.1713,0.0145,0.9661,0.0194,False
cvb,Standing,val,cvb_1297_arm01_gopro3_20200326_033755_beh5_ani8_ins3_cut_00023_tr0_seg0,6,side,0.9706,0.1514,0.0197,0.9706,0.0097,False
cvb,Standing,val,cvb_1297_arm01_gopro3_20200326_033755_beh5_ani8_ins3_cut_00023_tr0_seg0,7,side,0.9614,0.1884,0.0252,0.9614,0.0134,False
cvb,Lying,train,cvb_1332_arm01_gopro4_20200323_035752_beh6_ani2_ins1_cut_00048_tr3_seg0,0,side,0.5996,0.9488,0.2199,0.5996,0.1805,False
cvb,Lying,train,cvb_1332_arm01_gopro4_20200323_035752_beh6_ani2_ins1_cut_00048_tr3_seg0,1,side,0.5932,0.955,0.2267,0.5932,0.1801,False
cvb,Lying,train,cvb_1332_arm01_gopro4_20200323_035752_beh6_ani2_ins1_cut_00048_tr3_seg0,2,rear,0.4515,1.0445,0.3549,0.1936,0.4515,True
cvb,Lying,train,cvb_1332_arm01_gopro4_20200323_035752_beh6_ani2_ins1_cut_00048_tr3_seg0,3,rear,0.4512,1.0688,0.2741,0.2747,0.4512,True
cvb,Lying,train,cvb_1332_arm01_gopro4_20200323_035752_beh6_ani2_ins1_cut_00048_tr3_seg0,4,side,0.4593,1.0642,0.2805,0.4593,0.2602,True
cvb,Lying,train,cvb_1332_arm01_gopro4_20200323_035752_beh6_ani2_ins1_cut_00048_tr3_seg0,5,side,0.5569,0.967,0.2977,0.5569,0.1454,False
cvb,Lying,train,cvb_1332_arm01_gopro4_20200323_035752_beh6_ani2_ins1_cut_00048_tr3_seg0,6,side,0.5789,0.9722,0.2019,0.5789,0.2193,False
cvb,Lying,train,cvb_1332_arm01_gopro4_20200323_035752_beh6_ani2_ins1_cut_00048_tr3_seg0,7,side,0.6806,0.84,0.1245,0.6806,0.1949,False
cvb,Lying,train,cvb_0231_arm01_gopro1_20200323_023342_beh6_ani6_ins2_cut_15_tr3_seg0,0,side,0.987,0.0778,0.0089,0.987,0.0042,False
cvb,Lying,train,cvb_0231_arm01_gopro1_20200323_023342_beh6_ani6_ins2_cut_15_tr3_seg0,1,side,0.8726,0.4697,0.0628,0.8726,0.0646,False
cvb,Lying,train,cvb_0231_arm01_gopro1_20200323_023342_beh6_ani6_ins2_cut_15_tr3_seg0,2,side,0.8976,0.4008,0.0562,0.8976,0.0462,False
cvb,Lying,train,cvb_0231_arm01_gopro1_20200323_023342_beh6_ani6_ins2_cut_15_tr3_seg0,3,front,0.6514,0.8751,0.6514,0.2217,0.1268,False
cvb,Lying,train,cvb_0231_arm01_gopro1_20200323_023342_beh6_ani6_ins2_cut_15_tr3_seg0,4,side,0.5834,0.9596,0.25,0.5834,0.1667,False
cvb,Lying,train,cvb_0231_arm01_gopro1_20200323_023342_beh6_ani6_ins2_cut_15_tr3_seg0,5,side,0.6842,0.841,0.1737,0.6842,0.1421,False
cvb,Lying,train,cvb_0231_arm01_gopro1_20200323_023342_beh6_ani6_ins2_cut_15_tr3_seg0,6,side,0.7929,0.6332,0.1488,0.7929,0.0583,False
cvb,Lying,train,cvb_0231_arm01_gopro1_20200323_023342_beh6_ani6_ins2_cut_15_tr3_seg0,7,side,0.8215,0.5903,0.1046,0.8215,0.0739,False
cvb,Lying,train,cvb_1259_arm01_gopro3_20200326_032013_beh6_ani1_ins1_cut_00005_tr3_seg0,0,side,0.7291,0.6925,0.2338,0.7291,0.0372,False
cvb,Lying,train,cvb_1259_arm01_gopro3_20200326_032013_beh6_ani1_ins1_cut_00005_tr3_seg0,1,side,0.5695,0.9513,0.2953,0.5695,0.1352,False
cvb,Lying,train,cvb_1259_arm01_gopro3_20200326_032013_beh6_ani1_ins1_cut_00005_tr3_seg0,2,side,0.749,0.6715,0.2122,0.749,0.0388,False
cvb,Lying,train,cvb_1259_arm01_gopro3_20200326_032013_beh6_ani1_ins1_cut_00005_tr3_seg0,3,side,0.7354,0.6742,0.2332,0.7354,0.0314,False
cvb,Lying,train,cvb_1259_arm01_gopro3_20200326_032013_beh6_ani1_ins1_cut_00005_tr3_seg0,4,side,0.7592,0.6396,0.2123,0.7592,0.0285,False
cvb,Lying,train,cvb_1259_arm01_gopro3_20200326_032013_beh6_ani1_ins1_cut_00005_tr3_seg0,5,side,0.6872,0.749,0.2685,0.6872,0.0443,False
cvb,Lying,train,cvb_1259_arm01_gopro3_20200326_032013_beh6_ani1_ins1_cut_00005_tr3_seg0,6,side,0.7564,0.6682,0.2009,0.7564,0.0427,False
cvb,Lying,train,cvb_1259_arm01_gopro3_20200326_032013_beh6_ani1_ins1_cut_00005_tr3_seg0,7,side,0.5159,0.8719,0.4252,0.5159,0.0589,False
cvb,Lying,train,cvb_1335_arm01_gopro4_20200323_035752_beh4_ani8_ins1_cut_00047_tr1_seg0,0,side,0.7621,0.6986,0.0771,0.7621,0.1608,False
cvb,Lying,train,cvb_1335_arm01_gopro4_20200323_035752_beh4_ani8_ins1_cut_00047_tr1_seg0,1,side,0.689,0.8329,0.1751,0.689,0.1359,False
cvb,Lying,train,cvb_1335_arm01_gopro4_20200323_035752_beh4_ani8_ins1_cut_00047_tr1_seg0,2,side,0.6357,0.9072,0.1969,0.6357,0.1674,False
cvb,Lying,train,cvb_1335_arm01_gopro4_20200323_035752_beh4_ani8_ins1_cut_00047_tr1_seg0,3,side,0.6274,0.9074,0.2317,0.6274,0.1409,False
cvb,Lying,train,cvb_1335_arm01_gopro4_20200323_035752_beh4_ani8_ins1_cut_00047_tr1_seg0,4,side,0.5312,0.9858,0.3178,0.5312,0.151,False
cvb,Lying,train,cvb_1335_arm01_gopro4_20200323_035752_beh4_ani8_ins1_cut_00047_tr1_seg0,5,side,0.4709,1.0506,0.3093,0.4709,0.2197,True
cvb,Lying,train,cvb_1335_arm01_gopro4_20200323_035752_beh4_ani8_ins1_cut_00047_tr1_seg0,6,side,0.5299,1.0079,0.2819,0.5299,0.1883,False
cvb,Lying,train,cvb_1335_arm01_gopro4_20200323_035752_beh4_ani8_ins1_cut_00047_tr1_seg0,7,side,0.6603,0.8448,0.2418,0.6603,0.0979,False
cvb,Lying,val,cvb_1321_arm01_gopro4_20200323_034011_beh4_ani5_ins1_cut_00045_tr2_seg0,0,rear,0.5511,0.9574,0.1293,0.3196,0.5511,False
cvb,Lying,val,cvb_1321_arm01_gopro4_20200323_034011_beh4_ani5_ins1_cut_00045_tr2_seg0,1,rear,0.6243,0.8988,0.2537,0.122,0.6243,False
cvb,Lying,val,cvb_1321_arm01_gopro4_20200323_034011_beh4_ani5_ins1_cut_00045_tr2_seg0,2,rear,0.5289,1.0072,0.2857,0.1853,0.5289,False
cvb,Lying,val,cvb_1321_arm01_gopro4_20200323_034011_beh4_ani5_ins1_cut_00045_tr2_seg0,3,rear,0.5653,0.8953,0.3525,0.0821,0.5653,False
cvb,Lying,val,cvb_1321_arm01_gopro4_20200323_034011_beh4_ani5_ins1_cut_00045_tr2_seg0,4,front,0.4871,0.9856,0.4871,0.1323,0.3806,True
cvb,Lying,val,cvb_1321_arm01_gopro4_20200323_034011_beh4_ani5_ins1_cut_00045_tr2_seg0,5,rear,0.5241,0.9921,0.3213,0.1546,0.5241,False
cvb,Lying,val,cvb_1321_arm01_gopro4_20200323_034011_beh4_ani5_ins1_cut_00045_tr2_seg0,6,front,0.4911,0.9005,0.4911,0.072,0.4369,True
cvb,Lying,val,cvb_1321_arm01_gopro4_20200323_034011_beh4_ani5_ins1_cut_00045_tr2_seg0,7,rear,0.5142,0.9686,0.3619,0.1239,0.5142,False
cvb,Lying,val,cvb_1317_arm01_gopro4_20200323_034011_beh6_ani1_ins1_cut_00003_tr1_seg0,0,side,0.8606,0.4992,0.0602,0.8606,0.0792,False
cvb,Lying,val,cvb_1317_arm01_gopro4_20200323_034011_beh6_ani1_ins1_cut_00003_tr1_seg0,1,side,0.4761,1.0549,0.254,0.4761,0.2699,True
cvb,Lying,val,cvb_1317_arm01_gopro4_20200323_034011_beh6_ani1_ins1_cut_00003_tr1_seg0,2,side,0.6337,0.9103,0.193,0.6337,0.1732,False
cvb,Lying,val,cvb_1317_arm01_gopro4_20200323_034011_beh6_ani1_ins1_cut_00003_tr1_seg0,3,side,0.5958,0.9546,0.2085,0.5958,0.1957,False
cvb,Lying,val,cvb_1317_arm01_gopro4_20200323_034011_beh6_ani1_ins1_cut_00003_tr1_seg0,4,side,0.6162,0.9316,0.1999,0.6162,0.1839,False
cvb,Lying,val,cvb_1317_arm01_gopro4_20200323_034011_beh6_ani1_ins1_cut_00003_tr1_seg0,5,side,0.5202,1.0156,0.287,0.5202,0.1928,False
cvb,Lying,val,cvb_1317_arm01_gopro4_20200323_034011_beh6_ani1_ins1_cut_00003_tr1_seg0,6,side,0.5493,0.9986,0.2472,0.5493,0.2035,False
cvb,Lying,val,cvb_1317_arm01_gopro4_20200323_034011_beh6_ani1_ins1_cut_00003_tr1_seg0,7,side,0.5772,0.974,0.2184,0.5772,0.2044,False
cvb,Feeding,train,cvb_0604_arm01_gopro1_20200324_230913_beh8_ani8_ins1_cut_2_tr1_seg0,0,side,0.7418,0.6179,0.0114,0.7418,0.2468,False
cvb,Feeding,train,cvb_0604_arm01_gopro1_20200324_230913_beh8_ani8_ins1_cut_2_tr1_seg0,1,rear,0.6619,0.8584,0.1178,0.2204,0.6619,False
cvb,Feeding,train,cvb_0604_arm01_gopro1_20200324_230913_beh8_ani8_ins1_cut_2_tr1_seg0,2,side,0.7621,0.6633,0.0445,0.7621,0.1934,False
cvb,Feeding,train,cvb_0604_arm01_gopro1_20200324_230913_beh8_ani8_ins1_cut_2_tr1_seg0,3,side,0.5679,0.9565,0.1407,0.5679,0.2914,False
cvb,Feeding,train,cvb_0604_arm01_gopro1_20200324_230913_beh8_ani8_ins1_cut_2_tr1_seg0,4,side,0.7185,0.7773,0.0996,0.7185,0.1819,False
cvb,Feeding,train,cvb_0604_arm01_gopro1_20200324_230913_beh8_ani8_ins1_cut_2_tr1_seg0,5,side,0.4943,0.9657,0.1162,0.4943,0.3895,True
cvb,Feeding,train,cvb_0604_arm01_gopro1_20200324_230913_beh8_ani8_ins1_cut_2_tr1_seg0,6,rear,0.5589,0.8749,0.0675,0.3736,0.5589,False
cvb,Feeding,train,cvb_0604_arm01_gopro1_20200324_230913_beh8_ani8_ins1_cut_2_tr1_seg0,7,rear,0.4965,0.9624,0.114,0.3895,0.4965,True
cvb,Feeding,train,cvb_0974_arm01_gopro1_20200327_001756_beh1_ani1_ins1_cut_00004_tr5_seg0,0,side,0.6814,0.7492,0.0415,0.6814,0.2771,False
cvb,Feeding,train,cvb_0974_arm01_gopro1_20200327_001756_beh1_ani1_ins1_cut_00004_tr5_seg0,1,rear,0.4696,0.9264,0.086,0.4444,0.4696,True
cvb,Feeding,train,cvb_0974_arm01_gopro1_20200327_001756_beh1_ani1_ins1_cut_00004_tr5_seg0,2,rear,0.5447,0.9753,0.1467,0.3086,0.5447,False
cvb,Feeding,train,cvb_0974_arm01_gopro1_20200327_001756_beh1_ani1_ins1_cut_00004_tr5_seg0,3,side,0.617,0.9188,0.2396,0.617,0.1435,False
cvb,Feeding,train,cvb_0974_arm01_gopro1_20200327_001756_beh1_ani1_ins1_cut_00004_tr5_seg0,4,side,0.7404,0.7525,0.1331,0.7404,0.1265,False
cvb,Feeding,train,cvb_0974_arm01_gopro1_20200327_001756_beh1_ani1_ins1_cut_00004_tr5_seg0,5,side,0.4946,1.0433,0.2562,0.4946,0.2492,True
cvb,Feeding,train,cvb_0974_arm01_gopro1_20200327_001756_beh1_ani1_ins1_cut_00004_tr5_seg0,6,side,0.6458,0.8914,0.204,0.6458,0.1502,False
cvb,Feeding,train,cvb_0974_arm01_gopro1_20200327_001756_beh1_ani1_ins1_cut_00004_tr5_seg0,7,side,0.7979,0.6247,0.1438,0.7979,0.0583,False
cvb,Feeding,train,cvb_0925_arm01_gopro1_20200326_223144_beh1_ani3_ins1_cut_00028_tr8_seg0,0,side,0.7675,0.6976,0.0903,0.7675,0.1422,False
cvb,Feeding,train,cvb_0925_arm01_gopro1_20200326_223144_beh1_ani3_ins1_cut_00028_tr8_seg0,1,side,0.7412,0.7496,0.1443,0.7412,0.1146,False
cvb,Feeding,train,cvb_0925_arm01_gopro1_20200326_223144_beh1_ani3_ins1_cut_00028_tr8_seg0,2,side,0.8065,0.6252,0.0925,0.8065,0.1009,False
cvb,Feeding,train,cvb_0925_arm01_gopro1_20200326_223144_beh1_ani3_ins1_cut_00028_tr8_seg0,3,side,0.6873,0.8336,0.1824,0.6873,0.1302,False
cvb,Feeding,train,cvb_0925_arm01_gopro1_20200326_223144_beh1_ani3_ins1_cut_00028_tr8_seg0,4,side,0.7649,0.7031,0.0928,0.7649,0.1423,False
cvb,Feeding,train,cvb_0925_arm01_gopro1_20200326_223144_beh1_ani3_ins1_cut_00028_tr8_seg0,5,side,0.8121,0.6126,0.1028,0.8121,0.0851,False
cvb,Feeding,train,cvb_0925_arm01_gopro1_20200326_223144_beh1_ani3_ins1_cut_00028_tr8_seg0,6,side,0.8193,0.5976,0.0939,0.8193,0.0868,False
cvb,Feeding,train,cvb_0925_arm01_gopro1_20200326_223144_beh1_ani3_ins1_cut_00028_tr8_seg0,7,side,0.8065,0.6238,0.1094,0.8065,0.0841,False
cvb,Feeding,train,cvb_0233_arm01_gopro1_20200323_023342_beh7_ani8_ins1_cut_1_tr4_seg0,0,rear,0.8241,0.532,0.0222,0.1537,0.8241,False
cvb,Feeding,train,cvb_0233_arm01_gopro1_20200323_023342_beh7_ani8_ins1_cut_1_tr4_seg0,1,rear,0.6282,0.9012,0.2409,0.131,0.6282,False
cvb,Feeding,train,cvb_0233_arm01_gopro1_20200323_023342_beh7_ani8_ins1_cut_1_tr4_seg0,2,rear,0.6367,0.9068,0.1736,0.1897,0.6367,False
cvb,Feeding,train,cvb_0233_arm01_gopro1_20200323_023342_beh7_ani8_ins1_cut_1_tr4_seg0,3,rear,0.6357,0.9038,0.1535,0.2107,0.6357,False
cvb,Feeding,train,cvb_0233_arm01_gopro1_20200323_023342_beh7_ani8_ins1_cut_1_tr4_seg0,4,rear,0.7616,0.711,0.1397,0.0987,0.7616,False
cvb,Feeding,train,cvb_0233_arm01_gopro1_20200323_023342_beh7_ani8_ins1_cut_1_tr4_seg0,5,rear,0.8884,0.4272,0.0579,0.0537,0.8884,False
cvb,Feeding,train,cvb_0233_arm01_gopro1_20200323_023342_beh7_ani8_ins1_cut_1_tr4_seg0,6,rear,0.8248,0.5855,0.0845,0.0907,0.8248,False
cvb,Feeding,train,cvb_0233_arm01_gopro1_20200323_023342_beh7_ani8_ins1_cut_1_tr4_seg0,7,side,0.4505,1.0111,0.1508,0.4505,0.3987,True
cvb,Feeding,val,cvb_1227_arm01_gopro3_20200325_020417_beh3_ani8_ins1_cut_00007_tr0_seg0,0,rear,0.5347,0.9062,0.0812,0.3841,0.5347,False
cvb,Feeding,val,cvb_1227_arm01_gopro3_20200325_020417_beh3_ani8_ins1_cut_00007_tr0_seg0,1,side,0.9498,0.2131,0.004,0.9498,0.0462,False
cvb,Feeding,val,cvb_1227_arm01_gopro3_20200325_020417_beh3_ani8_ins1_cut_00007_tr0_seg0,2,front,0.6374,0.819,0.6374,0.0609,0.3017,False
cvb,Feeding,val,cvb_1227_arm01_gopro3_20200325_020417_beh3_ani8_ins1_cut_00007_tr0_seg0,3,side,0.6323,0.9061,0.1495,0.6323,0.2181,False
cvb,Feeding,val,cvb_1227_arm01_gopro3_20200325_020417_beh3_ani8_ins1_cut_00007_tr0_seg0,4,rear,0.5322,0.9662,0.1286,0.3392,0.5322,False
cvb,Feeding,val,cvb_1227_arm01_gopro3_20200325_020417_beh3_ani8_ins1_cut_00007_tr0_seg0,5,rear,0.5514,0.9622,0.1349,0.3136,0.5514,False
cvb,Feeding,val,cvb_1227_arm01_gopro3_20200325_020417_beh3_ani8_ins1_cut_00007_tr0_seg0,6,rear,0.4799,1.0508,0.2371,0.283,0.4799,True
cvb,Feeding,val,cvb_1227_arm01_gopro3_20200325_020417_beh3_ani8_ins1_cut_00007_tr0_seg0,7,front,0.3776,1.0853,0.3776,0.2586,0.3638,True
cvb,Feeding,val,cvb_0680_arm01_gopro1_20200325_002001_beh8_ani8_ins4_cut_3_tr4_seg0,0,side,0.5128,0.8262,0.038,0.5128,0.4492,False
cvb,Feeding,val,cvb_0680_arm01_gopro1_20200325_002001_beh8_ani8_ins4_cut_3_tr4_seg0,1,side,0.8553,0.4846,0.0281,0.8553,0.1166,False
cvb,Feeding,val,cvb_0680_arm01_gopro1_20200325_002001_beh8_ani8_ins4_cut_3_tr4_seg0,2,rear,0.5349,0.8132,0.0343,0.4308,0.5349,False
cvb,Feeding,val,cvb_0680_arm01_gopro1_20200325_002001_beh8_ani8_ins4_cut_3_tr4_seg0,3,side,0.4783,0.8592,0.051,0.4783,0.4707,True
cvb,Feeding,val,cvb_0680_arm01_gopro1_20200325_002001_beh8_ani8_ins4_cut_3_tr4_seg0,4,rear,0.5987,0.8341,0.0551,0.3462,0.5987,False
cvb,Feeding,val,cvb_0680_arm01_gopro1_20200325_002001_beh8_ani8_ins4_cut_3_tr4_seg0,5,rear,0.4904,0.8129,0.0322,0.4774,0.4904,True
cvb,Feeding,val,cvb_0680_arm01_gopro1_20200325_002001_beh8_ani8_ins4_cut_3_tr4_seg0,6,rear,0.7405,0.7201,0.0663,0.1932,0.7405,False
cvb,Feeding,val,cvb_0680_arm01_gopro1_20200325_002001_beh8_ani8_ins4_cut_3_tr4_seg0,7,side,0.8153,0.5262,0.0133,0.8153,0.1714,False
cvb,Drinking,train,cvb_1030_arm01_gopro1_20200327_005320_beh7_ani6_ins1_cut_00001_tr8_seg0,0,side,0.9004,0.3812,0.0737,0.9004,0.0259,False
cvb,Drinking,train,cvb_1030_arm01_gopro1_20200327_005320_beh7_ani6_ins1_cut_00001_tr8_seg0,1,side,0.9714,0.1443,0.0057,0.9714,0.0229,False
cvb,Drinking,train,cvb_1030_arm01_gopro1_20200327_005320_beh7_ani6_ins1_cut_00001_tr8_seg0,2,side,0.9405,0.2664,0.0268,0.9405,0.0326,False
cvb,Drinking,train,cvb_1030_arm01_gopro1_20200327_005320_beh7_ani6_ins1_cut_00001_tr8_seg0,3,side,0.915,0.3495,0.0443,0.915,0.0406,False
cvb,Drinking,train,cvb_1030_arm01_gopro1_20200327_005320_beh7_ani6_ins1_cut_00001_tr8_seg0,4,side,0.815,0.6026,0.1131,0.815,0.0719,False
cvb,Drinking,train,cvb_1030_arm01_gopro1_20200327_005320_beh7_ani6_ins1_cut_00001_tr8_seg0,5,side,0.9785,0.1187,0.0113,0.9785,0.0102,False
cvb,Drinking,train,cvb_1030_arm01_gopro1_20200327_005320_beh7_ani6_ins1_cut_00001_tr8_seg0,6,side,0.9572,0.2063,0.0236,0.9572,0.0193,False
cvb,Drinking,train,cvb_1030_arm01_gopro1_20200327_005320_beh7_ani6_ins1_cut_00001_tr8_seg0,7,front,0.7068,0.7268,0.7068,0.2505,0.0428,False
cvb,Drinking,train,cvb_0089_arm01_gopro1_20200323_002948_beh7_ani2_ins1_cut_2_tr0_seg0,0,side,0.9438,0.2555,0.0287,0.9438,0.0275,False
cvb,Drinking,train,cvb_0089_arm01_gopro1_20200323_002948_beh7_ani2_ins1_cut_2_tr0_seg0,1,side,0.943,0.2473,0.0115,0.943,0.0455,False
cvb,Drinking,train,cvb_0089_arm01_gopro1_20200323_002948_beh7_ani2_ins1_cut_2_tr0_seg0,2,side,0.5104,1.0132,0.3127,0.5104,0.1768,False
cvb,Drinking,train,cvb_0089_arm01_gopro1_20200323_002948_beh7_ani2_ins1_cut_2_tr0_seg0,3,side,0.9266,0.2984,0.0142,0.9266,0.0592,False
cvb,Drinking,train,cvb_0089_arm01_gopro1_20200323_002948_beh7_ani2_ins1_cut_2_tr0_seg0,4,side,0.9199,0.3244,0.0203,0.9199,0.0598,False
cvb,Drinking,train,cvb_0089_arm01_gopro1_20200323_002948_beh7_ani2_ins1_cut_2_tr0_seg0,5,side,0.8297,0.5742,0.0891,0.8297,0.0812,False
cvb,Drinking,train,cvb_0089_arm01_gopro1_20200323_002948_beh7_ani2_ins1_cut_2_tr0_seg0,6,side,0.9178,0.3398,0.0343,0.9178,0.0478,False
cvb,Drinking,train,cvb_0089_arm01_gopro1_20200323_002948_beh7_ani2_ins1_cut_2_tr0_seg0,7,side,0.9284,0.3058,0.0283,0.9284,0.0433,False
cvb,Drinking,train,cvb_0051_arm01_gopro1_20200322_235424_beh8_ani1_ins2_cut_3_tr10_seg0,0,side,0.9793,0.1105,0.0037,0.9793,0.0171,False
cvb,Drinking,train,cvb_0051_arm01_gopro1_20200322_235424_beh8_ani1_ins2_cut_3_tr10_seg0,1,side,0.9502,0.2176,0.0067,0.9502,0.0432,False
cvb,Drinking,train,cvb_0051_arm01_gopro1_20200322_235424_beh8_ani1_ins2_cut_3_tr10_seg0,2,side,0.9505,0.2207,0.0091,0.9505,0.0405,False
cvb,Drinking,train,cvb_0051_arm01_gopro1_20200322_235424_beh8_ani1_ins2_cut_3_tr10_seg0,3,side,0.9048,0.3466,0.0102,0.9048,0.085,False
cvb,Drinking,train,cvb_0051_arm01_gopro1_20200322_235424_beh8_ani1_ins2_cut_3_tr10_seg0,4,side,0.9699,0.1527,0.0084,0.9699,0.0217,False
cvb,Drinking,train,cvb_0051_arm01_gopro1_20200322_235424_beh8_ani1_ins2_cut_3_tr10_seg0,5,side,0.9721,0.1425,0.0065,0.9721,0.0214,False
cvb,Drinking,train,cvb_0051_arm01_gopro1_20200322_235424_beh8_ani1_ins2_cut_3_tr10_seg0,6,side,0.9242,0.2932,0.0077,0.9242,0.0681,False
cvb,Drinking,train,cvb_0051_arm01_gopro1_20200322_235424_beh8_ani1_ins2_cut_3_tr10_seg0,7,side,0.9741,0.129,0.0027,0.9741,0.0232,False
cvb,Drinking,train,cvb_0190_arm01_gopro1_20200323_014036_beh7_ani6_ins1_cut_2_tr4_seg0,0,side,0.7549,0.7266,0.1267,0.7549,0.1184,False
cvb,Drinking,train,cvb_0190_arm01_gopro1_20200323_014036_beh7_ani6_ins1_cut_2_tr4_seg0,1,side,0.8027,0.633,0.0916,0.8027,0.1057,False
cvb,Drinking,train,cvb_0190_arm01_gopro1_20200323_014036_beh7_ani6_ins1_cut_2_tr4_seg0,2,side,0.9568,0.2073,0.0246,0.9568,0.0186,False
cvb,Drinking,train,cvb_0190_arm01_gopro1_20200323_014036_beh7_ani6_ins1_cut_2_tr4_seg0,3,side,0.9754,0.132,0.0143,0.9754,0.0103,False
cvb,Drinking,train,cvb_0190_arm01_gopro1_20200323_014036_beh7_ani6_ins1_cut_2_tr4_seg0,4,side,0.8334,0.5495,0.047,0.8334,0.1196,False
cvb,Drinking,train,cvb_0190_arm01_gopro1_20200323_014036_beh7_ani6_ins1_cut_2_tr4_seg0,5,side,0.8196,0.5946,0.1047,0.8196,0.0756,False
cvb,Drinking,train,cvb_0190_arm01_gopro1_20200323_014036_beh7_ani6_ins1_cut_2_tr4_seg0,6,side,0.8241,0.5819,0.1093,0.8241,0.0666,False
cvb,Drinking,train,cvb_0190_arm01_gopro1_20200323_014036_beh7_ani6_ins1_cut_2_tr4_seg0,7,side,0.8362,0.5363,0.1244,0.8362,0.0394,False
cvb,Drinking,val,cvb_0680_arm01_gopro1_20200325_002001_beh8_ani8_ins4_cut_2_tr3_seg0,0,side,0.4739,0.9255,0.0856,0.4739,0.4404,True
cvb,Drinking,val,cvb_0680_arm01_gopro1_20200325_002001_beh8_ani8_ins4_cut_2_tr3_seg0,1,side,0.751,0.7067,0.0674,0.751,0.1816,False
cvb,Drinking,val,cvb_0680_arm01_gopro1_20200325_002001_beh8_ani8_ins4_cut_2_tr3_seg0,2,side,0.6574,0.8219,0.0743,0.6574,0.2683,False
cvb,Drinking,val,cvb_0680_arm01_gopro1_20200325_002001_beh8_ani8_ins4_cut_2_tr3_seg0,3,side,0.6896,0.7797,0.0658,0.6896,0.2446,False
cvb,Drinking,val,cvb_0680_arm01_gopro1_20200325_002001_beh8_ani8_ins4_cut_2_tr3_seg0,4,side,0.9053,0.3733,0.0311,0.9053,0.0636,False
cvb,Drinking,val,cvb_0680_arm01_gopro1_20200325_002001_beh8_ani8_ins4_cut_2_tr3_seg0,5,side,0.8629,0.4753,0.033,0.8629,0.1041,False
cvb,Drinking,val,cvb_0680_arm01_gopro1_20200325_002001_beh8_ani8_ins4_cut_2_tr3_seg0,6,side,0.7969,0.6439,0.089,0.7969,0.114,False
cvb,Drinking,val,cvb_0680_arm01_gopro1_20200325_002001_beh8_ani8_ins4_cut_2_tr3_seg0,7,side,0.9388,0.2669,0.0175,0.9388,0.0437,False
cvb,Drinking,val,cvb_0040_arm01_gopro1_20200322_233642_beh7_ani8_ins1_cut_4_tr5_seg0,0,side,0.5988,0.9188,0.1206,0.5988,0.2806,False
cvb,Drinking,val,cvb_0040_arm01_gopro1_20200322_233642_beh7_ani8_ins1_cut_4_tr5_seg0,1,rear,0.4419,0.9826,0.1245,0.4336,0.4419,True
cvb,Drinking,val,cvb_0040_arm01_gopro1_20200322_233642_beh7_ani8_ins1_cut_4_tr5_seg0,2,side,0.629,0.8828,0.1074,0.629,0.2636,False
cvb,Drinking,val,cvb_0040_arm01_gopro1_20200322_233642_beh7_ani8_ins1_cut_4_tr5_seg0,3,rear,0.4932,1.0142,0.1669,0.3399,0.4932,True
cvb,Drinking,val,cvb_0040_arm01_gopro1_20200322_233642_beh7_ani8_ins1_cut_4_tr5_seg0,4,side,0.6141,0.8504,0.0705,0.6141,0.3154,False
cvb,Drinking,val,cvb_0040_arm01_gopro1_20200322_233642_beh7_ani8_ins1_cut_4_tr5_seg0,5,side,0.5015,0.8661,0.0549,0.5015,0.4435,False
cvb,Drinking,val,cvb_0040_arm01_gopro1_20200322_233642_beh7_ani8_ins1_cut_4_tr5_seg0,6,side,0.4955,0.9814,0.1304,0.4955,0.3742,True
cvb,Drinking,val,cvb_0040_arm01_gopro1_20200322_233642_beh7_ani8_ins1_cut_4_tr5_seg0,7,side,0.4583,0.9705,0.1156,0.4583,0.4261,True
cvb,Walking,train,cvb_0082_arm01_gopro1_20200323_001206_beh7_ani4_ins1_cut_1_tr1_seg0,0,side,0.7289,0.7352,0.0664,0.7289,0.2047,False
cvb,Walking,train,cvb_0082_arm01_gopro1_20200323_001206_beh7_ani4_ins1_cut_1_tr1_seg0,1,rear,0.5586,0.9414,0.1169,0.3245,0.5586,False
cvb,Walking,train,cvb_0082_arm01_gopro1_20200323_001206_beh7_ani4_ins1_cut_1_tr1_seg0,2,rear,0.6265,0.7575,0.0269,0.3466,0.6265,False
cvb,Walking,train,cvb_0082_arm01_gopro1_20200323_001206_beh7_ani4_ins1_cut_1_tr1_seg0,3,rear,0.7341,0.721,0.0599,0.2059,0.7341,False
cvb,Walking,train,cvb_0082_arm01_gopro1_20200323_001206_beh7_ani4_ins1_cut_1_tr1_seg0,4,rear,0.6799,0.7833,0.0613,0.2589,0.6799,False
cvb,Walking,train,cvb_0082_arm01_gopro1_20200323_001206_beh7_ani4_ins1_cut_1_tr1_seg0,5,rear,0.8565,0.5103,0.0773,0.0662,0.8565,False
cvb,Walking,train,cvb_0082_arm01_gopro1_20200323_001206_beh7_ani4_ins1_cut_1_tr1_seg0,6,side,0.4528,1.0061,0.146,0.4528,0.4012,True
cvb,Walking,train,cvb_0082_arm01_gopro1_20200323_001206_beh7_ani4_ins1_cut_1_tr1_seg0,7,side,0.4812,1.0451,0.2169,0.4812,0.3019,True
cvb,Walking,train,cvb_0541_arm01_gopro1_20200324_223349+0000_beh7_ani1_ins1_cut_1_tr12_seg0,0,side,0.7818,0.6399,0.1699,0.7818,0.0483,False
cvb,Walking,train,cvb_0541_arm01_gopro1_20200324_223349+0000_beh7_ani1_ins1_cut_1_tr12_seg0,1,side,0.5188,1.0232,0.2662,0.5188,0.2149,False
cvb,Walking,train,cvb_0541_arm01_gopro1_20200324_223349+0000_beh7_ani1_ins1_cut_1_tr12_seg0,2,side,0.4584,1.0592,0.2308,0.4584,0.3108,True
cvb,Walking,train,cvb_0541_arm01_gopro1_20200324_223349+0000_beh7_ani1_ins1_cut_1_tr12_seg0,3,side,0.5928,0.9497,0.2448,0.5928,0.1625,False
cvb,Walking,train,cvb_0541_arm01_gopro1_20200324_223349+0000_beh7_ani1_ins1_cut_1_tr12_seg0,4,side,0.6505,0.8751,0.2243,0.6505,0.1252,False
cvb,Walking,train,cvb_0541_arm01_gopro1_20200324_223349+0000_beh7_ani1_ins1_cut_1_tr12_seg0,5,side,0.6084,0.9304,0.241,0.6084,0.1506,False
cvb,Walking,train,cvb_0541_arm01_gopro1_20200324_223349+0000_beh7_ani1_ins1_cut_1_tr12_seg0,6,side,0.5252,0.9911,0.3207,0.5252,0.1541,False
cvb,Walking,train,cvb_0541_arm01_gopro1_20200324_223349+0000_beh7_ani1_ins1_cut_1_tr12_seg0,7,side,0.5015,1.0054,0.3393,0.5015,0.1592,False
cvb,Walking,train,cvb_1351_arm01_gopro4_20200324_040135_beh3_ani3_ins1_cut_00044_tr1_seg0,0,rear,0.7251,0.7612,0.089,0.1859,0.7251,False
cvb,Walking,train,cvb_1351_arm01_gopro4_20200324_040135_beh3_ani3_ins1_cut_00044_tr1_seg0,1,rear,0.4262,1.0249,0.4105,0.1632,0.4262,True
cvb,Walking,train,cvb_1351_arm01_gopro4_20200324_040135_beh3_ani3_ins1_cut_00044_tr1_seg0,2,rear,0.8062,0.5967,0.1488,0.045,0.8062,False
cvb,Walking,train,cvb_1351_arm01_gopro4_20200324_040135_beh3_ani3_ins1_cut_00044_tr1_seg0,3,side,0.7409,0.7194,0.0662,0.7409,0.1929,False
cvb,Walking,train,cvb_1351_arm01_gopro4_20200324_040135_beh3_ani3_ins1_cut_00044_tr1_seg0,4,side,0.7218,0.7274,0.0535,0.7218,0.2247,False
cvb,Walking,train,cvb_1351_arm01_gopro4_20200324_040135_beh3_ani3_ins1_cut_00044_tr1_seg0,5,side,0.9329,0.2858,0.0484,0.9329,0.0187,False
cvb,Walking,train,cvb_1351_arm01_gopro4_20200324_040135_beh3_ani3_ins1_cut_00044_tr1_seg0,6,side,0.9708,0.1516,0.0112,0.9708,0.018,False
cvb,Walking,train,cvb_1351_arm01_gopro4_20200324_040135_beh3_ani3_ins1_cut_00044_tr1_seg0,7,side,0.9968,0.0235,0.0013,0.9968,0.0019,False
cvb,Walking,train,cvb_1271_arm01_gopro3_20200326_032013_beh4_ani4_ins1_cut_00005_tr9_seg0,0,front,0.8446,0.4397,0.8446,0.0014,0.154,False
cvb,Walking,train,cvb_1271_arm01_gopro3_20200326_032013_beh4_ani4_ins1_cut_00005_tr9_seg0,1,front,0.979,0.1113,0.979,0.0036,0.0174,False
cvb,Walking,train,cvb_1271_arm01_gopro3_20200326_032013_beh4_ani4_ins1_cut_00005_tr9_seg0,2,front,0.9002,0.3934,0.9002,0.0543,0.0455,False
cvb,Walking,train,cvb_1271_arm01_gopro3_20200326_032013_beh4_ani4_ins1_cut_00005_tr9_seg0,3,front,0.9037,0.3696,0.9037,0.0735,0.0228,False
cvb,Walking,train,cvb_1271_arm01_gopro3_20200326_032013_beh4_ani4_ins1_cut_00005_tr9_seg0,4,front,0.6194,0.8902,0.6194,0.2738,0.1068,False
cvb,Walking,train,cvb_1271_arm01_gopro3_20200326_032013_beh4_ani4_ins1_cut_00005_tr9_seg0,5,front,0.7703,0.6373,0.7703,0.1944,0.0353,False
cvb,Walking,train,cvb_1271_arm01_gopro3_20200326_032013_beh4_ani4_ins1_cut_00005_tr9_seg0,6,front,0.7139,0.7469,0.7139,0.2251,0.061,False
cvb,Walking,train,cvb_1271_arm01_gopro3_20200326_032013_beh4_ani4_ins1_cut_00005_tr9_seg0,7,front,0.8524,0.5206,0.8524,0.0699,0.0777,False
cvb,Walking,val,cvb_1284_arm01_gopro3_20200326_033755_beh6_ani4_ins1_cut_00003_tr5_seg0,0,side,0.8353,0.5409,0.1227,0.8353,0.042,False
cvb,Walking,val,cvb_1284_arm01_gopro3_20200326_033755_beh6_ani4_ins1_cut_00003_tr5_seg0,1,side,0.7893,0.6422,0.1492,0.7893,0.0616,False
cvb,Walking,val,cvb_1284_arm01_gopro3_20200326_033755_beh6_ani4_ins1_cut_00003_tr5_seg0,2,side,0.8695,0.4772,0.0709,0.8695,0.0596,False
cvb,Walking,val,cvb_1284_arm01_gopro3_20200326_033755_beh6_ani4_ins1_cut_00003_tr5_seg0,3,side,0.7791,0.6777,0.1301,0.7791,0.0908,False
cvb,Walking,val,cvb_1284_arm01_gopro3_20200326_033755_beh6_ani4_ins1_cut_00003_tr5_seg0,4,rear,0.5482,0.9995,0.2036,0.2483,0.5482,False
cvb,Walking,val,cvb_1284_arm01_gopro3_20200326_033755_beh6_ani4_ins1_cut_00003_tr5_seg0,5,side,0.4561,1.0391,0.1866,0.4561,0.3573,True
cvb,Walking,val,cvb_1284_arm01_gopro3_20200326_033755_beh6_ani4_ins1_cut_00003_tr5_seg0,6,side,0.4397,1.0708,0.3112,0.4397,0.2491,True
cvb,Walking,val,cvb_1284_arm01_gopro3_20200326_033755_beh6_ani4_ins1_cut_00003_tr5_seg0,7,rear,0.4067,1.0859,0.314,0.2793,0.4067,True
cvb,Walking,val,cvb_0742_arm01_gopro1_20200325_025919_beh5_ani5_ins5_cut_8_tr6_seg0,0,side,0.7779,0.5921,0.0181,0.7779,0.204,False
cvb,Walking,val,cvb_0742_arm01_gopro1_20200325_025919_beh5_ani5_ins5_cut_8_tr6_seg0,1,side,0.7779,0.5921,0.0181,0.7779,0.204,False
cvb,Walking,val,cvb_0742_arm01_gopro1_20200325_025919_beh5_ani5_ins5_cut_8_tr6_seg0,2,side,0.7779,0.5921,0.0181,0.7779,0.204,False
cvb,Walking,val,cvb_0742_arm01_gopro1_20200325_025919_beh5_ani5_ins5_cut_8_tr6_seg0,3,side,0.7779,0.5921,0.0181,0.7779,0.204,False
cvb,Walking,val,cvb_0742_arm01_gopro1_20200325_025919_beh5_ani5_ins5_cut_8_tr6_seg0,4,side,0.7779,0.5921,0.0181,0.7779,0.204,False
cvb,Walking,val,cvb_0742_arm01_gopro1_20200325_025919_beh5_ani5_ins5_cut_8_tr6_seg0,5,side,0.7779,0.5921,0.0181,0.7779,0.204,False
cvb,Walking,val,cvb_0742_arm01_gopro1_20200325_025919_beh5_ani5_ins5_cut_8_tr6_seg0,6,side,0.7779,0.5921,0.0181,0.7779,0.204,False
cvb,Walking,val,cvb_0742_arm01_gopro1_20200325_025919_beh5_ani5_ins5_cut_8_tr6_seg0,7,side,0.7779,0.5921,0.0181,0.7779,0.204,False
beef_cattle_behavior,Standing,train,beef_00000000580000000_10_clip_12,0,front,0.7554,0.7213,0.7554,0.0985,0.1462,False
beef_cattle_behavior,Standing,train,beef_00000000580000000_10_clip_12,1,side,0.758,0.6696,0.1969,0.758,0.045,False
beef_cattle_behavior,Standing,train,beef_00000000580000000_10_clip_12,2,front,0.3873,1.0922,0.3873,0.3055,0.3072,True
beef_cattle_behavior,Standing,train,beef_00000000580000000_10_clip_12,3,rear,0.4155,1.0327,0.4128,0.1717,0.4155,True
beef_cattle_behavior,Standing,train,beef_00000000580000000_10_clip_12,4,side,0.4798,1.0185,0.3537,0.4798,0.1665,True
beef_cattle_behavior,Standing,train,beef_00000000580000000_10_clip_12,5,front,0.5346,0.9939,0.5346,0.1659,0.2995,False
beef_cattle_behavior,Standing,train,beef_00000000580000000_10_clip_12,6,front,0.5041,1.01,0.5041,0.3288,0.1671,False
beef_cattle_behavior,Standing,train,beef_00000000580000000_10_clip_12,7,front,0.7877,0.6467,0.7877,0.1487,0.0637,False
beef_cattle_behavior,Standing,train,beef_00000000580000000_27_clip_28,0,front,0.8836,0.4237,0.8836,0.0886,0.0278,False
beef_cattle_behavior,Standing,train,beef_00000000580000000_27_clip_28,1,front,0.7695,0.6913,0.7695,0.146,0.0844,False
beef_cattle_behavior,Standing,train,beef_00000000580000000_27_clip_28,2,front,0.5247,0.8506,0.5247,0.4259,0.0494,False
beef_cattle_behavior,Standing,train,beef_00000000580000000_27_clip_28,3,side,0.673,0.7238,0.3006,0.673,0.0264,False
beef_cattle_behavior,Standing,train,beef_00000000580000000_27_clip_28,4,front,0.7423,0.7364,0.7423,0.1693,0.0885,False
beef_cattle_behavior,Standing,train,beef_00000000580000000_27_clip_28,5,side,0.4801,0.8386,0.4778,0.4801,0.0421,True
beef_cattle_behavior,Standing,train,beef_00000000580000000_27_clip_28,6,front,0.5345,0.7875,0.5345,0.4407,0.0248,False
beef_cattle_behavior,Standing,train,beef_00000000580000000_27_clip_28,7,side,0.4551,1.0174,0.3867,0.4551,0.1582,True
beef_cattle_behavior,Standing,train,beef_00000000082000000_5_clip_110,0,front,0.9933,0.0435,0.9933,0.0013,0.0054,False
beef_cattle_behavior,Standing,train,beef_00000000082000000_5_clip_110,1,front,0.9981,0.0142,0.9981,0.0002,0.0016,False
beef_cattle_behavior,Standing,train,beef_00000000082000000_5_clip_110,2,front,0.9871,0.071,0.9871,0.0005,0.0125,False
beef_cattle_behavior,Standing,train,beef_00000000082000000_5_clip_110,3,front,0.995,0.0335,0.995,0.0007,0.0043,False
beef_cattle_behavior,Standing,train,beef_00000000082000000_5_clip_110,4,front,0.9683,0.1551,0.9683,0.0055,0.0262,False
beef_cattle_behavior,Standing,train,beef_00000000082000000_5_clip_110,5,front,0.9927,0.0458,0.9927,0.001,0.0063,False
beef_cattle_behavior,Standing,train,beef_00000000082000000_5_clip_110,6,front,0.9645,0.1596,0.9645,0.0015,0.034,False
beef_cattle_behavior,Standing,train,beef_00000000082000000_5_clip_110,7,front,0.9742,0.134,0.9742,0.006,0.0198,False
beef_cattle_behavior,Standing,train,beef_00000000580000000_10_clip_42,0,side,0.9019,0.3504,0.0894,0.9019,0.0087,False
beef_cattle_behavior,Standing,train,beef_00000000580000000_10_clip_42,1,front,0.6602,0.7568,0.6602,0.3033,0.0365,False
beef_cattle_behavior,Standing,train,beef_00000000580000000_10_clip_42,2,side,0.5618,0.8494,0.3841,0.5618,0.0541,False
beef_cattle_behavior,Standing,train,beef_00000000580000000_10_clip_42,3,front,0.5677,0.8393,0.5677,0.3821,0.0502,False
beef_cattle_behavior,Standing,train,beef_00000000580000000_10_clip_42,4,front,0.4436,1.0577,0.4436,0.3419,0.2145,True
beef_cattle_behavior,Standing,train,beef_00000000580000000_10_clip_42,5,front,0.5179,1.0122,0.5179,0.1822,0.2999,False
beef_cattle_behavior,Standing,train,beef_00000000580000000_10_clip_42,6,side,0.5826,0.8928,0.3306,0.5826,0.0868,False
beef_cattle_behavior,Standing,train,beef_00000000580000000_10_clip_42,7,side,0.7089,0.7512,0.2312,0.7089,0.06,False
beef_cattle_behavior,Standing,val,beef_186_2_clip_0,0,front,0.4256,1.0705,0.4256,0.2347,0.3397,True
beef_cattle_behavior,Standing,val,beef_186_2_clip_0,1,front,0.7986,0.6403,0.7986,0.1136,0.0878,False
beef_cattle_behavior,Standing,val,beef_186_2_clip_0,2,front,0.9614,0.1778,0.9614,0.0048,0.0337,False
beef_cattle_behavior,Standing,val,beef_186_2_clip_0,3,front,0.9288,0.2941,0.9288,0.0156,0.0556,False
beef_cattle_behavior,Standing,val,beef_186_2_clip_0,4,front,0.7287,0.7594,0.7287,0.1776,0.0937,False
beef_cattle_behavior,Standing,val,beef_186_2_clip_0,5,front,0.7756,0.6878,0.7756,0.1145,0.1099,False
beef_cattle_behavior,Standing,val,beef_186_2_clip_0,6,front,0.6277,0.9163,0.6277,0.1671,0.2053,False
beef_cattle_behavior,Standing,val,beef_186_2_clip_0,7,front,0.5172,1.0138,0.5172,0.1849,0.2979,False
beef_cattle_behavior,Standing,val,beef_00000000514000000_71_clip_1,0,rear,0.4049,1.0605,0.3865,0.2086,0.4049,True
beef_cattle_behavior,Standing,val,beef_00000000514000000_71_clip_1,1,front,0.3948,1.0629,0.3948,0.2122,0.3931,True
beef_cattle_behavior,Standing,val,beef_00000000514000000_71_clip_1,2,rear,0.5786,0.8093,0.3831,0.0384,0.5786,False
beef_cattle_behavior,Standing,val,beef_00000000514000000_71_clip_1,3,rear,0.6228,0.8258,0.3185,0.0587,0.6228,False
beef_cattle_behavior,Standing,val,beef_00000000514000000_71_clip_1,4,rear,0.3682,1.094,0.2914,0.3405,0.3682,True
beef_cattle_behavior,Standing,val,beef_00000000514000000_71_clip_1,5,rear,0.4881,0.8204,0.477,0.0349,0.4881,True
beef_cattle_behavior,Standing,val,beef_00000000514000000_71_clip_1,6,front,0.6521,0.716,0.6521,0.0177,0.3303,False
beef_cattle_behavior,Standing,val,beef_00000000514000000_71_clip_1,7,front,0.5714,0.7963,0.5714,0.0318,0.3968,False
beef_cattle_behavior,Lying,train,beef_00000000111000000_1_clip_73,0,front,0.5196,0.905,0.5196,0.0777,0.4026,False
beef_cattle_behavior,Lying,train,beef_00000000111000000_1_clip_73,1,front,0.3699,1.0956,0.3699,0.3183,0.3117,True
beef_cattle_behavior,Lying,train,beef_00000000111000000_1_clip_73,2,rear,0.6668,0.7627,0.2911,0.0421,0.6668,False
beef_cattle_behavior,Lying,train,beef_00000000111000000_1_clip_73,3,rear,0.448,0.9716,0.436,0.1161,0.448,True
beef_cattle_behavior,Lying,train,beef_00000000111000000_1_clip_73,4,front,0.5486,0.927,0.5486,0.0999,0.3515,False
beef_cattle_behavior,Lying,train,beef_00000000111000000_1_clip_73,5,front,0.6837,0.7621,0.6837,0.05,0.2663,False
beef_cattle_behavior,Lying,train,beef_00000000111000000_1_clip_73,6,front,0.6319,0.8852,0.6319,0.1133,0.2548,False
beef_cattle_behavior,Lying,train,beef_00000000111000000_1_clip_73,7,rear,0.7259,0.7771,0.1416,0.1325,0.7259,False
beef_cattle_behavior,Lying,train,beef_00000000580000000_3_clip_1,0,front,0.9897,0.0644,0.9897,0.0049,0.0054,False
beef_cattle_behavior,Lying,train,beef_00000000580000000_3_clip_1,1,front,0.999,0.0084,0.999,0.0003,0.0007,False
beef_cattle_behavior,Lying,train,beef_00000000580000000_3_clip_1,2,front,0.9971,0.0217,0.9971,0.0018,0.0011,False
beef_cattle_behavior,Lying,train,beef_00000000580000000_3_clip_1,3,front,0.9989,0.0093,0.9989,0.0007,0.0004,False
beef_cattle_behavior,Lying,train,beef_00000000580000000_3_clip_1,4,front,0.9998,0.0022,0.9998,0.0001,0.0001,False
beef_cattle_behavior,Lying,train,beef_00000000580000000_3_clip_1,5,front,0.9995,0.0047,0.9995,0.0002,0.0003,False
beef_cattle_behavior,Lying,train,beef_00000000580000000_3_clip_1,6,front,0.9993,0.0063,0.9993,0.0003,0.0004,False
beef_cattle_behavior,Lying,train,beef_00000000580000000_3_clip_1,7,front,0.9994,0.0053,0.9994,0.0002,0.0004,False
beef_cattle_behavior,Lying,train,beef_00000000109000000_4_clip_131,0,side,0.6592,0.7433,0.3108,0.6592,0.0301,False
beef_cattle_behavior,Lying,train,beef_00000000109000000_4_clip_131,1,front,0.6709,0.8615,0.6709,0.1698,0.1593,False
beef_cattle_behavior,Lying,train,beef_00000000109000000_4_clip_131,2,front,0.6473,0.8224,0.6473,0.2844,0.0683,False
beef_cattle_behavior,Lying,train,beef_00000000109000000_4_clip_131,3,front,0.8866,0.4108,0.8866,0.0903,0.023,False
beef_cattle_behavior,Lying,train,beef_00000000109000000_4_clip_131,4,front,0.8745,0.4476,0.8745,0.0946,0.0308,False
beef_cattle_behavior,Lying,train,beef_00000000109000000_4_clip_131,5,front,0.6865,0.7894,0.6865,0.2426,0.0709,False
beef_cattle_behavior,Lying,train,beef_00000000109000000_4_clip_131,6,front,0.7681,0.6624,0.7681,0.1819,0.05,False
beef_cattle_behavior,Lying,train,beef_00000000109000000_4_clip_131,7,front,0.786,0.5896,0.786,0.1922,0.0218,False
beef_cattle_behavior,Lying,train,beef_00000000111000000_4_clip_42,0,front,0.5999,0.8228,0.5999,0.3506,0.0495,False
beef_cattle_behavior,Lying,train,beef_00000000111000000_4_clip_42,1,front,0.7182,0.79,0.7182,0.1408,0.141,False
beef_cattle_behavior,Lying,train,beef_00000000111000000_4_clip_42,2,front,0.8061,0.6215,0.8061,0.1186,0.0753,False
beef_cattle_behavior,Lying,train,beef_00000000111000000_4_clip_42,3,front,0.7886,0.6116,0.7886,0.1759,0.0355,False
beef_cattle_behavior,Lying,train,beef_00000000111000000_4_clip_42,4,front,0.6092,0.7885,0.6092,0.3551,0.0357,False
beef_cattle_behavior,Lying,train,beef_00000000111000000_4_clip_42,5,front,0.896,0.4049,0.896,0.0595,0.0445,False
beef_cattle_behavior,Lying,train,beef_00000000111000000_4_clip_42,6,front,0.9569,0.2054,0.9569,0.0281,0.015,False
beef_cattle_behavior,Lying,train,beef_00000000111000000_4_clip_42,7,front,0.6991,0.7925,0.6991,0.2141,0.0868,False
beef_cattle_behavior,Lying,val,beef_00000000514000000_3_clip_40,0,front,0.6285,0.8912,0.6285,0.2545,0.117,False
beef_cattle_behavior,Lying,val,beef_00000000514000000_3_clip_40,1,side,0.3789,1.0889,0.3505,0.3789,0.2706,True
beef_cattle_behavior,Lying,val,beef_00000000514000000_3_clip_40,2,side,0.4389,1.0377,0.3811,0.4389,0.18,True
beef_cattle_behavior,Lying,val,beef_00000000514000000_3_clip_40,3,front,0.7596,0.7157,0.7596,0.1026,0.1379,False
beef_cattle_behavior,Lying,val,beef_00000000514000000_3_clip_40,4,front,0.562,0.9788,0.562,0.1719,0.2661,False
beef_cattle_behavior,Lying,val,beef_00000000514000000_3_clip_40,5,front,0.5872,0.964,0.5872,0.2072,0.2056,False
beef_cattle_behavior,Lying,val,beef_00000000514000000_3_clip_40,6,front,0.5636,0.9794,0.5636,0.1762,0.2602,False
beef_cattle_behavior,Lying,val,beef_00000000514000000_3_clip_40,7,front,0.879,0.4429,0.879,0.0845,0.0365,False
beef_cattle_behavior,Lying,val,beef_00000000514000000_3_clip_49,0,front,0.4194,1.0736,0.4194,0.3412,0.2394,True
beef_cattle_behavior,Lying,val,beef_00000000514000000_3_clip_49,1,side,0.5162,1.0232,0.276,0.5162,0.2079,False
beef_cattle_behavior,Lying,val,beef_00000000514000000_3_clip_49,2,side,0.722,0.7558,0.2002,0.722,0.0778,False
beef_cattle_behavior,Lying,val,beef_00000000514000000_3_clip_49,3,side,0.5637,0.9873,0.2243,0.5637,0.212,False
beef_cattle_behavior,Lying,val,beef_00000000514000000_3_clip_49,4,side,0.4121,1.0794,0.335,0.4121,0.253,True
beef_cattle_behavior,Lying,val,beef_00000000514000000_3_clip_49,5,front,0.3893,1.088,0.3893,0.2717,0.339,True
beef_cattle_behavior,Lying,val,beef_00000000514000000_3_clip_49,6,front,0.4379,1.0707,0.4379,0.3158,0.2463,True
beef_cattle_behavior,Lying,val,beef_00000000514000000_3_clip_49,7,side,0.5497,0.9946,0.2608,0.5497,0.1895,False
beef_cattle_behavior,Feeding,train,beef_195_4_clip_0,0,front,0.6131,0.7507,0.6131,0.0216,0.3653,False
beef_cattle_behavior,Feeding,train,beef_195_4_clip_0,1,front,0.7302,0.6709,0.7302,0.027,0.2428,False
beef_cattle_behavior,Feeding,train,beef_195_4_clip_0,2,front,0.7052,0.6462,0.7052,0.0089,0.286,False
beef_cattle_behavior,Feeding,train,beef_195_4_clip_0,3,front,0.6958,0.7095,0.6958,0.0288,0.2754,False
beef_cattle_behavior,Feeding,train,beef_195_4_clip_0,4,front,0.7358,0.6239,0.7358,0.0112,0.253,False
beef_cattle_behavior,Feeding,train,beef_195_4_clip_0,5,front,0.851,0.454,0.851,0.0087,0.1403,False
beef_cattle_behavior,Feeding,train,beef_195_4_clip_0,6,front,0.8571,0.4556,0.8571,0.0138,0.1291,False
beef_cattle_behavior,Feeding,train,beef_195_4_clip_0,7,front,0.8739,0.4112,0.8739,0.0089,0.1171,False
beef_cattle_behavior,Feeding,train,beef_102_4_clip_0,0,front,0.9807,0.1054,0.9807,0.0041,0.0153,False
beef_cattle_behavior,Feeding,train,beef_102_4_clip_0,1,front,0.9693,0.1411,0.9693,0.0009,0.0298,False
beef_cattle_behavior,Feeding,train,beef_102_4_clip_0,2,front,0.8499,0.4303,0.8499,0.0013,0.1488,False
beef_cattle_behavior,Feeding,train,beef_102_4_clip_0,3,front,0.9385,0.2409,0.9385,0.0023,0.0592,False
beef_cattle_behavior,Feeding,train,beef_102_4_clip_0,4,front,0.9608,0.1686,0.9608,0.0006,0.0386,False
beef_cattle_behavior,Feeding,train,beef_102_4_clip_0,5,front,0.9922,0.047,0.9922,0.0003,0.0076,False
beef_cattle_behavior,Feeding,train,beef_102_4_clip_0,6,front,0.9921,0.0468,0.9921,0.0001,0.0078,False
beef_cattle_behavior,Feeding,train,beef_102_4_clip_0,7,front,0.9974,0.0194,0.9974,0.0005,0.0021,False
beef_cattle_behavior,Feeding,train,beef_154_6_clip_0,0,front,0.8956,0.3655,0.8956,0.0091,0.0953,False
beef_cattle_behavior,Feeding,train,beef_154_6_clip_0,1,front,0.7993,0.5248,0.7993,0.005,0.1957,False
beef_cattle_behavior,Feeding,train,beef_154_6_clip_0,2,front,0.8483,0.5224,0.8483,0.0509,0.1008,False
beef_cattle_behavior,Feeding,train,beef_154_6_clip_0,3,front,0.9182,0.316,0.9182,0.0113,0.0706,False
beef_cattle_behavior,Feeding,train,beef_154_6_clip_0,4,front,0.9037,0.3358,0.9037,0.0048,0.0915,False
beef_cattle_behavior,Feeding,train,beef_154_6_clip_0,5,front,0.9569,0.1827,0.9569,0.0011,0.042,False
beef_cattle_behavior,Feeding,train,beef_154_6_clip_0,6,front,0.9656,0.1576,0.9656,0.0021,0.0323,False
beef_cattle_behavior,Feeding,train,beef_154_6_clip_0,7,front,0.8524,0.4425,0.8524,0.0056,0.142,False
beef_cattle_behavior,Feeding,train,beef_180_1_clip_0,0,rear,0.5341,0.7667,0.448,0.0179,0.5341,False
beef_cattle_behavior,Feeding,train,beef_180_1_clip_0,1,rear,0.5654,0.8516,0.3785,0.056,0.5654,False
beef_cattle_behavior,Feeding,train,beef_180_1_clip_0,2,rear,0.6478,0.7545,0.3208,0.0314,0.6478,False
beef_cattle_behavior,Feeding,train,beef_180_1_clip_0,3,front,0.7243,0.652,0.7243,0.0168,0.2589,False
beef_cattle_behavior,Feeding,train,beef_180_1_clip_0,4,front,0.7289,0.6258,0.7289,0.0096,0.2615,False
beef_cattle_behavior,Feeding,train,beef_180_1_clip_0,5,rear,0.5546,0.7151,0.4403,0.0051,0.5546,False
beef_cattle_behavior,Feeding,train,beef_180_1_clip_0,6,front,0.9692,0.1393,0.9692,0.0003,0.0306,False
beef_cattle_behavior,Feeding,train,beef_180_1_clip_0,7,front,0.7323,0.5966,0.7323,0.0028,0.2649,False
beef_cattle_behavior,Feeding,val,beef_175_2_clip_0,0,front,0.8493,0.4983,0.8493,0.0294,0.1213,False
beef_cattle_behavior,Feeding,val,beef_175_2_clip_0,1,front,0.8617,0.4289,0.8617,0.0068,0.1316,False
beef_cattle_behavior,Feeding,val,beef_175_2_clip_0,2,front,0.849,0.4756,0.849,0.016,0.135,False
beef_cattle_behavior,Feeding,val,beef_175_2_clip_0,3,front,0.9287,0.2613,0.9287,0.0008,0.0705,False
beef_cattle_behavior,Feeding,val,beef_175_2_clip_0,4,front,0.9448,0.2192,0.9448,0.0012,0.054,False
beef_cattle_behavior,Feeding,val,beef_175_2_clip_0,5,front,0.7808,0.5713,0.7808,0.0116,0.2076,False
beef_cattle_behavior,Feeding,val,beef_175_2_clip_0,6,front,0.9524,0.2058,0.9524,0.0043,0.0433,False
beef_cattle_behavior,Feeding,val,beef_175_2_clip_0,7,front,0.9926,0.0442,0.9926,0.0001,0.0073,False
beef_cattle_behavior,Feeding,val,beef_186_6_clip_0,0,front,0.9882,0.0689,0.9882,0.0018,0.01,False
beef_cattle_behavior,Feeding,val,beef_186_6_clip_0,1,front,0.9954,0.0323,0.9954,0.0014,0.0032,False
beef_cattle_behavior,Feeding,val,beef_186_6_clip_0,2,front,0.9808,0.1052,0.9808,0.0044,0.0148,False
beef_cattle_behavior,Feeding,val,beef_186_6_clip_0,3,front,0.9397,0.2602,0.9397,0.0136,0.0467,False
beef_cattle_behavior,Feeding,val,beef_186_6_clip_0,4,front,0.9469,0.2254,0.9469,0.0056,0.0475,False
beef_cattle_behavior,Feeding,val,beef_186_6_clip_0,5,front,0.9934,0.0429,0.9934,0.0013,0.0053,False
beef_cattle_behavior,Feeding,val,beef_186_6_clip_0,6,front,0.9957,0.0293,0.9957,0.0005,0.0038,False
beef_cattle_behavior,Feeding,val,beef_186_6_clip_0,7,front,0.9972,0.02,0.9972,0.0002,0.0026,False
beef_cattle_behavior,Drinking,train,beef_49_5_clip_0,0,front,0.964,0.1577,0.964,0.0005,0.0356,False
beef_cattle_behavior,Drinking,train,beef_49_5_clip_0,1,front,0.983,0.0874,0.983,0.0003,0.0167,False
beef_cattle_behavior,Drinking,train,beef_49_5_clip_0,2,front,0.8746,0.3832,0.8746,0.0009,0.1245,False
beef_cattle_behavior,Drinking,train,beef_49_5_clip_0,3,front,0.8736,0.3885,0.8736,0.0017,0.1247,False
beef_cattle_behavior,Drinking,train,beef_49_5_clip_0,4,front,0.9199,0.286,0.9199,0.0014,0.0787,False
beef_cattle_behavior,Drinking,train,beef_49_5_clip_0,5,front,0.8699,0.3954,0.8699,0.0016,0.1285,False
beef_cattle_behavior,Drinking,train,beef_49_5_clip_0,6,front,0.9987,0.0101,0.9987,0.0,0.0013,False
beef_cattle_behavior,Drinking,train,beef_49_5_clip_0,7,front,0.9979,0.0153,0.9979,0.0,0.0021,False
beef_cattle_behavior,Drinking,train,beef_29_3_clip_0,0,front,0.978,0.1076,0.978,0.0004,0.0216,False
beef_cattle_behavior,Drinking,train,beef_29_3_clip_0,1,front,0.998,0.0148,0.998,0.0,0.002,False
beef_cattle_behavior,Drinking,train,beef_29_3_clip_0,2,front,0.9791,0.1033,0.9791,0.0004,0.0205,False
beef_cattle_behavior,Drinking,train,beef_29_3_clip_0,3,front,0.983,0.0871,0.983,0.0002,0.0168,False
beef_cattle_behavior,Drinking,train,beef_29_3_clip_0,4,front,0.9907,0.0532,0.9907,0.0001,0.0092,False
beef_cattle_behavior,Drinking,train,beef_29_3_clip_0,5,front,0.9803,0.098,0.9803,0.0002,0.0196,False
beef_cattle_behavior,Drinking,train,beef_29_3_clip_0,6,front,0.9568,0.1814,0.9568,0.0006,0.0426,False
beef_cattle_behavior,Drinking,train,beef_29_3_clip_0,7,front,0.984,0.0837,0.984,0.0004,0.0156,False
beef_cattle_behavior,Drinking,train,beef_82_4_clip_0,0,front,0.9922,0.0476,0.9922,0.0006,0.0072,False
beef_cattle_behavior,Drinking,train,beef_82_4_clip_0,1,front,0.9943,0.0358,0.9943,0.0001,0.0056,False
beef_cattle_behavior,Drinking,train,beef_82_4_clip_0,2,front,0.9939,0.0406,0.9939,0.0018,0.0043,False
beef_cattle_behavior,Drinking,train,beef_82_4_clip_0,3,front,0.9937,0.0423,0.9937,0.003,0.0033,False
beef_cattle_behavior,Drinking,train,beef_82_4_clip_0,4,front,0.9557,0.2119,0.9557,0.0216,0.0227,False
beef_cattle_behavior,Drinking,train,beef_82_4_clip_0,5,front,0.9744,0.1368,0.9744,0.0141,0.0115,False
beef_cattle_behavior,Drinking,train,beef_82_4_clip_0,6,front,0.92,0.3329,0.92,0.0471,0.0329,False
beef_cattle_behavior,Drinking,train,beef_82_4_clip_0,7,front,0.9413,0.2603,0.9413,0.0396,0.0191,False
beef_cattle_behavior,Drinking,train,beef_62_6_clip_0,0,front,0.9969,0.0226,0.9969,0.0026,0.0005,False
beef_cattle_behavior,Drinking,train,beef_62_6_clip_0,1,front,0.9958,0.0303,0.9958,0.0022,0.0021,False
beef_cattle_behavior,Drinking,train,beef_62_6_clip_0,2,front,0.9787,0.1143,0.9787,0.0164,0.0048,False
beef_cattle_behavior,Drinking,train,beef_62_6_clip_0,3,front,0.9151,0.3271,0.9151,0.0717,0.0132,False
beef_cattle_behavior,Drinking,train,beef_62_6_clip_0,4,front,0.9976,0.0187,0.9976,0.0013,0.0011,False
beef_cattle_behavior,Drinking,train,beef_62_6_clip_0,5,front,0.9932,0.0452,0.9932,0.0021,0.0047,False
beef_cattle_behavior,Drinking,train,beef_62_6_clip_0,6,front,0.9799,0.1107,0.9799,0.0141,0.006,False
beef_cattle_behavior,Drinking,train,beef_62_6_clip_0,7,front,0.9715,0.1453,0.9715,0.0217,0.0068,False
beef_cattle_behavior,Drinking,val,beef_3_4_clip_0,0,front,0.9964,0.0255,0.9964,0.0005,0.0031,False
beef_cattle_behavior,Drinking,val,beef_3_4_clip_0,1,front,0.9708,0.1455,0.9708,0.0052,0.024,False
beef_cattle_behavior,Drinking,val,beef_3_4_clip_0,2,front,0.9815,0.0968,0.9815,0.0012,0.0173,False
beef_cattle_behavior,Drinking,val,beef_3_4_clip_0,3,front,0.9755,0.1186,0.9755,0.0008,0.0237,False
beef_cattle_behavior,Drinking,val,beef_3_4_clip_0,4,front,0.9655,0.1546,0.9655,0.001,0.0335,False
beef_cattle_behavior,Drinking,val,beef_3_4_clip_0,5,front,0.9933,0.0414,0.9933,0.0002,0.0065,False
beef_cattle_behavior,Drinking,val,beef_3_4_clip_0,6,front,0.9426,0.2267,0.9426,0.0015,0.0558,False
beef_cattle_behavior,Drinking,val,beef_3_4_clip_0,7,front,0.986,0.0748,0.986,0.0002,0.0137,False
beef_cattle_behavior,Drinking,val,beef_12_4_clip_0,0,front,0.9157,0.3293,0.9157,0.0154,0.0689,False
beef_cattle_behavior,Drinking,val,beef_12_4_clip_0,1,front,0.9233,0.3058,0.9233,0.0131,0.0637,False
beef_cattle_behavior,Drinking,val,beef_12_4_clip_0,2,front,0.9559,0.1982,0.9559,0.006,0.0381,False
beef_cattle_behavior,Drinking,val,beef_12_4_clip_0,3,front,0.8946,0.3965,0.8946,0.0268,0.0786,False
beef_cattle_behavior,Drinking,val,beef_12_4_clip_0,4,front,0.8903,0.4086,0.8903,0.0284,0.0812,False
beef_cattle_behavior,Drinking,val,beef_12_4_clip_0,5,front,0.8924,0.3672,0.8924,0.0069,0.1007,False
beef_cattle_behavior,Drinking,val,beef_12_4_clip_0,6,front,0.9372,0.2581,0.9372,0.0077,0.0552,False
beef_cattle_behavior,Drinking,val,beef_12_4_clip_0,7,front,0.9116,0.3299,0.9116,0.0099,0.0786,False
