cow_id,cow_number,total_images,n_sessions,sessions_list,class_2_count,class_3_count,class_4_count,class_5_count,class_6_count,class_7_count,min_bcs,max_bcs,bcs_trajectory
Cow_1,1,141,3,Cow_1;Cow_1_27;Cow_1_6006,0,0,137,4,0,0,4,5,BCS_4(137) -> BCS_5(4)
Cow_2,2,62,4,Cow_2;Cow_2_1015;Cow_2_6006;Cow_2_6016,0,11,48,0,3,0,3,6,BCS_3(11) -> BCS_4(48) -> BCS_6(3)
Cow_3,3,141,4,Cow_3;Cow_3_25;Cow_3_3083;Cow_3_6018,0,11,12,113,5,0,3,6,BCS_3(11) -> BCS_4(12) -> BCS_5(113) -> BCS_6(5)
Cow_4,4,235,4,Cow_4;Cow_4_1;Cow_4_103;Cow_4_8036,0,0,221,11,3,0,4,6,BCS_4(221) -> BCS_5(11) -> BCS_6(3)
Cow_5,5,44,5,Cow_5;Cow_5_1;Cow_5_1018;Cow_5_273;Cow_5_8041,29,0,15,0,0,0,2,4,BCS_2(29) -> BCS_4(15)
Cow_6,6,27,3,Cow_6_103;Cow_6_5029;Cow_6_5051,0,10,0,17,0,0,3,5,BCS_3(10) -> BCS_5(17)
Cow_7,7,105,4,Cow_7;Cow_7_06;Cow_7_6022;Cow_7_9008,0,0,89,12,4,0,4,6,BCS_4(89) -> BCS_5(12) -> BCS_6(4)
Cow_8,8,71,4,Cow_8;Cow_8_2023;Cow_8_9012;Cow_8_NOTAG,0,13,54,4,0,0,3,5,BCS_3(13) -> BCS_4(54) -> BCS_5(4)
Cow_9,9,160,4,Cow_9;Cow_9_1044;Cow_9_NOTAG;Cow_9_NOTG,0,0,150,6,4,0,4,6,BCS_4(150) -> BCS_5(6) -> BCS_6(4)
Cow_10,10,105,4,Cow_10_0014;Cow_10_0029;Cow_10_1;Cow_10_2038,0,0,99,6,0,0,4,5,BCS_4(99) -> BCS_5(6)
Cow_11,11,530,5,Cow_11;Cow_11_0018;Cow_11_0075;Cow_11_07;Cow_11_2,501,0,23,0,6,0,2,6,BCS_2(501) -> BCS_4(23) -> BCS_6(6)
Cow_12,12,150,4,Cow_12;Cow_12_2014;Cow_12_6006;Cow_12_NOTAG,0,123,0,12,15,0,3,6,BCS_3(123) -> BCS_5(12) -> BCS_6(15)
Cow_13,13,149,4,Cow_13_1;Cow_13_66;Cow_13_8001;Cow_13_9025,0,0,9,136,4,0,4,6,BCS_4(9) -> BCS_5(136) -> BCS_6(4)
Cow_14,14,62,3,Cow_14;Cow_14_0011;Cow_14_1044,0,55,0,7,0,0,3,5,BCS_3(55) -> BCS_5(7)
Cow_15,15,97,2,Cow_15;Cow_15_68,0,0,7,90,0,0,4,5,BCS_4(7) -> BCS_5(90)
Cow_16,16,32,4,Cow_16_06;Cow_16_1;Cow_16_1004;Cow_16_2,0,27,0,0,5,0,3,6,BCS_3(27) -> BCS_6(5)
Cow_17,17,100,3,Cow_17;Cow_17_17;Cow_17_72,0,0,88,12,0,0,4,5,BCS_4(88) -> BCS_5(12)
Cow_18,18,101,3,Cow_18;Cow_18_1067;Cow_18_32,0,0,9,0,92,0,4,6,BCS_4(9) -> BCS_6(92)
Cow_19,19,140,3,Cow_19;Cow_19_0037;Cow_19_29,0,0,135,0,5,0,4,6,BCS_4(135) -> BCS_6(5)
Cow_20,20,104,3,Cow_20;Cow_20_0029;Cow_20_10,0,8,0,96,0,0,3,5,BCS_3(8) -> BCS_5(96)
Cow_21,21,125,3,Cow_21;Cow_21_4079;Cow_21_8029,16,0,0,109,0,0,2,5,BCS_2(16) -> BCS_5(109)
Cow_22,22,40,3,Cow_22_1;Cow_22_1004;Cow_22_6005,0,26,11,0,3,0,3,6,BCS_3(26) -> BCS_4(11) -> BCS_6(3)
Cow_23,23,218,3,Cow_23_1;Cow_23_1067;Cow_23_49,0,0,207,11,0,0,4,5,BCS_4(207) -> BCS_5(11)
Cow_24,24,110,3,Cow_24;Cow_24_08;Cow_24_7022,0,0,0,106,4,0,5,6,BCS_5(106) -> BCS_6(4)
Cow_25,25,345,3,Cow_25;Cow_25_6005;Cow_25_66,0,14,0,331,0,0,3,5,BCS_3(14) -> BCS_5(331)
Cow_26,26,80,3,Cow_26;Cow_26_5051;Cow_26_6,0,0,75,0,5,0,4,6,BCS_4(75) -> BCS_6(5)
Cow_27,27,53,4,Cow_27;Cow_27_1;Cow_27_14;Cow_27_9008,0,0,13,40,0,0,4,5,BCS_4(13) -> BCS_5(40)
Cow_28,28,180,3,Cow_28;Cow_28_3083;Cow_28_4024,0,0,0,176,4,0,5,6,BCS_5(176) -> BCS_6(4)
Cow_29,29,72,3,Cow_29;Cow_29_7007;Cow_29_NOTAG,0,0,9,60,3,0,4,6,BCS_4(9) -> BCS_5(60) -> BCS_6(3)
Cow_30,30,37,3,Cow_30;Cow_30_2021;Cow_30_30,0,0,22,15,0,0,4,5,BCS_4(22) -> BCS_5(15)
Cow_31,31,108,3,Cow_31;Cow_31_15;Cow_31_2024,0,0,93,15,0,0,4,5,BCS_4(93) -> BCS_5(15)
Cow_32,32,120,3,Cow_32;Cow_32_0035;Cow_32_34,0,0,19,98,3,0,4,6,BCS_4(19) -> BCS_5(98) -> BCS_6(3)
Cow_33,33,160,2,Cow_33;Cow_33_3008,0,6,154,0,0,0,3,4,BCS_3(6) -> BCS_4(154)
Cow_34,34,52,2,Cow_34;Cow_34_1,0,0,0,52,0,0,5,5,BCS_5(52)
Cow_35,35,221,2,Cow_35;Cow_35_1044,0,0,9,0,212,0,4,6,BCS_4(9) -> BCS_6(212)
Cow_36,36,212,1,Cow_36_1,0,0,0,0,212,0,6,6,BCS_6(212)
Cow_37,37,54,2,Cow_37;Cow_37_1,0,0,0,54,0,0,5,5,BCS_5(54)
Cow_38,38,34,1,Cow_38,0,0,0,34,0,0,5,5,BCS_5(34)
Cow_40,40,64,1,Cow_40,0,0,0,0,64,0,6,6,BCS_6(64)
Cow_41,41,253,2,Cow_41;Cow_41_1,0,0,253,0,0,0,4,4,BCS_4(253)
Cow_42,42,80,1,Cow_42,0,0,80,0,0,0,4,4,BCS_4(80)
Cow_43,43,13,1,Cow_43,0,0,0,13,0,0,5,5,BCS_5(13)
Cow_44,44,96,2,Cow_44_1;Cow_44_3008,0,0,94,2,0,0,4,5,BCS_4(94) -> BCS_5(2)
Cow_45,45,103,2,Cow_45;Cow_45_9025,0,0,0,99,4,0,5,6,BCS_5(99) -> BCS_6(4)
Cow_46,46,220,3,Cow_46;Cow_46_1;Cow_46_2,0,220,0,0,0,0,3,3,BCS_3(220)
Cow_47,47,14,2,Cow_47_1;Cow_47_68,0,0,12,0,2,0,4,6,BCS_4(12) -> BCS_6(2)
Cow_48,48,21,2,Cow_48;Cow_48_1018,0,0,19,2,0,0,4,5,BCS_4(19) -> BCS_5(2)
Cow_49,49,20,2,Cow_49;Cow_49_72,0,0,17,3,0,0,4,5,BCS_4(17) -> BCS_5(3)
Cow_50,50,194,2,Cow_50;Cow_50_49,0,0,0,194,0,0,5,5,BCS_5(194)
Cow_51,51,14,2,Cow_51;Cow_51_0035,0,0,14,0,0,0,4,4,BCS_4(14)
Cow_52,52,22,2,Cow_52;Cow_52_29,0,0,0,0,5,17,6,7,BCS_6(5) -> BCS_7(17)
Cow_53,53,16,2,Cow_53;Cow_53_30,0,12,0,4,0,0,3,5,BCS_3(12) -> BCS_5(4)
Cow_54,54,18,1,Cow_54,0,0,0,18,0,0,5,5,BCS_5(18)
Cow_55,55,15,1,Cow_55,0,0,15,0,0,0,4,4,BCS_4(15)
